date,sector,vader_sentiment,finvader_sentiment
2020-01-03,Comm,0.15474545454545455,0.1536
2020-01-06,Comm,0.18076666666666666,0.01933333333333333
2020-01-07,Comm,0.15919374999999997,0.06509375
2020-01-08,Comm,0.17558,0.1444
2020-01-09,Comm,0.14944,0.035504999999999995
2020-01-10,Comm,0.21763333333333335,0.010116666666666663
2020-01-13,Comm,0.14297500000000002,-0.0511875
2020-01-14,Comm,0.012271428571428575,0.029214285714285717
2020-01-15,Comm,0.11655,0.059175
2020-01-16,Comm,-0.03062222222222223,-0.012922222222222224
2020-01-17,Comm,0.18227647058823526,0.09541764705882352
2020-01-21,Comm,0.11887500000000001,0.0613375
2020-01-22,Comm,-0.0007315789473684135,0.03136842105263158
2020-01-23,Comm,0.274125,-0.082925
2020-01-24,Comm,0.12577727272727274,0.16293636363636363
2020-01-27,Comm,0.10324583333333333,0.017133333333333337
2020-01-28,Comm,-0.061455,-0.022155
2020-01-29,Comm,0.07077333333333334,0.021546666666666665
2020-01-30,Comm,0.2760818181818182,0.10436363636363638
2020-01-31,Comm,0.04832222222222223,-0.0038388888888888886
2020-02-03,Comm,-0.03218666666666666,-0.010773333333333338
2020-02-04,Comm,0.1541857142857143,0.12153333333333334
2020-02-05,Comm,0.14227058823529412,0.19871764705882353
2020-02-06,Comm,0.05936666666666668,0.03312500000000001
2020-02-07,Comm,0.11078947368421055,0.06183684210526316
2020-02-10,Comm,0.06486153846153846,0.043461538461538475
2020-02-11,Comm,0.11606999999999998,0.052225
2020-02-12,Comm,0.13359583333333333,0.05426666666666668
2020-02-13,Comm,0.14704444444444442,0.021527777777777774
2020-02-14,Comm,0.09333,0.072765
2020-02-18,Comm,0.6249,0.5859
2020-02-19,Comm,0.06699565217391305,0.033578260869565224
2020-02-20,Comm,0.17224285714285711,0.12282857142857144
2020-02-21,Comm,0.10535333333333333,0.1383
2020-02-24,Comm,-0.07791428571428571,0.09237142857142856
2020-02-25,Comm,0.08485000000000001,0.09136
2020-02-26,Comm,0.07808000000000001,-0.06477999999999999
2020-02-27,Comm,0.1739,0.051590000000000004
2020-02-28,Comm,0.1239125,-0.11205000000000001
2020-03-02,Comm,-0.03708823529411764,-0.09467647058823529
2020-03-03,Comm,0.09938823529411765,0.11811764705882354
2020-03-04,Comm,0.09288181818181816,0.08887272727272727
2020-03-05,Comm,0.07007142857142856,0.018457142857142856
2020-03-06,Comm,0.14621,0.06606999999999999
2020-03-09,Comm,0.09315,-0.04468333333333333
2020-03-10,Comm,-0.007587499999999997,0.0019312500000000024
2020-03-11,Comm,-0.06936666666666666,-0.06644444444444444
2020-03-12,Comm,0.14388888888888887,0.07697777777777778
2020-03-13,Comm,-0.00865,-0.02546666666666667
2020-03-16,Comm,0.10541249999999999,0.023081249999999998
2020-03-17,Comm,0.013149999999999995,0.009950000000000002
2020-03-18,Comm,0.07985294117647058,0.06280588235294117
2020-03-19,Comm,0.06863636363636365,0.02914545454545455
2020-03-20,Comm,0.016164285714285718,0.04787857142857143
2020-03-23,Comm,0.04658333333333333,-0.10926666666666668
2020-03-24,Comm,0.13156071428571428,0.06504285714285714
2020-03-25,Comm,0.11122777777777777,0.05671666666666667
2020-03-26,Comm,0.16664,0.07895999999999999
2020-03-27,Comm,0.11303076923076921,0.16816923076923077
2020-03-30,Comm,0.2009181818181818,0.10117272727272728
2020-03-31,Comm,0.22336666666666669,0.07232666666666666
2020-04-01,Comm,0.13063333333333335,0.11969999999999999
2020-04-02,Comm,0.08778095238095239,0.09987142857142858
2020-04-03,Comm,-0.11654,-0.0172
2020-04-06,Comm,0.15645,0.08418125
2020-04-07,Comm,0.30491250000000003,0.07918750000000001
2020-04-08,Comm,0.150545,0.08275999999999999
2020-04-09,Comm,0.07796923076923076,0.05643846153846154
2020-04-13,Comm,-0.030118749999999996,-0.01565625
2020-04-14,Comm,-0.0491,-0.14029375
2020-04-15,Comm,0.20731249999999998,0.14639375000000002
2020-04-16,Comm,0.177175,0.03149375
2020-04-17,Comm,0.1505625,0.11807499999999999
2020-04-20,Comm,0.04840666666666667,0.06373333333333334
2020-04-21,Comm,0.09888333333333332,0.08891666666666669
2020-04-22,Comm,0.12034000000000002,0.07300666666666668
2020-04-23,Comm,0.01686538461538462,0.05411923076923077
2020-04-24,Comm,0.091675,0.0025500000000000015
2020-04-27,Comm,0.04894705882352942,0.04501764705882353
2020-04-28,Comm,0.11274285714285714,0.07751428571428572
2020-04-29,Comm,0.042436111111111105,-0.0025638888888888842
2020-04-30,Comm,0.07764736842105265,0.11003684210526316
2020-05-01,Comm,-0.016429629629629624,0.05505925925925926
2020-05-04,Comm,-0.02388947368421053,-0.003989473684210522
2020-05-05,Comm,0.1277565217391304,0.05743478260869565
2020-05-06,Comm,0.11122571428571429,0.15916857142857146
2020-05-07,Comm,-0.0200909090909091,0.051496969696969694
2020-05-08,Comm,0.055678260869565226,0.11064782608695653
2020-05-11,Comm,0.17895555555555556,0.16956666666666667
2020-05-12,Comm,0.15067826086956523,0.051039130434782615
2020-05-13,Comm,0.08201111111111112,0.05773333333333334
2020-05-14,Comm,-0.03610000000000001,-0.15975
2020-05-15,Comm,0.09082142857142858,0.00911428571428571
2020-05-18,Comm,0.10458125,0.05045625
2020-05-19,Comm,0.06212500000000001,0.021399999999999995
2020-05-20,Comm,0.05081,0.06519
2020-05-21,Comm,0.024207407407407407,0.09002222222222223
2020-05-22,Comm,0.03307272727272728,0.0055
2020-05-26,Comm,0.0477,0.10922000000000001
2020-05-27,Comm,0.125855,0.11983999999999999
2020-05-28,Comm,0.044486363636363636,0.010036363636363633
2020-05-29,Comm,0.07625217391304348,0.0510695652173913
2020-06-01,Comm,0.21220714285714284,0.1258142857142857
2020-06-02,Comm,0.16337647058823526,-0.015852941176470594
2020-06-03,Comm,0.3447444444444444,0.2069222222222222
2020-06-04,Comm,-0.09344166666666666,-0.00030000000000000165
2020-06-05,Comm,0.04573636363636364,-0.0010818181818181857
2020-06-08,Comm,0.0793272727272727,0.1340090909090909
2020-06-09,Comm,-0.019968749999999993,-0.05521875
2020-06-10,Comm,0.0,-0.004066666666666666
2020-06-11,Comm,-0.050799999999999984,-0.11938333333333333
2020-06-12,Comm,-0.0033214285714285702,0.09655000000000001
2020-06-15,Comm,0.11055555555555556,0.02943333333333333
2020-06-16,Comm,0.03999999999999999,0.004887499999999995
2020-06-17,Comm,0.010804347826086956,-0.025265217391304346
2020-06-18,Comm,0.08856666666666668,0.06860000000000001
2020-06-19,Comm,-0.008775000000000002,0.12347500000000002
2020-06-22,Comm,0.13573636363636365,-0.007872727272727269
2020-06-23,Comm,0.14536363636363636,0.014745454545454534
2020-06-24,Comm,0.21655,0.1047
2020-06-25,Comm,0.20215624999999998,0.0670375
2020-06-26,Comm,0.08204,0.05317000000000001
2020-06-29,Comm,0.31616,0.0514
2020-06-30,Comm,0.07707727272727273,0.09545
2020-07-01,Comm,0.07807777777777777,0.0018666666666666669
2020-07-02,Comm,-0.04573333333333333,0.0695
2020-07-06,Comm,-0.025414285714285716,0.013442857142857144
2020-07-07,Comm,0.048138095238095244,0.06810952380952381
2020-07-08,Comm,0.08132142857142857,0.08489285714285713
2020-07-09,Comm,-0.11547500000000001,0.058662499999999985
2020-07-10,Comm,0.21711666666666665,0.05313333333333333
2020-07-13,Comm,0.0,0.011625
2020-07-14,Comm,0.07229090909090909,0.05283636363636364
2020-07-15,Comm,0.11311,0.10053000000000001
2020-07-16,Comm,0.1026142857142857,0.18338571428571426
2020-07-17,Comm,0.11742857142857144,0.05984285714285714
2020-07-20,Comm,-0.4989,-0.53915
2020-07-21,Comm,0.15363749999999998,0.1059375
2020-07-22,Comm,0.18483,0.12078
2020-07-23,Comm,0.12845714285714285,0.11065714285714286
2020-07-24,Comm,-0.07498999999999999,-0.004679999999999995
2020-07-27,Comm,0.0423388888888889,-0.030005555555555556
2020-07-28,Comm,0.14368,0.06326
2020-07-29,Comm,0.1744777777777778,0.129
2020-07-30,Comm,0.01189166666666667,0.07609166666666665
2020-07-31,Comm,0.09852666666666667,0.10446666666666668
2020-08-03,Comm,0.20481666666666665,0.01035
2020-08-04,Comm,0.22839090909090906,0.0851
2020-08-05,Comm,0.027957142857142864,0.10720476190476191
2020-08-06,Comm,0.10105,0.11721
2020-08-07,Comm,0.20966923076923075,0.1400615384615385
2020-08-10,Comm,0.08345714285714285,0.022921428571428572
2020-08-11,Comm,0.23953636363636363,0.17576363636363637
2020-08-12,Comm,0.10028888888888889,0.0902222222222222
2020-08-13,Comm,0.15467142857142857,0.010499999999999999
2020-08-14,Comm,0.059199999999999996,0.12033
2020-08-17,Comm,-0.05303333333333333,-0.04766666666666666
2020-08-18,Comm,0.1826111111111111,0.12097777777777778
2020-08-19,Comm,0.04926153846153847,0.09176923076923077
2020-08-20,Comm,0.0,-0.0077
2020-08-21,Comm,0.016,0.0535375
2020-08-24,Comm,0.05682,0.11434000000000002
2020-08-25,Comm,0.010616666666666663,-0.13790000000000002
2020-08-26,Comm,0.0625,0.15445
2020-08-27,Comm,0.09420999999999999,0.06344
2020-08-28,Comm,0.06743333333333333,-0.001733333333333334
2020-08-31,Comm,0.10521428571428572,0.021085714285714284
2020-09-01,Comm,0.14021999999999998,0.09054
2020-09-02,Comm,0.210575,0.09665
2020-09-03,Comm,0.2347142857142857,0.1737
2020-09-04,Comm,0.20597,-0.009659999999999997
2020-09-08,Comm,0.22272857142857144,0.008285714285714285
2020-09-09,Comm,0.29078333333333334,-0.008716666666666664
2020-09-10,Comm,0.23836,0.28562000000000004
2020-09-11,Comm,-0.07716666666666666,-0.16266666666666665
2020-09-14,Comm,-0.01105,0.02385
2020-09-15,Comm,0.072225,0.12869166666666668
2020-09-16,Comm,0.032809090909090906,0.0399
2020-09-17,Comm,0.1810125,-0.0863875
2020-09-18,Comm,0.24434,0.07692
2020-09-21,Comm,0.18467142857142857,-0.040542857142857144
2020-09-22,Comm,0.14420588235294116,0.15165882352941176
2020-09-23,Comm,0.28456,0.060640000000000006
2020-09-24,Comm,0.1585,0.021933333333333332
2020-09-25,Comm,0.13651428571428573,0.0691857142857143
2020-09-28,Comm,-0.1943,0.005133333333333333
2020-09-29,Comm,0.21684375,0.055618749999999995
2020-09-30,Comm,0.0593,0.06786666666666667
2020-10-01,Comm,0.17758,-0.020059999999999998
2020-10-02,Comm,0.0237,0.05329999999999999
2020-10-05,Comm,-0.16215,0.028975000000000008
2020-10-06,Comm,0.20905000000000004,0.08046666666666666
2020-10-07,Comm,0.10792857142857144,0.0479
2020-10-08,Comm,0.3566666666666667,0.017766666666666653
2020-10-09,Comm,-0.14294999999999997,0.006187500000000006
2020-10-12,Comm,0.15010714285714286,0.12867142857142858
2020-10-13,Comm,-0.03181428571428571,-0.04467142857142857
2020-10-14,Comm,-0.1511,-0.061075
2020-10-15,Comm,0.1458846153846154,0.1844769230769231
2020-10-16,Comm,0.34256000000000003,0.012879999999999999
2020-10-19,Comm,0.013566666666666652,0.06446666666666666
2020-10-20,Comm,0.2037153846153846,0.14734615384615385
2020-10-21,Comm,0.0,0.0051333333333333335
2020-10-22,Comm,0.05586666666666667,-0.05855
2020-10-23,Comm,0.0675875,0.04096875
2020-10-26,Comm,0.1584111111111111,-0.030400000000000007
2020-10-27,Comm,0.028052941176470593,0.0028588235294117895
2020-10-28,Comm,0.0,0.009
2020-10-29,Comm,0.12079411764705883,0.0813
2020-10-30,Comm,0.10145294117647058,0.12308823529411766
2020-11-02,Comm,0.18313333333333334,0.22306666666666666
2020-11-03,Comm,0.040810526315789464,0.009210526315789476
2020-11-04,Comm,-0.02213333333333333,0.05225333333333333
2020-11-05,Comm,-0.018583333333333337,-0.023225
2020-11-06,Comm,0.03049473684210526,-0.009436842105263155
2020-11-09,Comm,0.08771086956521738,0.01862391304347826
2020-11-10,Comm,0.1893111111111111,0.15448333333333336
2020-11-11,Comm,0.04715714285714286,0.05444285714285714
2020-11-12,Comm,-0.07214444444444444,0.0031555555555555555
2020-11-13,Comm,0.08051428571428572,-0.0232
2020-11-16,Comm,0.10499230769230769,0.07256153846153846
2020-11-17,Comm,0.126475,0.09333333333333334
2020-11-18,Comm,0.13853333333333331,-0.07194166666666667
2020-11-19,Comm,0.001572727272727271,0.007372727272727273
2020-11-20,Comm,0.02255,0.017159999999999995
2020-11-23,Comm,-0.037386666666666665,0.01734
2020-11-24,Comm,-0.009011111111111093,-0.09697777777777777
2020-11-25,Comm,-0.015169999999999994,0.019600000000000003
2020-11-27,Comm,0.2457666666666667,0.30241666666666667
2020-11-30,Comm,0.2934333333333333,0.13426666666666667
2020-12-01,Comm,0.07543333333333334,0.013550000000000001
2020-12-02,Comm,0.1468,0.13244999999999998
2020-12-03,Comm,-0.24695,-0.24355
2020-12-04,Comm,0.12177500000000001,0.05555
2020-12-07,Comm,0.19556,0.04933
2020-12-08,Comm,0.14828333333333332,0.08355833333333333
2020-12-09,Comm,-0.0027769230769230744,0.05796923076923077
2020-12-10,Comm,0.16376363636363636,0.0333
2020-12-11,Comm,0.078225,0.03619166666666667
2020-12-14,Comm,0.1389,0.09567
2020-12-15,Comm,0.0739258064516129,0.039245161290322586
2020-12-16,Comm,0.25537777777777776,0.12437777777777777
2020-12-17,Comm,0.0,0.12441666666666668
2020-12-18,Comm,0.0856625,0.0386625
2020-12-21,Comm,0.020025,0.1841375
2020-12-22,Comm,0.14589444444444444,0.08507222222222223
2020-12-23,Comm,0.009157142857142864,0.05554285714285715
2020-12-24,Comm,0.10846,0.20221999999999998
2020-12-28,Comm,0.08195000000000001,0.008674999999999999
2020-12-29,Comm,0.05249999999999999,0.06672
2020-12-30,Comm,0.12114285714285714,0.019571428571428573
2020-12-31,Comm,0.1531,0.24512499999999998
2021-01-04,Comm,0.14016363636363635,0.03963636363636364
2021-01-05,Comm,0.02541999999999999,-0.017649999999999992
2021-01-06,Comm,0.07984117647058823,0.09461176470588237
2021-01-07,Comm,0.24320769230769232,0.17135384615384613
2021-01-08,Comm,0.17656,0.13242
2021-01-11,Comm,0.0,-0.08612500000000001
2021-01-12,Comm,0.20099230769230766,0.04188461538461538
2021-01-13,Comm,-0.11251666666666667,-0.09928333333333335
2021-01-14,Comm,0.00039000000000000146,-0.05932
2021-01-15,Comm,0.08594166666666668,0.010550000000000002
2021-01-19,Comm,0.22091666666666665,0.015916666666666666
2021-01-20,Comm,0.032021428571428576,-0.038085714285714285
2021-01-21,Comm,-0.21661666666666668,-0.11906666666666667
2021-01-22,Comm,-0.05643,0.06914999999999999
2021-01-25,Comm,0.15514166666666665,0.17454999999999998
2021-01-26,Comm,0.06728076923076923,0.05127307692307692
2021-01-27,Comm,-0.009709999999999996,-0.04438999999999999
2021-01-28,Comm,0.006036363636363632,-0.005018181818181816
2021-01-29,Comm,0.15461666666666665,0.124025
2021-02-01,Comm,0.1162294117647059,0.04874705882352941
2021-02-02,Comm,0.3158909090909091,0.1793090909090909
2021-02-03,Comm,0.08955555555555555,0.0903111111111111
2021-02-04,Comm,0.013940000000000003,0.0041800000000000006
2021-02-05,Comm,-0.01116666666666667,0.04398888888888889
2021-02-08,Comm,0.0044083333333333335,0.06860000000000001
2021-02-09,Comm,0.007047619047619048,-0.03665714285714286
2021-02-10,Comm,0.025600000000000005,0.11568461538461537
2021-02-11,Comm,-0.13019,-0.020940000000000007
2021-02-12,Comm,0.1385,0.10885454545454545
2021-02-16,Comm,0.3825,0.02775
2021-02-17,Comm,0.09421538461538462,0.10374230769230769
2021-02-18,Comm,-0.023179999999999996,0.07638
2021-02-19,Comm,0.09866666666666667,0.0032166666666666663
2021-02-22,Comm,0.106,0.16153333333333333
2021-02-23,Comm,0.17515000000000003,0.0944125
2021-02-24,Comm,0.31647142857142857,0.2298714285714286
2021-02-25,Comm,0.019215384615384617,0.09249230769230768
2021-02-26,Comm,0.009587499999999999,0.034850000000000006
2021-03-01,Comm,0.13104444444444444,0.07002222222222222
2021-03-02,Comm,0.040869230769230776,0.032161538461538464
2021-03-03,Comm,0.23031428571428572,0.0661
2021-03-04,Comm,0.12357777777777779,-0.0031555555555555542
2021-03-05,Comm,0.20973999999999998,0.18448
2021-03-08,Comm,0.07199166666666666,0.08365833333333332
2021-03-09,Comm,0.03906999999999999,-0.0219
2021-03-10,Comm,0.18418,-0.07809999999999999
2021-03-11,Comm,0.09782307692307693,0.09513846153846153
2021-03-12,Comm,0.2613111111111111,0.0601111111111111
2021-03-15,Comm,0.08913,0.11617999999999999
2021-03-16,Comm,0.09966428571428572,0.15695
2021-03-17,Comm,0.09682,0.049690000000000005
2021-03-18,Comm,0.132775,0.0199875
2021-03-19,Comm,0.006177777777777788,0.10795555555555555
2021-03-22,Comm,0.17902,0.21144
2021-03-23,Comm,-0.008283333333333332,0.011383333333333334
2021-03-24,Comm,0.09234999999999999,0.0516
2021-03-25,Comm,0.2630142857142857,0.062214285714285715
2021-03-26,Comm,-0.006877777777777773,0.005855555555555555
2021-03-29,Comm,0.0035666666666666624,0.01715
2021-03-30,Comm,0.13335882352941178,0.062311764705882344
2021-03-31,Comm,0.10637142857142858,0.05708571428571428
2021-04-01,Comm,0.0,-0.064
2021-04-05,Comm,0.08406666666666668,0.1533888888888889
2021-04-06,Comm,0.26192857142857146,0.12119047619047618
2021-04-07,Comm,0.23058888888888887,0.05685555555555555
2021-04-08,Comm,0.06021428571428571,0.007842857142857143
2021-04-09,Comm,0.17422727272727273,0.005600000000000005
2021-04-12,Comm,0.051649999999999995,0.06676666666666667
2021-04-13,Comm,-0.136625,0.0456875
2021-04-14,Comm,0.36468571428571434,0.0863142857142857
2021-04-15,Comm,0.08405714285714286,0.08094285714285714
2021-04-16,Comm,0.04667142857142857,-0.06997142857142857
2021-04-19,Comm,0.2452,0.100425
2021-04-20,Comm,-0.0650375,-0.0402125
2021-04-21,Comm,0.054375,-0.05256666666666667
2021-04-22,Comm,0.022394444444444453,-0.16154444444444443
2021-04-23,Comm,0.06783076923076922,0.14369999999999997
2021-04-26,Comm,0.16904000000000002,0.004829999999999998
2021-04-27,Comm,0.08898888888888891,0.011766666666666668
2021-04-28,Comm,0.1441181818181818,0.0331090909090909
2021-04-29,Comm,0.23639000000000002,0.10934000000000002
2021-04-30,Comm,0.188775,0.21134166666666668
2021-05-03,Comm,0.16647,0.0438
2021-05-04,Comm,0.16695263157894735,0.14003157894736842
2021-05-05,Comm,0.19017,0.09059000000000002
2021-05-06,Comm,0.07609999999999999,0.2751470588235294
2021-05-07,Comm,0.012720000000000009,-0.06437999999999998
2021-05-10,Comm,0.06638749999999999,0.0374875
2021-05-11,Comm,-0.03851428571428572,0.05072142857142858
2021-05-12,Comm,0.24312666666666666,0.12109333333333334
2021-05-13,Comm,0.08410000000000001,0.023707692307692305
2021-05-14,Comm,0.0,0.0168
2021-05-17,Comm,0.0,0.0
2021-05-18,Comm,0.06850500000000001,0.011925
2021-05-19,Comm,0.006015624999999998,-0.06355625
2021-05-20,Comm,0.0784904761904762,0.030357142857142853
2021-05-21,Comm,0.15765294117647058,0.16319411764705882
2021-05-24,Comm,0.3266642857142857,0.08242142857142858
2021-05-25,Comm,0.17935333333333336,0.16397333333333333
2021-05-26,Comm,0.08483076923076924,0.050392307692307695
2021-05-27,Comm,0.17355555555555557,0.12653333333333333
2021-05-28,Comm,0.15311428571428573,0.09170714285714285
2021-06-01,Comm,0.3498733333333333,0.10254666666666666
2021-06-02,Comm,0.19284545454545451,0.024963636363636355
2021-06-03,Comm,0.14987499999999998,0.14125
2021-06-04,Comm,0.01017499999999999,0.06847500000000001
2021-06-07,Comm,0.24463636363636362,0.1380727272727273
2021-06-08,Comm,0.089225,0.055031250000000004
2021-06-09,Comm,0.33304285714285714,0.2073285714285714
2021-06-10,Comm,0.0,-0.1732
2021-06-11,Comm,0.047275000000000005,-0.0627375
2021-06-14,Comm,0.2470125,0.11871250000000001
2021-06-15,Comm,0.13637000000000002,0.06562
2021-06-16,Comm,0.084725,0.006937499999999999
2021-06-17,Comm,0.280775,0.262
2021-06-18,Comm,0.357525,0.139075
2021-06-21,Comm,0.0,0.0019249999999999998
2021-06-22,Comm,0.1746625,0.103875
2021-06-23,Comm,-0.16836666666666664,0.12163333333333333
2021-06-24,Comm,-0.0015764705882352935,0.03154117647058824
2021-06-25,Comm,-0.0636846153846154,-0.03717692307692308
2021-06-28,Comm,0.05488333333333334,-0.01
2021-06-29,Comm,0.24934545454545454,0.2114090909090909
2021-06-30,Comm,0.2202,0.14234999999999998
2021-07-01,Comm,0.2776142857142857,0.10853571428571428
2021-07-02,Comm,0.001966666666666672,-0.03554444444444445
2021-07-06,Comm,0.0216,0.16005999999999998
2021-07-07,Comm,0.12828571428571428,0.11475714285714286
2021-07-08,Comm,0.11394285714285715,0.016042857142857143
2021-07-09,Comm,0.09124444444444446,-0.05351111111111111
2021-07-12,Comm,0.2673666666666667,0.16453333333333334
2021-07-13,Comm,0.08749,0.07787000000000001
2021-07-14,Comm,0.12492,0.06161
2021-07-15,Comm,0.04857142857142858,0.005357142857142857
2021-07-16,Comm,0.08982,0.044379999999999996
2021-07-19,Comm,0.0533,-0.09773124999999999
2021-07-20,Comm,0.19414285714285714,0.14002142857142857
2021-07-21,Comm,0.3573285714285714,0.24698571428571423
2021-07-22,Comm,0.10183333333333335,-0.002491666666666665
2021-07-23,Comm,0.16965,0.18215714285714285
2021-07-26,Comm,0.05967777777777777,0.12505
2021-07-27,Comm,0.023929999999999996,0.022809999999999997
2021-07-28,Comm,0.12040000000000001,-0.11201666666666665
2021-07-29,Comm,0.08017142857142857,-0.046071428571428576
2021-07-30,Comm,0.15913529411764704,0.1453764705882353
2021-08-02,Comm,0.03771666666666667,0.06463333333333333
2021-08-03,Comm,0.08188,0.0033666666666666667
2021-08-04,Comm,0.07055499999999999,0.006255000000000005
2021-08-05,Comm,0.0787875,0.004456249999999999
2021-08-06,Comm,0.033126666666666665,0.022506666666666668
2021-08-09,Comm,0.17391666666666664,-0.1651
2021-08-10,Comm,0.17695333333333335,0.07871333333333333
2021-08-11,Comm,0.026627272727272732,0.15134545454545456
2021-08-12,Comm,0.07400000000000001,0.02442500000000003
2021-08-13,Comm,0.23105384615384617,0.18246153846153845
2021-08-16,Comm,0.24283333333333332,0.025316666666666668
2021-08-17,Comm,-0.08275384615384615,0.004461538461538466
2021-08-18,Comm,0.1275,0.07998000000000001
2021-08-19,Comm,-0.05080714285714286,-0.02487142857142857
2021-08-20,Comm,0.09505714285714285,-0.07781428571428571
2021-08-23,Comm,0.08574444444444446,0.05355555555555555
2021-08-24,Comm,0.1835,0.0897
2021-08-25,Comm,0.23070000000000004,0.22768000000000002
2021-08-26,Comm,0.2202,0.19295
2021-08-27,Comm,0.23767142857142856,0.1092
2021-08-30,Comm,0.4058777777777778,0.2411
2021-08-31,Comm,0.11335,0.07311666666666668
2021-09-01,Comm,0.121975,0.008875000000000001
2021-09-03,Comm,0.1220625,0.12743749999999998
2021-09-07,Comm,0.22296666666666667,0.02086666666666667
2021-09-08,Comm,0.22112727272727276,0.1711
2021-09-09,Comm,0.22317,0.06746
2021-09-10,Comm,-0.15451153846153848,-0.2370423076923077
2021-09-13,Comm,0.10686666666666667,0.050100000000000006
2021-09-14,Comm,0.2575461538461538,0.22760769230769234
2021-09-15,Comm,0.08936666666666666,0.08597222222222221
2021-09-16,Comm,-0.03308181818181818,-0.0458909090909091
2021-09-17,Comm,-0.003933333333333335,0.03471666666666667
2021-09-20,Comm,0.08480000000000001,0.0157
2021-09-21,Comm,0.25228333333333336,0.1945916666666667
2021-09-22,Comm,0.06318333333333333,-0.04011666666666667
2021-09-23,Comm,0.2400909090909091,0.04431818181818181
2021-09-24,Comm,0.09197777777777778,0.1638888888888889
2021-09-27,Comm,0.17313333333333333,0.018149999999999996
2021-09-28,Comm,0.17934000000000003,0.13426
2021-09-29,Comm,0.15767857142857142,0.0023357142857142878
2021-09-30,Comm,-0.04171428571428572,-0.08952857142857143
2021-10-01,Comm,0.015559999999999996,-0.08888
2021-10-04,Comm,0.2271,0.01162
2021-10-05,Comm,0.03023333333333333,0.029916666666666664
2021-10-06,Comm,0.06098,0.11144000000000001
2021-10-07,Comm,0.048268750000000006,0.040931249999999995
2021-10-08,Comm,0.30901,0.08346
2021-10-11,Comm,-0.06052,0.0017400000000000013
2021-10-12,Comm,0.22986666666666666,0.05553333333333333
2021-10-13,Comm,0.28609999999999997,0.10342499999999999
2021-10-14,Comm,-0.045757142857142864,0.054242857142857134
2021-10-15,Comm,-0.0034833333333333196,-0.07723333333333333
2021-10-18,Comm,0.3877,0.14830000000000002
2021-10-19,Comm,0.22171428571428572,0.15134285714285714
2021-10-20,Comm,0.12186666666666666,0.2605
2021-10-21,Comm,0.10126666666666667,-0.026683333333333333
2021-10-22,Comm,0.033308000000000004,0.019572
2021-10-25,Comm,0.12615,-0.03027000000000001
2021-10-26,Comm,0.3033625,0.0919625
2021-10-27,Comm,0.22230833333333333,0.13528333333333334
2021-10-28,Comm,0.23916666666666667,0.06666666666666667
2021-10-29,Comm,0.09859090909090909,0.08003636363636364
2021-11-01,Comm,0.18046666666666666,0.06514166666666667
2021-11-02,Comm,-0.00034999999999997994,-0.036750000000000005
2021-11-03,Comm,0.18253333333333335,0.014253333333333333
2021-11-04,Comm,0.12933461538461538,0.0935153846153846
2021-11-05,Comm,0.12439,0.14337
2021-11-08,Comm,0.2194875,0.040525000000000005
2021-11-09,Comm,-0.2661428571428572,-0.09972857142857142
2021-11-10,Comm,0.0658375,0.07765
2021-11-11,Comm,-0.1125,0.1315
2021-11-12,Comm,0.1152,0.060922222222222225
2021-11-15,Comm,0.07004444444444445,0.04334444444444444
2021-11-16,Comm,0.15978333333333333,0.10612499999999998
2021-11-17,Comm,0.06459090909090909,0.1310909090909091
2021-11-18,Comm,-0.002999999999999999,0.0043375
2021-11-19,Comm,0.10091538461538462,0.09656923076923075
2021-11-22,Comm,0.13575555555555557,0.05093333333333333
2021-11-23,Comm,0.15822857142857144,0.11
2021-11-24,Comm,0.07023636363636364,-0.005918181818181812
2021-11-26,Comm,0.24138571428571426,0.06317142857142857
2021-11-29,Comm,0.21807142857142855,-0.06694285714285714
2021-11-30,Comm,-0.17558,-0.1467
2021-12-01,Comm,0.07558571428571427,-0.010442857142857153
2021-12-02,Comm,0.23505,0.182975
2021-12-03,Comm,-0.064,-0.00019999999999999996
2021-12-06,Comm,-0.022783333333333333,-0.07116666666666667
2021-12-07,Comm,0.18908333333333335,0.11286666666666667
2021-12-08,Comm,0.14671111111111113,0.08096666666666667
2021-12-09,Comm,0.3012222222222223,0.27040000000000003
2021-12-10,Comm,0.007028571428571427,-0.0007714285714285703
2021-12-13,Comm,0.13153333333333334,0.107
2021-12-14,Comm,0.03907777777777778,0.009033333333333332
2021-12-15,Comm,0.13198000000000001,0.013660000000000002
2021-12-16,Comm,0.08445000000000001,0.15075
2021-12-17,Comm,0.1306692307692308,0.0374076923076923
2021-12-20,Comm,0.051809090909090916,0.11205454545454546
2021-12-21,Comm,0.14784615384615385,-0.012907692307692308
2021-12-22,Comm,0.022769230769230767,-0.04622307692307692
2021-12-23,Comm,0.2986857142857143,0.17602857142857142
2021-12-27,Comm,0.15122,0.17364
2021-12-28,Comm,0.2967625,0.035175
2021-12-29,Comm,0.12933333333333333,0.034300000000000004
2021-12-30,Comm,0.050574999999999995,-0.07932499999999999
2021-12-31,Comm,0.19270666666666666,0.03496
2022-01-03,Comm,0.08607142857142856,0.09860000000000001
2022-01-04,Comm,-0.01376428571428572,-0.0066500000000000005
2022-01-05,Comm,0.12213333333333336,0.10572222222222222
2022-01-06,Comm,0.14561333333333334,0.05278666666666666
2022-01-07,Comm,0.17765555555555557,0.06642777777777778
2022-01-10,Comm,0.144255,0.04207
2022-01-11,Comm,0.06213333333333333,0.029425925925925925
2022-01-12,Comm,0.0831642857142857,-0.03545714285714286
2022-01-13,Comm,0.16682857142857146,0.15917857142857142
2022-01-14,Comm,0.1603058823529412,0.06774117647058824
2022-01-18,Comm,0.03777777777777778,0.04686666666666667
2022-01-19,Comm,-0.06073953488372094,-0.03612790697674418
2022-01-20,Comm,0.06755238095238096,0.06610476190476192
2022-01-21,Comm,0.37224666666666667,0.25733999999999996
2022-01-24,Comm,0.2083357142857143,0.20525714285714286
2022-01-25,Comm,0.0904590909090909,0.09292727272727273
2022-01-26,Comm,0.012168421052631584,0.05642105263157895
2022-01-27,Comm,0.26386923076923074,0.15949615384615384
2022-01-28,Comm,0.09893636363636364,0.09372727272727274
2022-01-31,Comm,-0.04041052631578947,-0.04728421052631579
2022-02-01,Comm,0.086424,0.056572000000000004
2022-02-02,Comm,0.09000322580645159,-0.0040419354838709615
2022-02-03,Comm,0.12033529411764707,0.00990588235294118
2022-02-04,Comm,0.1531375,0.045562500000000006
2022-02-07,Comm,0.07081538461538461,0.0307076923076923
2022-02-08,Comm,0.17873043478260867,0.09695217391304349
2022-02-09,Comm,0.09285714285714287,0.10448571428571429
2022-02-10,Comm,0.14644,0.04341000000000001
2022-02-11,Comm,0.42581111111111114,0.2859666666666667
2022-02-14,Comm,0.02489166666666667,0.03025
2022-02-15,Comm,0.19326428571428572,0.07496428571428572
2022-02-16,Comm,0.17094,0.0779
2022-02-17,Comm,0.10115,0.0158
2022-02-18,Comm,0.11601538461538462,0.011246153846153857
2022-02-22,Comm,0.0,0.272675
2022-02-23,Comm,-0.03290833333333333,-0.0307
2022-02-24,Comm,-0.164925,-0.04455
2022-02-25,Comm,-0.040059999999999985,-0.08218
2022-02-28,Comm,0.05741428571428571,0.1877285714285714
2022-03-01,Comm,0.16099999999999998,0.0290625
2022-03-02,Comm,0.14312,0.10986
2022-03-03,Comm,0.22655,0.18348333333333333
2022-03-04,Comm,0.04669090909090911,0.032763636363636356
2022-03-07,Comm,0.05067272727272727,0.09028181818181819
2022-03-08,Comm,0.038246153846153846,0.16876923076923075
2022-03-09,Comm,0.08225999999999999,-0.061020000000000005
2022-03-10,Comm,0.09222307692307694,0.05564615384615384
2022-03-11,Comm,0.16164444444444445,0.05067777777777778
2022-03-14,Comm,0.14107272727272727,0.020454545454545454
2022-03-15,Comm,0.1825923076923077,0.11343076923076922
2022-03-16,Comm,0.08083333333333334,0.042411111111111115
2022-03-17,Comm,0.09106666666666667,-0.038500000000000006
2022-03-18,Comm,0.017650000000000006,0.08916666666666669
2022-03-21,Comm,0.20967142857142856,0.05238571428571429
2022-03-22,Comm,0.09580000000000001,0.025522222222222217
2022-03-23,Comm,-0.03455555555555554,0.14121111111111112
2022-03-24,Comm,0.1650375,0.1820375
2022-03-25,Comm,0.20303333333333334,0.04724444444444445
2022-03-28,Comm,-0.4215,0.0
2022-03-29,Comm,0.16640000000000002,0.04655714285714285
2022-03-30,Comm,0.07984545454545455,0.0782
2022-03-31,Comm,0.12248,0.19626000000000002
2022-04-01,Comm,0.23325999999999997,0.11496999999999999
2022-04-04,Comm,0.06112000000000001,0.02450000000000001
2022-04-05,Comm,0.17854375,0.160525
2022-04-06,Comm,-0.026441666666666665,-0.02588333333333333
2022-04-07,Comm,0.032,0.12212500000000001
2022-04-08,Comm,-0.0012916666666666701,0.11618333333333335
2022-04-11,Comm,0.14915555555555557,0.11606666666666667
2022-04-12,Comm,0.20938500000000002,0.11308000000000003
2022-04-13,Comm,0.2502333333333333,0.0651888888888889
2022-04-14,Comm,0.27446000000000004,0.0767
2022-04-18,Comm,0.005860000000000004,-0.034019999999999995
2022-04-19,Comm,-0.0050235294117646975,0.10352352941176471
2022-04-20,Comm,0.006456250000000004,0.07035000000000001
2022-04-21,Comm,0.11349166666666666,0.15296666666666667
2022-04-22,Comm,0.19695925925925925,0.1167777777777778
2022-04-25,Comm,0.05239166666666667,-0.057899999999999986
2022-04-26,Comm,0.10005294117647058,0.07744117647058822
2022-04-27,Comm,0.18265384615384614,0.1060076923076923
2022-04-28,Comm,0.03275,0.12981666666666666
2022-04-29,Comm,0.10967142857142857,0.21482857142857142
2022-05-02,Comm,0.14560833333333334,0.03551666666666666
2022-05-03,Comm,0.11622500000000001,-0.09765833333333335
2022-05-04,Comm,0.01454285714285715,0.14027142857142857
2022-05-05,Comm,0.026439999999999998,-0.14476
2022-05-06,Comm,-0.02679999999999999,0.12676666666666667
2022-05-09,Comm,0.2180357142857143,0.038085714285714285
2022-05-10,Comm,-0.054828571428571435,-0.049242857142857144
2022-05-11,Comm,0.017481818181818178,0.0023636363636363707
2022-05-12,Comm,0.08920714285714286,-0.014721428571428571
2022-05-13,Comm,0.010263636363636358,0.020663636363636363
2022-05-16,Comm,0.13490000000000002,0.2631285714285715
2022-05-17,Comm,-0.027179999999999992,-0.19533999999999999
2022-05-18,Comm,0.051727272727272726,0.02182727272727273
2022-05-19,Comm,-0.038318181818181814,0.007627272727272727
2022-05-20,Comm,0.034570000000000024,0.07995
2022-05-23,Comm,0.13265714285714286,-0.00037142857142857143
2022-05-24,Comm,0.11968888888888889,0.13821111111111112
2022-05-25,Comm,0.14809090909090908,0.09721818181818183
2022-05-26,Comm,0.1492090909090909,0.06995454545454545
2022-05-27,Comm,0.21867272727272724,0.08343636363636363
2022-05-31,Comm,0.09564444444444445,0.19471111111111114
2022-06-01,Comm,0.27149,0.09359000000000002
2022-06-02,Comm,0.13658,-0.09076
2022-06-03,Comm,-0.018387500000000008,0.07699999999999999
2022-06-06,Comm,0.0689923076923077,0.11564615384615386
2022-06-07,Comm,-0.045500000000000006,0.0959625
2022-06-08,Comm,0.10864999999999998,0.27791666666666665
2022-06-09,Comm,0.22983333333333336,0.13405555555555557
2022-06-10,Comm,0.10497857142857143,0.0860857142857143
2022-06-13,Comm,-0.08126,-0.020179999999999997
2022-06-14,Comm,0.13171,0.07288
2022-06-15,Comm,0.1760818181818182,0.11966363636363636
2022-06-16,Comm,0.139,0.037500000000000006
2022-06-17,Comm,0.015653846153846154,0.03104615384615384
2022-06-21,Comm,0.15131111111111112,0.024800000000000003
2022-06-22,Comm,0.1124,0.0762
2022-06-23,Comm,0.160175,0.06537500000000002
2022-06-24,Comm,0.00033333333333332747,-0.013099999999999997
2022-06-27,Comm,-0.06193333333333333,-0.056566666666666654
2022-06-28,Comm,0.17750909090909092,0.09992727272727273
2022-06-29,Comm,0.16333999999999999,0.17482
2022-06-30,Comm,0.014985714285714283,-0.003342857142857144
2022-07-01,Comm,0.18277142857142858,0.08610714285714285
2022-07-05,Comm,0.3057875,0.2048625
2022-07-06,Comm,0.1888235294117647,0.2253
2022-07-07,Comm,0.011462500000000007,-0.045787499999999995
2022-07-08,Comm,0.0,0.0077
2022-07-11,Comm,0.1108625,0.035812500000000004
2022-07-12,Comm,0.1344842105263158,0.07302631578947368
2022-07-13,Comm,0.23574444444444445,0.20363333333333333
2022-07-14,Comm,-0.013557142857142863,0.004342857142857149
2022-07-15,Comm,0.12376250000000003,-0.0337875
2022-07-18,Comm,-0.0929,-0.17762499999999998
2022-07-19,Comm,0.08168333333333333,0.05278888888888889
2022-07-20,Comm,0.2507375,0.1076125
2022-07-21,Comm,-0.07161,-0.015529999999999999
2022-07-22,Comm,0.15273333333333336,0.1466757575757576
2022-07-25,Comm,0.12343157894736843,0.08521052631578949
2022-07-26,Comm,-0.05194444444444444,-0.04604444444444445
2022-07-27,Comm,0.0,0.09407499999999999
2022-07-28,Comm,0.05015862068965516,0.06998620689655172
2022-07-29,Comm,0.08749333333333334,0.06532
2022-08-01,Comm,0.09152,0.1297
2022-08-02,Comm,0.05543636363636364,0.05545454545454545
2022-08-03,Comm,0.011221428571428568,0.01220714285714286
2022-08-04,Comm,0.07128333333333332,0.14120000000000002
2022-08-05,Comm,0.04611818181818181,0.054909090909090914
2022-08-08,Comm,0.19278571428571428,0.10927142857142857
2022-08-09,Comm,-0.08677499999999999,-0.0718875
2022-08-10,Comm,0.08661666666666668,0.13041666666666665
2022-08-11,Comm,0.1452153846153846,0.08362307692307692
2022-08-12,Comm,0.03885000000000002,0.09153333333333334
2022-08-15,Comm,0.0028666666666666654,0.03726666666666667
2022-08-16,Comm,0.07211111111111111,0.024638888888888884
2022-08-17,Comm,0.14655555555555555,0.016211111111111107
2022-08-18,Comm,-0.05505000000000001,-0.028433333333333335
2022-08-19,Comm,0.024162499999999996,0.0045125
2022-08-22,Comm,-0.08297142857142857,0.057128571428571424
2022-08-23,Comm,0.21685454545454544,0.09053636363636364
2022-08-24,Comm,0.1352375,0.020812499999999998
2022-08-25,Comm,0.08122,0.054566666666666666
2022-08-26,Comm,0.05778888888888889,-0.08581111111111112
2022-08-29,Comm,-0.07606818181818181,0.06619545454545454
2022-08-30,Comm,0.1864875,0.03399375
2022-08-31,Comm,-0.26335,-0.23815
2022-09-01,Comm,0.22659411764705883,0.15789411764705882
2022-09-02,Comm,0.09531666666666666,0.03666666666666665
2022-09-06,Comm,0.21230000000000002,0.007333333333333334
2022-09-07,Comm,0.22724444444444444,0.14004444444444444
2022-09-08,Comm,0.07191538461538463,-0.04416153846153847
2022-09-09,Comm,0.2113736842105263,0.12409999999999999
2022-09-12,Comm,0.08078,0.047170000000000004
2022-09-13,Comm,0.1414294117647059,0.05051176470588235
2022-09-14,Comm,0.06673636363636364,0.003218181818181808
2022-09-15,Comm,0.10023636363636364,0.12000000000000001
2022-09-16,Comm,0.20356428571428573,0.14815714285714285
2022-09-19,Comm,0.20735555555555557,0.09294444444444444
2022-09-20,Comm,0.003979999999999995,0.011454999999999998
2022-09-21,Comm,0.12414285714285715,-0.03874285714285714
2022-09-22,Comm,0.20746153846153842,0.09508461538461538
2022-09-23,Comm,0.1312111111111111,0.1323
2022-09-26,Comm,0.23448461538461537,0.067
2022-09-27,Comm,0.10884285714285714,0.07227142857142857
2022-09-28,Comm,0.21993076923076924,0.14468461538461538
2022-09-29,Comm,0.15296,0.036073333333333325
2022-09-30,Comm,0.16773636363636363,-0.013363636363636366
2022-10-03,Comm,0.05098333333333333,0.0291
2022-10-04,Comm,0.20339230769230768,0.1279076923076923
2022-10-05,Comm,0.0639,-0.057066666666666654
2022-10-06,Comm,0.23368000000000003,0.12632000000000002
2022-10-07,Comm,0.1397909090909091,0.11813636363636365
2022-10-10,Comm,0.2044857142857143,0.11271428571428573
2022-10-11,Comm,0.0,0.00826
2022-10-12,Comm,0.09419,0.11670000000000003
2022-10-13,Comm,0.1382,-0.0546375
2022-10-14,Comm,-0.1495,0.0255875
2022-10-17,Comm,0.0,0.18467499999999998
2022-10-18,Comm,0.27795000000000003,0.10613000000000002
2022-10-19,Comm,0.1471,0.14633333333333332
2022-10-20,Comm,0.12511538461538463,0.023369230769230774
2022-10-21,Comm,0.076425,0.05994583333333333
2022-10-24,Comm,0.07823076923076924,-0.12632307692307693
2022-10-25,Comm,0.17791428571428572,0.16445
2022-10-26,Comm,0.13353157894736842,0.08810000000000001
2022-10-27,Comm,0.02545,0.006633333333333331
2022-10-28,Comm,0.17565,0.13122
2022-10-31,Comm,0.0737909090909091,0.10937272727272727
2022-11-01,Comm,0.2394625,0.1145625
2022-11-02,Comm,0.06061538461538461,0.043869230769230765
2022-11-03,Comm,-0.010214285714285716,-0.07791428571428571
2022-11-04,Comm,0.09544285714285716,0.11632857142857142
2022-11-07,Comm,-0.002725000000000005,0.031000000000000007
2022-11-08,Comm,-0.02014117647058823,0.03638235294117648
2022-11-09,Comm,0.032182352941176474,0.15277058823529413
2022-11-10,Comm,0.04146666666666666,0.13311666666666666
2022-11-11,Comm,0.033716666666666666,0.0070999999999999995
2022-11-14,Comm,0.0,0.05695714285714286
2022-11-15,Comm,0.27591764705882355,0.1008
2022-11-16,Comm,-0.04412857142857143,0.01105714285714286
2022-11-17,Comm,0.1992,0.17712
2022-11-18,Comm,-0.021871428571428573,-0.04772857142857143
2022-11-21,Comm,0.0,0.0
2022-11-22,Comm,0.19387142857142856,0.00651428571428571
2022-11-23,Comm,0.3859666666666666,0.36696666666666666
2022-11-25,Comm,0.00645,0.0103
2022-11-28,Comm,0.31233333333333335,0.17426666666666665
2022-11-29,Comm,0.29617499999999997,0.22895000000000001
2022-11-30,Comm,0.1823857142857143,0.17608571428571432
2022-12-01,Comm,0.1144,0.14832499999999998
2022-12-02,Comm,0.10598571428571428,0.06451428571428572
2022-12-05,Comm,0.21183000000000002,0.16934
2022-12-06,Comm,0.08738666666666667,-0.005713333333333333
2022-12-07,Comm,0.18954999999999997,0.06613
2022-12-08,Comm,0.05077142857142858,0.10681428571428572
2022-12-09,Comm,0.13452727272727272,0.07427272727272728
2022-12-12,Comm,-0.0048666666666666485,0.06790000000000002
2022-12-13,Comm,0.12616666666666668,0.012449999999999998
2022-12-14,Comm,0.053285714285714283,0.10114285714285713
2022-12-15,Comm,0.08421250000000001,0.10961250000000002
2022-12-16,Comm,0.11973333333333334,0.010591666666666668
2022-12-19,Comm,-0.026581818181818182,-0.1007181818181818
2022-12-20,Comm,0.15225454545454545,0.09924545454545454
2022-12-21,Comm,0.27287500000000003,0.27625
2022-12-22,Comm,0.0765875,-0.0249125
2022-12-23,Comm,0.06424444444444444,-0.049577777777777776
2022-12-27,Comm,0.233575,0.1253
2022-12-28,Comm,0.28565454545454544,0.19903636363636365
2022-12-29,Comm,0.25305,0.11091
2022-12-30,Comm,0.081575,0.016400000000000005
2023-01-03,Comm,0.0371625,0.0670375
2023-01-04,Comm,0.00523125,0.05505625000000001
2023-01-05,Comm,0.20705000000000004,0.13115
2023-01-06,Comm,0.189625,0.17827500000000002
2023-01-09,Comm,0.2485777777777778,0.16933333333333334
2023-01-10,Comm,0.27574444444444446,0.12963333333333332
2023-01-11,Comm,0.3476571428571429,0.1498714285714286
2023-01-12,Comm,0.17716250000000003,0.170025
2023-01-13,Comm,0.14347142857142856,0.11224285714285712
2023-01-17,Comm,0.43955,0.08825000000000001
2023-01-18,Comm,0.1936615384615385,0.1911923076923077
2023-01-19,Comm,0.0,0.015933333333333334
2023-01-20,Comm,0.05730000000000001,0.10923636363636363
2023-01-23,Comm,-0.07874545454545454,0.039027272727272716
2023-01-24,Comm,0.13006,0.07173
2023-01-25,Comm,0.017177777777777778,0.045733333333333334
2023-01-26,Comm,-0.01790740740740741,-0.1071
2023-01-27,Comm,0.21866500000000003,0.23422
2023-01-30,Comm,0.11396153846153843,0.11016923076923078
2023-01-31,Comm,0.1237142857142857,0.07999999999999999
2023-02-01,Comm,-0.049075,-0.05102500000000001
2023-02-02,Comm,0.019212499999999997,-0.040225000000000004
2023-02-03,Comm,0.16428,0.01932
2023-02-06,Comm,0.22888333333333333,0.1555
2023-02-07,Comm,-0.07579,-0.0010699999999999987
2023-02-08,Comm,0.03737692307692308,0.1611692307692308
2023-02-09,Comm,0.11798,0.04772
2023-02-10,Comm,0.060200000000000004,0.1075
2023-02-13,Comm,0.1061,0.0321
2023-02-14,Comm,0.029844444444444444,0.08034444444444443
2023-02-15,Comm,0.0,-0.082675
2023-02-16,Comm,0.15087777777777778,0.2513
2023-02-17,Comm,0.0507,-0.017814285714285717
2023-02-21,Comm,0.49542499999999995,0.279375
2023-02-22,Comm,0.13677,0.08687500000000001
2023-02-23,Comm,0.1716777777777778,0.11305555555555556
2023-02-24,Comm,0.15784444444444443,0.05408888888888889
2023-02-27,Comm,-0.03479999999999999,-0.08582857142857143
2023-02-28,Comm,0.13425555555555557,0.008733333333333338
2023-03-01,Comm,0.16405,0.06974999999999999
2023-03-02,Comm,0.06545714285714285,-0.003192857142857144
2023-03-03,Comm,0.2031,0.17010769230769232
2023-03-06,Comm,-0.1858,-0.36060000000000003
2023-03-07,Comm,0.028900000000000002,0.11454285714285715
2023-03-08,Comm,0.15453999999999998,0.21848
2023-03-09,Comm,0.035066666666666656,-0.1306
2023-03-10,Comm,-0.04532499999999999,-0.024100000000000003
2023-03-13,Comm,0.0803375,0.05601250000000001
2023-03-14,Comm,0.08273,0.04303
2023-03-15,Comm,0.0,0.0038666666666666663
2023-03-16,Comm,0.23617777777777776,0.13325555555555557
2023-03-17,Comm,0.2031214285714286,0.13980714285714285
2023-03-20,Comm,0.050575,0.016425
2023-03-21,Comm,0.19788181818181816,0.0973909090909091
2023-03-22,Comm,0.10478461538461539,0.09586923076923079
2023-03-23,Comm,0.13838333333333333,0.131
2023-03-24,Comm,0.1824111111111111,0.2185
2023-03-27,Comm,0.31845,0.18610000000000002
2023-03-28,Comm,0.11316153846153847,0.09506153846153848
2023-03-29,Comm,0.1827,0.10870000000000002
2023-03-30,Comm,0.1380857142857143,0.0853142857142857
2023-03-31,Comm,0.19953333333333334,0.18658333333333335
2023-04-03,Comm,0.2453,0.1670888888888889
2023-04-04,Comm,0.21683888888888891,0.10230555555555557
2023-04-05,Comm,0.10116666666666667,0.098675
2023-04-06,Comm,0.088225,0.0187125
2023-04-10,Comm,0.14165,0.05569166666666667
2023-04-11,Comm,0.06067,0.03495
2023-04-12,Comm,0.049911111111111114,-0.03244444444444445
2023-04-13,Comm,0.15183076923076924,0.09434615384615386
2023-04-14,Comm,-0.007976923076923076,0.05533076923076923
2023-04-17,Comm,0.05114285714285714,0.057871428571428574
2023-04-18,Comm,0.04454,0.07659333333333333
2023-04-19,Comm,0.03471538461538463,0.13013076923076922
2023-04-20,Comm,0.13599999999999998,0.04950000000000001
2023-04-21,Comm,0.0002781249999999984,-0.1091
2023-04-24,Comm,0.10261499999999998,0.08147499999999999
2023-04-25,Comm,-0.04504074074074075,-0.014199999999999997
2023-04-26,Comm,0.020909090909090912,0.03712727272727274
2023-04-27,Comm,0.04536842105263158,0.05448947368421053
2023-04-28,Comm,0.0641764705882353,0.1027764705882353
2023-05-01,Comm,-0.02478888888888889,0.11660555555555557
2023-05-02,Comm,-0.0023411764705882354,-0.05925882352941177
2023-05-03,Comm,0.010505555555555561,0.03915
2023-05-04,Comm,0.15227142857142859,0.0739
2023-05-05,Comm,-0.016099999999999996,0.005288888888888888
2023-05-08,Comm,0.30927499999999997,0.167375
2023-05-09,Comm,0.048253333333333336,0.037573333333333334
2023-05-10,Comm,-0.020142857142857146,0.02869285714285714
2023-05-11,Comm,0.1344111111111111,0.07311111111111113
2023-05-12,Comm,0.2242714285714286,0.11589285714285714
2023-05-15,Comm,0.19211250000000002,0.084
2023-05-16,Comm,0.0288,0.06648823529411765
2023-05-17,Comm,0.05736470588235294,-0.034470588235294114
2023-05-18,Comm,0.006846666666666666,0.08215333333333333
2023-05-19,Comm,0.045143333333333334,0.03720333333333334
2023-05-22,Comm,0.18785833333333332,0.056174999999999996
2023-05-23,Comm,-0.015599999999999994,0.005605263157894745
2023-05-24,Comm,0.07212222222222223,0.05703333333333333
2023-05-25,Comm,0.13831428571428575,0.06245714285714286
2023-05-26,Comm,0.25936000000000003,0.0817
2023-05-30,Comm,0.25292,0.12748
2023-05-31,Comm,-0.0041799999999999945,-0.030969999999999998
2023-06-01,Comm,0.08837777777777776,-0.0327
2023-06-02,Comm,0.13181,0.046250000000000006
2023-06-05,Comm,-0.012085714285714278,0.012503571428571428
2023-06-06,Comm,0.11279333333333333,0.11866666666666667
2023-06-07,Comm,0.13132222222222223,0.03996666666666667
2023-06-08,Comm,0.2219090909090909,0.2366909090909091
2023-06-09,Comm,-0.06606666666666666,0.004644444444444445
2023-06-12,Comm,0.18090833333333334,0.13149999999999998
2023-06-13,Comm,0.044955555555555554,0.051188888888888895
2023-06-14,Comm,0.13095,-0.0068416666666666626
2023-06-15,Comm,0.22581249999999997,0.1023625
2023-06-16,Comm,0.12367000000000002,0.028610000000000003
2023-06-20,Comm,0.13912,0.06761333333333333
2023-06-21,Comm,0.1618,0.16846666666666668
2023-06-22,Comm,0.23588,0.01444
2023-06-23,Comm,0.2449875,0.0882
2023-06-26,Comm,0.18838,0.14389999999999997
2023-06-27,Comm,0.0933217391304348,-0.0018043478260869542
2023-06-28,Comm,0.18198,0.11269
2023-06-29,Comm,0.07805454545454547,0.03807272727272728
2023-06-30,Comm,0.07321666666666667,0.08055833333333333
2023-07-03,Comm,-0.07282857142857144,0.009385714285714287
2023-07-05,Comm,0.14652857142857142,0.07690714285714285
2023-07-06,Comm,0.20262307692307693,0.09509230769230768
2023-07-07,Comm,0.097925,0.052458333333333336
2023-07-10,Comm,0.12153636363636364,-0.014281818181818189
2023-07-11,Comm,0.07586,0.08173
2023-07-12,Comm,0.12293333333333334,0.006733333333333327
2023-07-13,Comm,0.10395416666666667,0.1765375
2023-07-14,Comm,0.06827857142857144,-0.02392857142857143
2023-07-17,Comm,0.19229545454545455,0.16569545454545456
2023-07-18,Comm,0.05068205128205128,0.024069230769230766
2023-07-19,Comm,0.04733750000000001,0.0688
2023-07-20,Comm,0.150752,0.1886
2023-07-21,Comm,-0.011080952380952377,0.02666666666666667
2023-07-24,Comm,0.04627058823529412,0.0745529411764706
2023-07-25,Comm,0.0776,0.13154137931034485
2023-07-26,Comm,0.019255555555555543,0.031961111111111114
2023-07-27,Comm,0.20484193548387097,0.11947419354838709
2023-07-28,Comm,0.05626388888888889,0.15480277777777776
2023-07-31,Comm,0.24832857142857143,0.16965
2023-08-01,Comm,0.12593703703703704,0.03908518518518519
2023-08-02,Comm,0.20548095238095238,0.08754761904761905
2023-08-03,Comm,0.044164999999999996,-0.012504999999999997
2023-08-04,Comm,0.07410588235294117,-0.0008235294117647086
2023-08-07,Comm,0.0002461538461538447,0.05929230769230769
2023-08-08,Comm,0.07637142857142856,0.10480714285714285
2023-08-09,Comm,0.07431818181818182,0.09806363636363637
2023-08-10,Comm,-0.07781874999999999,0.0543625
2023-08-11,Comm,-0.0006444444444444413,-0.03138888888888889
2023-08-14,Comm,0.20533636363636362,0.12437272727272729
2023-08-15,Comm,0.06455999999999999,0.05197
2023-08-16,Comm,0.05089166666666667,0.039191666666666666
2023-08-17,Comm,0.08915555555555556,0.05553333333333334
2023-08-18,Comm,0.0955,0.018863636363636364
2023-08-21,Comm,0.15055000000000002,0.11833
2023-08-22,Comm,0.05512222222222222,0.007961111111111113
2023-08-23,Comm,-0.05095555555555555,0.056688888888888886
2023-08-24,Comm,0.11997368421052632,0.06324210526315789
2023-08-25,Comm,0.13475333333333334,0.04357333333333334
2023-08-28,Comm,-0.06721666666666667,0.03311666666666666
2023-08-29,Comm,0.12925,0.10631666666666666
2023-08-30,Comm,0.24208421052631576,0.21087894736842103
2023-08-31,Comm,0.09713,0.09988999999999999
2023-09-01,Comm,0.1819166666666667,0.052394444444444445
2023-09-05,Comm,-0.017633333333333334,0.022588888888888888
2023-09-06,Comm,0.3514909090909091,0.2426909090909091
2023-09-07,Comm,0.11646666666666666,0.13995833333333332
2023-09-08,Comm,0.09799230769230768,0.03806923076923077
2023-09-11,Comm,0.15397692307692307,0.12027692307692309
2023-09-12,Comm,0.12340000000000001,0.053184615384615386
2023-09-13,Comm,0.09386666666666667,0.05170833333333333
2023-09-14,Comm,0.035166666666666666,0.028716666666666668
2023-09-15,Comm,0.1719818181818182,0.1547090909090909
2023-09-18,Comm,-0.016471428571428564,0.016642857142857133
2023-09-19,Comm,0.1485,0.036369230769230765
2023-09-20,Comm,0.13164,0.1407
2023-09-21,Comm,0.20082499999999998,0.09812499999999999
2023-09-22,Comm,0.09919166666666666,0.047875
2023-09-25,Comm,0.061599999999999995,0.010054545454545457
2023-09-26,Comm,0.14018666666666665,0.05978666666666667
2023-09-27,Comm,0.12347692307692307,0.08373846153846154
2023-09-28,Comm,0.07955,0.081175
2023-09-29,Comm,0.11122000000000001,0.1033
2023-10-02,Comm,0.36985,0.19699
2023-10-03,Comm,0.20609166666666667,0.1303
2023-10-04,Comm,0.005700000000000011,0.012900000000000002
2023-10-05,Comm,0.16259999999999997,0.10337272727272727
2023-10-06,Comm,0.06252857142857143,0.11962857142857142
2023-10-09,Comm,0.07022142857142857,0.02296428571428571
2023-10-10,Comm,0.20588333333333333,0.18610555555555555
2023-10-11,Comm,0.2464777777777778,0.16084444444444443
2023-10-12,Comm,0.18597999999999998,-0.007120000000000001
2023-10-13,Comm,0.1338153846153846,-0.018038461538461538
2023-10-16,Comm,0.022727272727272728,0.006736363636363637
2023-10-17,Comm,-0.0019636363636363644,0.09401818181818182
2023-10-18,Comm,-0.032,-0.08784999999999998
2023-10-19,Comm,0.08709999999999998,0.004730769230769227
2023-10-20,Comm,0.165146875,0.133940625
2023-10-23,Comm,0.011229999999999995,-0.041815000000000005
2023-10-24,Comm,0.025394117647058824,0.005847058823529418
2023-10-25,Comm,0.13914666666666667,0.05632000000000001
2023-10-26,Comm,0.1719222222222222,0.13613703703703703
2023-10-27,Comm,0.16290384615384615,0.039680769230769235
2023-10-30,Comm,-0.1447166666666667,0.02819166666666667
2023-10-31,Comm,0.09787692307692307,0.06778461538461539
2023-11-01,Comm,0.08665454545454544,0.09592727272727272
2023-11-02,Comm,0.10956428571428571,0.049292857142857145
2023-11-03,Comm,0.08402222222222222,0.02631666666666667
2023-11-06,Comm,0.13175555555555554,0.054288888888888887
2023-11-07,Comm,0.05398823529411764,0.027158823529411767
2023-11-08,Comm,0.21776,0.1058
2023-11-09,Comm,0.07852380952380952,0.04045714285714285
2023-11-10,Comm,0.23434705882352944,0.1385764705882353
2023-11-13,Comm,0.1706625,0.058499999999999996
2023-11-14,Comm,0.15552000000000002,0.06770999999999999
2023-11-15,Comm,0.0,0.012920000000000001
2023-11-16,Comm,0.18089999999999998,0.06896666666666666
2023-11-17,Comm,0.011133333333333337,-0.03633333333333333
2023-11-20,Comm,0.0,0.009466666666666667
2023-11-21,Comm,0.07780833333333334,0.13513333333333336
2023-11-22,Comm,0.15175,0.160025
2023-11-24,Comm,0.060509090909090915,0.14612727272727272
2023-11-27,Comm,0.08554117647058823,0.13044705882352942
2023-11-28,Comm,0.008107692307692312,-0.004330769230769232
2023-11-29,Comm,0.1610375,0.188875
2023-11-30,Comm,0.06385384615384616,0.005538461538461537
2023-12-01,Comm,0.22883076923076923,0.17148461538461537
2023-12-04,Comm,0.12226250000000001,0.07735
2023-12-05,Comm,0.09886521739130436,-0.0002652173913043524
2023-12-06,Comm,0.062442424242424244,-0.013090909090909085
2023-12-07,Comm,0.0725375,0.037399999999999996
2023-12-08,Comm,0.08868333333333334,0.140875
2023-12-11,Comm,0.08969999999999999,0.06900000000000002
2023-12-12,Comm,0.10476315789473684,0.032342105263157894
2023-12-13,Comm,0.21949000000000005,0.110345
2023-12-14,Comm,0.186,0.10665384615384615
2023-12-15,Comm,0.1864777777777778,0.12975555555555557
2023-12-18,Comm,-0.021871428571428573,0.01727142857142857
2023-12-19,Comm,0.23895,0.17223636363636363
2020-01-03,Consumer,-0.04249999999999999,-0.05699090909090909
2020-01-06,Consumer,-0.08843,-0.12319
2020-01-07,Consumer,0.0899,0.03736590909090909
2020-01-08,Consumer,0.0963,0.09915909090909092
2020-01-09,Consumer,0.1085,0.07720625
2020-01-10,Consumer,0.23858800000000002,0.139148
2020-01-13,Consumer,-0.0031666666666666583,0.050153333333333334
2020-01-14,Consumer,0.06171379310344828,-0.0014275862068965457
2020-01-15,Consumer,0.13550526315789474,0.026189473684210526
2020-01-16,Consumer,0.11012222222222222,0.03304814814814815
2020-01-17,Consumer,0.15572105263157895,0.0035421052631578963
2020-01-21,Consumer,0.10908260869565216,0.09726521739130434
2020-01-22,Consumer,0.1208529411764706,0.09405882352941176
2020-01-23,Consumer,0.12934375,0.11275625
2020-01-24,Consumer,0.1434318181818182,0.11787272727272727
2020-01-27,Consumer,0.1364304347826087,0.0621695652173913
2020-01-28,Consumer,0.01849285714285715,0.044847619047619046
2020-01-29,Consumer,0.09522432432432433,0.10550810810810811
2020-01-30,Consumer,-0.04490285714285713,-0.03778
2020-01-31,Consumer,0.10728499999999999,0.0482925
2020-02-03,Consumer,0.082608,0.040136000000000005
2020-02-04,Consumer,0.09981025641025641,0.06155641025641026
2020-02-05,Consumer,0.1399269230769231,0.10257884615384615
2020-02-06,Consumer,0.0014162790697674434,-0.015467441860465116
2020-02-07,Consumer,0.1380708333333333,0.11300416666666667
2020-02-10,Consumer,0.020990476190476188,0.09737142857142857
2020-02-11,Consumer,-0.018786486486486488,-0.02578918918918919
2020-02-12,Consumer,0.15612142857142858,0.02057857142857144
2020-02-13,Consumer,0.08118846153846154,0.04789999999999999
2020-02-14,Consumer,0.035513513513513506,0.011978378378378379
2020-02-18,Consumer,0.00513913043478261,-0.00659130434782609
2020-02-19,Consumer,0.047566666666666674,0.04776481481481482
2020-02-20,Consumer,0.16441,0.159055
2020-02-21,Consumer,-0.015472222222222208,-0.048938888888888886
2020-02-24,Consumer,0.09227727272727272,-0.026259090909090902
2020-02-25,Consumer,-0.012296428571428573,0.0042964285714285734
2020-02-26,Consumer,0.08444827586206896,0.06824137931034482
2020-02-27,Consumer,0.09048775510204082,0.00876326530612245
2020-02-28,Consumer,0.09391000000000001,0.008126666666666667
2020-03-02,Consumer,-0.07814230769230769,-0.14766153846153846
2020-03-03,Consumer,0.06397250000000002,0.048275
2020-03-04,Consumer,0.09055357142857143,-0.028157142857142856
2020-03-05,Consumer,0.031112500000000005,0.01236666666666667
2020-03-06,Consumer,0.05136666666666666,-0.03573333333333334
2020-03-09,Consumer,0.006434615384615387,-0.022888461538461538
2020-03-10,Consumer,0.05057741935483871,0.0049806451612903185
2020-03-11,Consumer,0.006600000000000003,-0.0006884615384615373
2020-03-12,Consumer,-0.03431739130434783,0.005252173913043479
2020-03-13,Consumer,0.03233404255319149,-0.00545744680851064
2020-03-16,Consumer,-0.00679677419354839,-0.043035483870967735
2020-03-17,Consumer,-0.11215925925925925,-0.0392388888888889
2020-03-18,Consumer,0.03193611111111112,0.04072777777777778
2020-03-19,Consumer,-0.027625714285714274,-0.029134285714285703
2020-03-20,Consumer,0.019361764705882356,-0.004185294117647057
2020-03-23,Consumer,0.06371296296296297,0.058631481481481486
2020-03-24,Consumer,0.03988124999999999,0.025153125
2020-03-25,Consumer,0.1655279069767442,0.11093488372093023
2020-03-26,Consumer,0.16704146341463413,0.14340243902439026
2020-03-27,Consumer,0.08882121212121212,0.16114545454545454
2020-03-30,Consumer,0.09048181818181818,0.05863636363636363
2020-03-31,Consumer,0.04974,0.046788571428571436
2020-04-01,Consumer,0.018699999999999977,0.010083333333333333
2020-04-02,Consumer,0.06762,-0.021510000000000005
2020-04-03,Consumer,0.028337142857142856,-0.00334
2020-04-06,Consumer,0.006190625000000002,0.015237500000000008
2020-04-07,Consumer,0.14679999999999999,0.09458813559322034
2020-04-08,Consumer,0.11735757575757576,0.07896969696969697
2020-04-09,Consumer,0.07698148148148148,0.02107592592592593
2020-04-13,Consumer,0.13676309523809524,0.12126785714285715
2020-04-14,Consumer,0.020930769230769232,-0.007269230769230772
2020-04-15,Consumer,0.21554827586206898,0.18506206896551725
2020-04-16,Consumer,0.08456285714285715,-0.0063971428571428565
2020-04-17,Consumer,0.10815749999999999,0.1283375
2020-04-20,Consumer,0.20787857142857144,0.08077142857142858
2020-04-21,Consumer,0.0680375,0.008849999999999997
2020-04-22,Consumer,-0.0010899999999999948,-0.05630142857142857
2020-04-23,Consumer,0.08905384615384615,0.07871794871794872
2020-04-24,Consumer,0.1406093023255814,-0.01063720930232558
2020-04-27,Consumer,0.0061689655172413775,0.022655172413793105
2020-04-28,Consumer,0.09535200000000002,0.07232
2020-04-29,Consumer,0.11621206896551724,0.07809655172413793
2020-04-30,Consumer,0.10507,0.06624833333333333
2020-05-01,Consumer,0.0621,0.03996969696969697
2020-05-04,Consumer,0.08030512820512821,0.07666153846153846
2020-05-05,Consumer,0.041319047619047616,-0.0016603174603174607
2020-05-06,Consumer,0.14055714285714285,0.12880000000000003
2020-05-07,Consumer,0.10428235294117648,0.05353725490196078
2020-05-08,Consumer,0.08226176470588235,0.07990588235294117
2020-05-11,Consumer,0.08166909090909091,0.09573272727272729
2020-05-12,Consumer,0.070325,0.04742692307692308
2020-05-13,Consumer,0.10866842105263157,0.05122368421052632
2020-05-14,Consumer,0.12557500000000002,0.08246111111111111
2020-05-15,Consumer,0.15511538461538463,0.05475128205128205
2020-05-18,Consumer,0.10354468085106383,0.024495744680851063
2020-05-19,Consumer,0.13934081632653061,0.0404
2020-05-20,Consumer,0.01867272727272727,0.057893181818181816
2020-05-21,Consumer,0.08461470588235295,0.05497941176470588
2020-05-22,Consumer,0.024547499999999996,0.0556175
2020-05-26,Consumer,-0.045422222222222225,-0.046033333333333336
2020-05-27,Consumer,0.15963913043478262,0.13715
2020-05-28,Consumer,0.08056486486486487,0.05266486486486486
2020-05-29,Consumer,0.04723030303030303,0.053121212121212125
2020-06-01,Consumer,0.0712888888888889,0.05686666666666667
2020-06-02,Consumer,0.03742553191489363,0.030923404255319153
2020-06-03,Consumer,-0.077495,-0.128195
2020-06-04,Consumer,0.0973060606060606,0.045430303030303036
2020-06-05,Consumer,0.15903636363636361,0.08431818181818182
2020-06-08,Consumer,0.19736428571428571,0.03690000000000001
2020-06-09,Consumer,0.17377,0.040159999999999994
2020-06-10,Consumer,0.01997692307692308,0.12738076923076924
2020-06-11,Consumer,0.0667,0.01405625
2020-06-12,Consumer,0.06945,0.021992105263157893
2020-06-15,Consumer,0.10525999999999999,0.03316000000000001
2020-06-16,Consumer,0.029218181818181824,0.0024757575757575747
2020-06-17,Consumer,0.2197916666666667,0.019066666666666666
2020-06-18,Consumer,0.084975,0.124565
2020-06-19,Consumer,0.11268620689655172,0.10882068965517241
2020-06-22,Consumer,0.033223809523809524,-0.03259047619047619
2020-06-23,Consumer,0.041579591836734694,0.04003265306122449
2020-06-24,Consumer,0.185635,0.18101250000000002
2020-06-25,Consumer,0.007032000000000003,0.0006000000000000049
2020-06-26,Consumer,0.09235227272727271,0.03973636363636364
2020-06-29,Consumer,-0.009366666666666662,-0.01744583333333333
2020-06-30,Consumer,0.06066086956521739,0.027845652173913042
2020-07-01,Consumer,0.04870000000000001,0.1104
2020-07-02,Consumer,-0.005517241379310346,0.08398965517241379
2020-07-06,Consumer,0.07697826086956522,0.0634608695652174
2020-07-07,Consumer,0.004177272727272721,0.027240909090909093
2020-07-08,Consumer,0.16578695652173914,0.09925652173913044
2020-07-09,Consumer,0.18725000000000003,0.09543181818181817
2020-07-10,Consumer,0.08881666666666667,0.06011666666666667
2020-07-13,Consumer,-0.030326666666666672,-0.017540000000000004
2020-07-14,Consumer,0.11906206896551721,0.059758620689655165
2020-07-15,Consumer,0.08376086956521739,0.07095652173913045
2020-07-16,Consumer,0.1153896551724138,0.07006896551724139
2020-07-17,Consumer,0.065564,0.05733599999999999
2020-07-20,Consumer,0.056773684210526316,0.06470000000000001
2020-07-21,Consumer,0.05510322580645162,0.07199032258064517
2020-07-22,Consumer,0.2555869565217392,0.20101739130434784
2020-07-23,Consumer,0.0766,0.08677058823529413
2020-07-24,Consumer,0.041721875000000005,0.06190625
2020-07-27,Consumer,-0.02698947368421052,-0.03468421052631579
2020-07-28,Consumer,0.1262285714285714,0.02255714285714286
2020-07-29,Consumer,0.09611428571428572,0.0971952380952381
2020-07-30,Consumer,0.11200256410256411,0.05816153846153846
2020-07-31,Consumer,0.11074166666666667,0.059020833333333335
2020-08-03,Consumer,0.08989473684210528,0.06686842105263159
2020-08-04,Consumer,0.0845361111111111,0.031061111111111112
2020-08-05,Consumer,0.0667025,0.093325
2020-08-06,Consumer,0.09140576923076923,0.08934615384615384
2020-08-07,Consumer,0.07323529411764707,0.006558823529411761
2020-08-10,Consumer,0.11686666666666667,0.14635333333333334
2020-08-11,Consumer,0.157075,0.11323333333333334
2020-08-12,Consumer,0.07073181818181819,0.02603181818181818
2020-08-13,Consumer,0.047664285714285715,0.10355
2020-08-14,Consumer,0.14221875,0.07431249999999999
2020-08-17,Consumer,0.06579166666666668,-0.040141666666666666
2020-08-18,Consumer,0.07066086956521739,0.055267391304347824
2020-08-19,Consumer,0.13520454545454544,0.1937840909090909
2020-08-20,Consumer,0.11024062500000001,0.1275
2020-08-21,Consumer,0.09053684210526317,0.07860000000000002
2020-08-24,Consumer,0.17501904761904763,0.14652857142857142
2020-08-25,Consumer,0.14952222222222222,0.07178888888888887
2020-08-26,Consumer,0.07792666666666667,0.10202666666666665
2020-08-27,Consumer,0.14614,-0.012973333333333337
2020-08-28,Consumer,0.08150000000000002,0.05038518518518518
2020-08-31,Consumer,0.17443913043478262,0.11055217391304348
2020-09-01,Consumer,0.12331481481481481,0.05697037037037037
2020-09-02,Consumer,0.10191724137931034,0.09193793103448275
2020-09-03,Consumer,0.2016058823529412,0.11904705882352941
2020-09-04,Consumer,0.209545,0.088805
2020-09-08,Consumer,0.02575625,0.02985
2020-09-09,Consumer,0.09972682926829268,0.004726829268292688
2020-09-10,Consumer,0.11311363636363637,0.09051818181818182
2020-09-11,Consumer,0.10048,0.11109333333333332
2020-09-14,Consumer,0.07825,0.060849999999999994
2020-09-15,Consumer,0.07591818181818182,0.03736969696969697
2020-09-16,Consumer,0.12619444444444444,0.13826666666666668
2020-09-17,Consumer,0.19890909090909092,0.036599999999999994
2020-09-18,Consumer,0.23284166666666664,0.16220416666666668
2020-09-21,Consumer,0.015511538461538462,0.04365000000000001
2020-09-22,Consumer,0.020679999999999997,0.02847142857142857
2020-09-23,Consumer,0.20780999999999997,0.0814
2020-09-24,Consumer,0.070371875,0.051484375
2020-09-25,Consumer,0.11932105263157895,0.17326842105263154
2020-09-28,Consumer,-0.039271428571428575,0.0015785714285714212
2020-09-29,Consumer,0.04653235294117647,0.0666470588235294
2020-09-30,Consumer,0.19133000000000003,0.14098333333333332
2020-10-01,Consumer,0.13842222222222222,0.05739999999999999
2020-10-02,Consumer,0.025787500000000005,0.0122125
2020-10-05,Consumer,0.1002611111111111,0.08277777777777778
2020-10-06,Consumer,0.101175,0.04822916666666666
2020-10-07,Consumer,0.19910555555555554,0.09442222222222223
2020-10-08,Consumer,0.08737647058823529,0.08641176470588234
2020-10-09,Consumer,0.07021428571428572,0.11061428571428572
2020-10-12,Consumer,0.020379999999999992,0.08542000000000001
2020-10-13,Consumer,0.21847272727272726,0.11279696969696969
2020-10-14,Consumer,0.057145161290322585,0.05589354838709678
2020-10-15,Consumer,0.10672222222222222,0.09482777777777779
2020-10-16,Consumer,0.061095,0.004445
2020-10-19,Consumer,0.26110714285714287,0.16937142857142856
2020-10-20,Consumer,0.2348086956521739,0.11784782608695651
2020-10-21,Consumer,0.19251818181818184,0.15125454545454547
2020-10-22,Consumer,0.19760526315789476,0.13279473684210527
2020-10-23,Consumer,0.08359761904761905,0.15303333333333335
2020-10-26,Consumer,0.20064666666666667,0.10666666666666667
2020-10-27,Consumer,0.0672037037037037,0.04674444444444445
2020-10-28,Consumer,0.04824666666666667,0.11104
2020-10-29,Consumer,0.12450714285714286,-0.018128571428571428
2020-10-30,Consumer,0.028814285714285712,0.03294761904761905
2020-11-02,Consumer,0.10994347826086957,0.11960869565217393
2020-11-03,Consumer,0.08522916666666668,0.0010124999999999995
2020-11-04,Consumer,0.1302086956521739,0.08028260869565217
2020-11-05,Consumer,0.058215384615384606,0.06311538461538463
2020-11-06,Consumer,0.059681250000000005,-0.03640000000000001
2020-11-09,Consumer,0.06034545454545455,0.0843590909090909
2020-11-10,Consumer,0.061349999999999995,0.07440454545454546
2020-11-11,Consumer,0.10560588235294117,0.11222352941176471
2020-11-12,Consumer,0.12400000000000001,0.10126428571428571
2020-11-13,Consumer,0.06212558139534883,-0.014446511627906977
2020-11-16,Consumer,0.15370967741935482,0.11073548387096775
2020-11-17,Consumer,0.14503863636363637,0.06996590909090909
2020-11-18,Consumer,0.14595333333333335,0.1823
2020-11-19,Consumer,0.1494421052631579,0.1122578947368421
2020-11-20,Consumer,0.0550625,-0.06746250000000001
2020-11-23,Consumer,0.11633076923076922,0.04856153846153846
2020-11-24,Consumer,0.18554864864864865,0.11552972972972975
2020-11-25,Consumer,0.030773333333333333,0.062040000000000005
2020-11-27,Consumer,0.24371333333333334,0.16172666666666666
2020-11-30,Consumer,0.139125,0.1608
2020-12-01,Consumer,0.20935625,0.08780625
2020-12-02,Consumer,0.3084,0.0455625
2020-12-03,Consumer,0.020880769230769227,0.043169230769230765
2020-12-04,Consumer,0.17365384615384613,0.11907307692307693
2020-12-07,Consumer,0.14792,0.08369000000000001
2020-12-08,Consumer,0.13982051282051283,0.06254871794871796
2020-12-09,Consumer,0.13677727272727272,0.06314545454545455
2020-12-10,Consumer,0.0457047619047619,0.009385714285714284
2020-12-11,Consumer,0.11173478260869565,0.06538260869565217
2020-12-14,Consumer,0.023827586206896546,-0.03160689655172414
2020-12-15,Consumer,0.03565714285714286,0.059539999999999996
2020-12-16,Consumer,0.19779,0.07681999999999999
2020-12-17,Consumer,0.18026470588235297,0.0670705882352941
2020-12-18,Consumer,0.0720625,0.100075
2020-12-21,Consumer,0.2239346153846154,0.09486538461538462
2020-12-22,Consumer,0.07828166666666667,0.05749166666666668
2020-12-23,Consumer,0.025993749999999996,0.05032500000000001
2020-12-24,Consumer,0.11970454545454544,0.13116363636363637
2020-12-28,Consumer,0.22275238095238098,0.11727142857142857
2020-12-29,Consumer,0.1938,0.09610769230769231
2020-12-30,Consumer,0.18578636363636364,0.14079545454545456
2020-12-31,Consumer,0.39913,0.18695
2021-01-04,Consumer,0.22860952380952385,0.14691428571428572
2021-01-05,Consumer,0.07636296296296295,0.03835185185185185
2021-01-06,Consumer,0.07177777777777777,0.047022222222222215
2021-01-07,Consumer,0.13132500000000003,0.10416874999999999
2021-01-08,Consumer,0.11878947368421053,0.05799473684210526
2021-01-11,Consumer,0.197,0.18388666666666667
2021-01-12,Consumer,0.1410266666666667,0.1384733333333333
2021-01-13,Consumer,0.16882000000000003,0.069835
2021-01-14,Consumer,0.09281333333333333,-0.05859333333333334
2021-01-15,Consumer,0.10034117647058824,0.04384117647058824
2021-01-19,Consumer,0.16286666666666666,0.011766666666666667
2021-01-20,Consumer,0.05755517241379311,0.037063793103448275
2021-01-21,Consumer,-0.05041764705882354,-0.039788235294117645
2021-01-22,Consumer,-0.014094117647058826,0.05321764705882353
2021-01-25,Consumer,0.05708947368421052,0.07390526315789474
2021-01-26,Consumer,0.062904,0.05169599999999999
2021-01-27,Consumer,0.05798846153846153,0.023276923076923077
2021-01-28,Consumer,0.03690909090909091,-0.09124090909090908
2021-01-29,Consumer,0.11867391304347827,0.09111739130434782
2021-02-01,Consumer,0.1990117647058824,0.09974705882352941
2021-02-02,Consumer,0.05991500000000001,0.030299999999999994
2021-02-03,Consumer,0.16902857142857144,0.04162142857142857
2021-02-04,Consumer,0.05891052631578947,0.06241052631578947
2021-02-05,Consumer,0.09054374999999999,0.07521875
2021-02-08,Consumer,-0.15341428571428573,-0.036028571428571424
2021-02-09,Consumer,0.1484815789473684,0.1448763157894737
2021-02-10,Consumer,0.0642578947368421,0.005542105263157895
2021-02-11,Consumer,0.1306695652173913,0.16278695652173913
2021-02-12,Consumer,0.12739666666666669,0.14601333333333333
2021-02-16,Consumer,0.12975384615384614,0.04513846153846154
2021-02-17,Consumer,0.0838948717948718,0.07677435897435898
2021-02-18,Consumer,0.10831666666666667,0.05716111111111111
2021-02-19,Consumer,0.08986774193548387,0.023312903225806453
2021-02-22,Consumer,0.22274000000000002,0.1135
2021-02-23,Consumer,0.08946000000000001,0.10042
2021-02-24,Consumer,0.15021428571428572,0.10347142857142856
2021-02-25,Consumer,0.02365454545454545,0.010790909090909094
2021-02-26,Consumer,0.09836400000000001,0.04178000000000001
2021-03-01,Consumer,0.17138333333333333,0.09229444444444443
2021-03-02,Consumer,0.1480235294117647,0.09981176470588236
2021-03-03,Consumer,0.054810000000000005,0.10799999999999998
2021-03-04,Consumer,0.05734,0.023783999999999996
2021-03-05,Consumer,-0.03592272727272727,-0.036922727272727274
2021-03-08,Consumer,0.19179411764705884,0.1479470588235294
2021-03-09,Consumer,0.10668260869565216,0.11284782608695654
2021-03-10,Consumer,0.1197304347826087,0.04792608695652173
2021-03-11,Consumer,0.094032,0.05842000000000001
2021-03-12,Consumer,0.18385217391304348,0.13608260869565217
2021-03-15,Consumer,0.13792777777777776,0.10456666666666667
2021-03-16,Consumer,0.16110285714285716,0.07938285714285714
2021-03-17,Consumer,0.12471363636363636,0.09394999999999999
2021-03-18,Consumer,0.12288823529411766,0.12738823529411764
2021-03-19,Consumer,0.13628,0.092135
2021-03-22,Consumer,0.058164,0.07242
2021-03-23,Consumer,0.12755882352941175,0.11526470588235294
2021-03-24,Consumer,0.1755,0.09566
2021-03-25,Consumer,0.17599166666666666,0.05475833333333333
2021-03-26,Consumer,0.023509375,0.018090625
2021-03-29,Consumer,-0.05065000000000001,0.025434615384615385
2021-03-30,Consumer,0.23846129032258065,0.022667741935483862
2021-03-31,Consumer,0.11882000000000001,0.07577999999999999
2021-04-01,Consumer,0.13626923076923078,0.1501846153846154
2021-04-05,Consumer,0.09314,0.05003333333333334
2021-04-06,Consumer,0.16964814814814813,0.15524074074074073
2021-04-07,Consumer,0.15482608695652172,0.05218260869565217
2021-04-08,Consumer,0.05657500000000001,0.021200000000000007
2021-04-09,Consumer,0.2998409090909091,0.20804090909090914
2021-04-12,Consumer,0.16142142857142858,0.09759285714285713
2021-04-13,Consumer,0.17224545454545453,0.17363636363636364
2021-04-14,Consumer,0.109925,0.07945624999999999
2021-04-15,Consumer,-0.013333333333333327,0.052514285714285715
2021-04-16,Consumer,-0.02477058823529412,-0.06504117647058823
2021-04-19,Consumer,0.20044499999999998,0.1628
2021-04-20,Consumer,0.02381,0.11891
2021-04-21,Consumer,0.03724615384615385,0.055857692307692317
2021-04-22,Consumer,0.0909,0.09073636363636363
2021-04-23,Consumer,0.23862666666666668,0.1231
2021-04-26,Consumer,0.11418636363636364,0.029609090909090908
2021-04-27,Consumer,0.16399999999999998,0.11697096774193548
2021-04-28,Consumer,0.036254545454545456,0.03888181818181818
2021-04-29,Consumer,0.17363333333333333,0.08946666666666668
2021-04-30,Consumer,-0.0033076923076923023,0.08856153846153846
2021-05-03,Consumer,0.08309130434782608,0.056934782608695646
2021-05-04,Consumer,0.11698947368421055,0.0945157894736842
2021-05-05,Consumer,0.17475000000000002,0.11396111111111111
2021-05-06,Consumer,0.003350000000000001,0.03130555555555556
2021-05-07,Consumer,0.111555,0.05799000000000001
2021-05-10,Consumer,-0.06798888888888889,-0.04471111111111111
2021-05-11,Consumer,0.08258125,0.02343125
2021-05-12,Consumer,0.07532941176470588,0.06423529411764706
2021-05-13,Consumer,0.04129090909090909,0.000827272727272727
2021-05-14,Consumer,0.2197625,0.2538125
2021-05-17,Consumer,-0.004116666666666657,0.0036888888888888835
2021-05-18,Consumer,0.05924358974358975,0.005246153846153843
2021-05-19,Consumer,0.05067179487179487,0.03506153846153846
2021-05-20,Consumer,0.023817391304347825,-0.06056521739130436
2021-05-21,Consumer,0.1897318181818182,0.09794090909090909
2021-05-24,Consumer,0.1781066666666667,0.06214000000000001
2021-05-25,Consumer,0.1406375,0.081234375
2021-05-26,Consumer,0.15974666666666665,0.07176
2021-05-27,Consumer,0.13025714285714288,0.09079047619047617
2021-05-28,Consumer,0.227,0.08434
2021-06-01,Consumer,0.19587272727272725,0.1184909090909091
2021-06-02,Consumer,0.18223333333333333,0.11275555555555557
2021-06-03,Consumer,0.15137333333333333,0.036866666666666666
2021-06-04,Consumer,0.2046,0.09973333333333334
2021-06-07,Consumer,0.12816666666666668,0.07095000000000001
2021-06-08,Consumer,0.07399583333333333,0.015250000000000005
2021-06-09,Consumer,0.058823529411764705,0.027052941176470592
2021-06-10,Consumer,0.03419999999999999,-0.03417777777777778
2021-06-11,Consumer,0.099315,0.03665
2021-06-14,Consumer,0.041053846153846156,0.0439
2021-06-15,Consumer,0.12234285714285714,0.056576190476190474
2021-06-16,Consumer,0.2863833333333333,0.07470833333333333
2021-06-17,Consumer,0.145785,0.121175
2021-06-18,Consumer,0.09785,-0.05963
2021-06-21,Consumer,0.19566666666666668,0.21332666666666666
2021-06-22,Consumer,0.03107428571428571,0.011231428571428574
2021-06-23,Consumer,0.01088461538461539,0.07997692307692308
2021-06-24,Consumer,0.11206,0.07856500000000001
2021-06-25,Consumer,0.16717083333333335,0.10782916666666666
2021-06-28,Consumer,0.08523030303030303,0.1756666666666667
2021-06-29,Consumer,0.14578148148148148,0.0844037037037037
2021-06-30,Consumer,-0.047569230769230766,-0.008430769230769238
2021-07-01,Consumer,0.07528500000000002,0.011134999999999989
2021-07-02,Consumer,0.1430153846153846,0.03366153846153846
2021-07-06,Consumer,0.21715555555555557,0.2459666666666667
2021-07-07,Consumer,0.11308421052631579,0.08307368421052631
2021-07-08,Consumer,0.1197875,0.07554374999999999
2021-07-09,Consumer,0.0022999999999999848,0.05114285714285714
2021-07-12,Consumer,0.08412142857142857,0.12277142857142856
2021-07-13,Consumer,0.12059473684210527,0.07080526315789473
2021-07-14,Consumer,0.18343888888888887,0.14550555555555555
2021-07-15,Consumer,0.026914285714285717,-0.042042857142857146
2021-07-16,Consumer,0.07246190476190476,0.025885714285714283
2021-07-19,Consumer,0.1401,0.07381333333333333
2021-07-20,Consumer,-0.022025000000000003,0.011378125000000006
2021-07-21,Consumer,0.18850833333333336,0.09153333333333334
2021-07-22,Consumer,0.20448636363636366,0.07512272727272727
2021-07-23,Consumer,0.05520000000000001,0.016444444444444446
2021-07-26,Consumer,0.17094615384615383,0.11295384615384615
2021-07-27,Consumer,0.12191428571428571,0.14076190476190475
2021-07-28,Consumer,0.1160952380952381,0.05378095238095238
2021-07-29,Consumer,0.21028095238095237,0.09732857142857142
2021-07-30,Consumer,0.157296,0.05763599999999999
2021-08-02,Consumer,0.020978947368421055,0.032815789473684215
2021-08-03,Consumer,0.11494117647058824,-0.005323529411764705
2021-08-04,Consumer,0.11549411764705883,0.20921764705882354
2021-08-05,Consumer,0.03836428571428572,-0.06577857142857142
2021-08-06,Consumer,0.2535846153846154,0.15623076923076923
2021-08-09,Consumer,0.1429,0.06594166666666666
2021-08-10,Consumer,0.1568304347826087,0.05490869565217392
2021-08-11,Consumer,0.07884615384615384,0.08985384615384615
2021-08-12,Consumer,0.029599999999999998,0.10577
2021-08-13,Consumer,0.04982857142857144,0.13636428571428572
2021-08-16,Consumer,0.17837999999999998,0.11659142857142858
2021-08-17,Consumer,0.07811538461538461,0.026471794871794872
2021-08-18,Consumer,0.03788125,0.016787500000000004
2021-08-19,Consumer,0.0655235294117647,0.04062352941176471
2021-08-20,Consumer,0.22660909090909093,0.07296363636363637
2021-08-23,Consumer,0.1100076923076923,0.04422307692307692
2021-08-24,Consumer,0.04766666666666666,0.03203333333333334
2021-08-25,Consumer,0.05133076923076923,0.03477692307692308
2021-08-26,Consumer,0.2175090909090909,0.09335909090909089
2021-08-27,Consumer,0.11396842105263158,0.019057894736842107
2021-08-30,Consumer,0.2133733333333333,0.07212
2021-08-31,Consumer,0.1432238095238095,0.1265904761904762
2021-09-01,Consumer,0.07294761904761905,0.0011333333333333354
2021-09-02,Consumer,0.19679375000000002,0.12239375
2021-09-03,Consumer,0.04382142857142856,0.10983571428571429
2021-09-07,Consumer,0.20858666666666667,0.06552666666666668
2021-09-08,Consumer,0.13997307692307695,0.0801
2021-09-09,Consumer,0.11352727272727271,0.08133636363636364
2021-09-10,Consumer,0.07236470588235294,0.032529411764705876
2021-09-13,Consumer,0.26221764705882356,0.07768823529411764
2021-09-14,Consumer,0.15585185185185185,0.07079259259259259
2021-09-15,Consumer,0.18785882352941177,0.11766470588235295
2021-09-16,Consumer,0.026715999999999997,0.076036
2021-09-17,Consumer,0.07406666666666668,-0.004393333333333331
2021-09-20,Consumer,0.13947142857142855,0.13000714285714285
2021-09-21,Consumer,0.16979393939393939,0.13938787878787878
2021-09-22,Consumer,0.065576,-0.017348000000000002
2021-09-23,Consumer,0.24535999999999997,0.12350666666666668
2021-09-24,Consumer,0.22662,0.134568
2021-09-27,Consumer,-0.04514,-0.07687666666666666
2021-09-28,Consumer,0.12978787878787879,0.12023333333333333
2021-09-29,Consumer,0.13665,0.1441125
2021-09-30,Consumer,0.16888181818181816,0.17731818181818182
2021-10-01,Consumer,0.015688888888888888,0.018872222222222228
2021-10-04,Consumer,0.21155,0.17402499999999999
2021-10-05,Consumer,0.17252142857142858,0.063375
2021-10-06,Consumer,-0.026607142857142857,-0.002985714285714284
2021-10-07,Consumer,0.1403111111111111,0.1114925925925926
2021-10-08,Consumer,0.026787500000000006,0.048624999999999995
2021-10-11,Consumer,-0.002730769230769242,0.07242307692307692
2021-10-12,Consumer,0.13157777777777777,0.07834814814814814
2021-10-13,Consumer,0.14141333333333334,0.029860000000000005
2021-10-14,Consumer,0.07712307692307693,0.04147692307692308
2021-10-15,Consumer,0.2596,0.1720125
2021-10-18,Consumer,0.3982333333333334,0.14758333333333334
2021-10-19,Consumer,0.08499666666666665,0.01855
2021-10-20,Consumer,0.0734,0.16047586206896552
2021-10-21,Consumer,0.14775,0.09183749999999999
2021-10-22,Consumer,0.048317241379310344,-0.01877931034482758
2021-10-25,Consumer,0.09938,0.04066
2021-10-26,Consumer,0.15457826086956522,0.14879565217391305
2021-10-27,Consumer,0.03435882352941176,0.06953529411764706
2021-10-28,Consumer,0.14150000000000001,0.07215625
2021-10-29,Consumer,0.017599999999999994,0.028089473684210525
2021-11-01,Consumer,0.07875357142857142,0.056614285714285714
2021-11-02,Consumer,0.08390588235294118,0.07976470588235293
2021-11-03,Consumer,0.1912125,0.03222916666666667
2021-11-04,Consumer,0.14319,0.06937
2021-11-05,Consumer,0.14788181818181817,0.10308181818181818
2021-11-08,Consumer,0.1966,0.2048307692307692
2021-11-09,Consumer,0.09247999999999998,0.08606
2021-11-10,Consumer,0.1703,0.08997777777777777
2021-11-11,Consumer,0.06147692307692308,0.04062692307692307
2021-11-12,Consumer,0.06213714285714286,0.11107142857142857
2021-11-15,Consumer,0.05344117647058824,-0.016905882352941173
2021-11-16,Consumer,0.055890625,0.066621875
2021-11-17,Consumer,0.2219764705882353,0.15863235294117647
2021-11-18,Consumer,0.14127333333333333,0.03403666666666667
2021-11-19,Consumer,0.15244827586206894,0.17929655172413794
2021-11-22,Consumer,0.07466190476190475,0.05326190476190477
2021-11-23,Consumer,0.11001538461538461,0.15636923076923076
2021-11-24,Consumer,0.14661538461538462,0.013384615384615384
2021-11-26,Consumer,0.08931111111111109,0.047933333333333335
2021-11-29,Consumer,0.22021666666666667,0.14532777777777778
2021-11-30,Consumer,0.010330434782608693,0.007330434782608696
2021-12-01,Consumer,0.11346470588235294,0.031264705882352944
2021-12-02,Consumer,-0.09623809523809523,-0.08042857142857143
2021-12-03,Consumer,0.16022941176470587,0.08836470588235293
2021-12-06,Consumer,0.2336,0.02441875
2021-12-07,Consumer,0.11952222222222222,0.034907407407407415
2021-12-08,Consumer,-0.02358571428571429,0.034100000000000005
2021-12-09,Consumer,0.03344999999999998,0.14146428571428574
2021-12-10,Consumer,0.13345,0.07471
2021-12-13,Consumer,0.04872499999999999,0.086575
2021-12-14,Consumer,0.053799999999999994,0.08014761904761905
2021-12-15,Consumer,0.11431,0.07150500000000001
2021-12-16,Consumer,0.2989,0.1846722222222222
2021-12-17,Consumer,0.25865,0.08894
2021-12-20,Consumer,0.10277241379310346,0.06123448275862069
2021-12-21,Consumer,0.09310526315789475,0.1047421052631579
2021-12-22,Consumer,0.1804709677419355,0.16627741935483872
2021-12-23,Consumer,-0.01902857142857142,-0.037192857142857146
2021-12-27,Consumer,0.12638749999999999,0.06835625000000001
2021-12-28,Consumer,0.18220833333333333,0.13293333333333332
2021-12-29,Consumer,0.049916666666666665,0.002922222222222221
2021-12-30,Consumer,0.06711333333333333,0.12298666666666666
2021-12-31,Consumer,0.09172631578947368,0.10823157894736841
2022-01-03,Consumer,0.027308333333333334,0.024841666666666665
2022-01-04,Consumer,0.07183181818181818,0.00946818181818182
2022-01-05,Consumer,0.0,0.007742857142857143
2022-01-06,Consumer,0.0575,0.054277272727272736
2022-01-07,Consumer,0.15514705882352942,0.10995882352941176
2022-01-10,Consumer,0.042122222222222214,0.07951111111111112
2022-01-11,Consumer,0.10112799999999998,0.02220799999999999
2022-01-12,Consumer,0.06780000000000001,0.11375555555555555
2022-01-13,Consumer,0.06069,0.041139999999999996
2022-01-14,Consumer,0.23220833333333332,0.10917500000000001
2022-01-18,Consumer,-0.02512500000000001,-0.0014791666666666727
2022-01-19,Consumer,0.041438461538461535,0.06732820512820513
2022-01-20,Consumer,0.0964875,0.06468333333333333
2022-01-21,Consumer,0.1156777777777778,0.05556666666666667
2022-01-24,Consumer,0.056553124999999996,-0.044740625
2022-01-25,Consumer,0.09418,0.09358333333333334
2022-01-26,Consumer,0.059805,0.07017
2022-01-27,Consumer,0.06561923076923078,0.06968076923076923
2022-01-28,Consumer,0.045033333333333335,0.04217777777777777
2022-01-31,Consumer,0.0010199999999999988,0.004090000000000002
2022-02-01,Consumer,0.14369032258064515,0.11547419354838709
2022-02-02,Consumer,-0.047890322580645156,-0.018729032258064517
2022-02-03,Consumer,-0.05637777777777776,-0.01582222222222222
2022-02-04,Consumer,0.18425454545454542,0.020472727272727264
2022-02-07,Consumer,0.09973333333333333,0.08893333333333334
2022-02-08,Consumer,0.04504883720930233,0.02632558139534884
2022-02-09,Consumer,0.12828709677419356,0.13440322580645161
2022-02-10,Consumer,0.13840000000000002,0.07909411764705881
2022-02-11,Consumer,0.06833877551020409,0.06441428571428572
2022-02-14,Consumer,0.009014285714285709,0.031124999999999996
2022-02-15,Consumer,0.08626734693877551,0.0657061224489796
2022-02-16,Consumer,0.11403636363636363,0.07278636363636365
2022-02-17,Consumer,0.19987500000000002,0.12537500000000001
2022-02-18,Consumer,0.04046486486486486,0.068
2022-02-22,Consumer,0.015880952380952388,0.04652857142857143
2022-02-23,Consumer,0.14022307692307692,0.08244615384615385
2022-02-24,Consumer,0.00557272727272729,0.06697272727272727
2022-02-25,Consumer,0.038226086956521736,-0.01099999999999999
2022-02-28,Consumer,0.10134285714285714,0.060942857142857146
2022-03-01,Consumer,0.15257352941176472,0.03836764705882353
2022-03-02,Consumer,-0.006890909090909089,0.04753181818181818
2022-03-03,Consumer,0.13282272727272726,0.03605
2022-03-04,Consumer,0.11029411764705882,0.11415882352941176
2022-03-07,Consumer,0.07335384615384617,0.0734423076923077
2022-03-08,Consumer,0.12396666666666667,0.1293291666666667
2022-03-09,Consumer,0.153965,0.069755
2022-03-10,Consumer,0.04790000000000001,-0.02214375
2022-03-11,Consumer,0.054109523809523816,0.00798095238095238
2022-03-14,Consumer,0.08010869565217392,-0.007926086956521748
2022-03-15,Consumer,0.0688,0.056996428571428566
2022-03-16,Consumer,0.17172857142857142,0.1352357142857143
2022-03-17,Consumer,0.107888,0.008383999999999996
2022-03-18,Consumer,0.07160400000000001,0.07122
2022-03-21,Consumer,0.11668421052631582,0.022915789473684212
2022-03-22,Consumer,0.1697,0.11130833333333331
2022-03-23,Consumer,0.24099600000000002,0.29877200000000004
2022-03-24,Consumer,0.19625333333333334,0.07904666666666667
2022-03-25,Consumer,-0.04512857142857143,-0.028390476190476188
2022-03-28,Consumer,0.17096818181818182,0.12029999999999999
2022-03-29,Consumer,0.15078918918918918,0.10213243243243243
2022-03-30,Consumer,0.08728333333333334,0.12449583333333332
2022-03-31,Consumer,0.07615,-0.006808333333333334
2022-04-01,Consumer,0.05046153846153846,0.05138076923076924
2022-04-04,Consumer,0.024799999999999996,-0.020630434782608696
2022-04-05,Consumer,0.1174923076923077,0.09288717948717949
2022-04-06,Consumer,0.026776470588235294,0.016399999999999998
2022-04-07,Consumer,0.08796666666666668,0.09284
2022-04-08,Consumer,0.027410344827586208,-0.01410689655172414
2022-04-11,Consumer,0.1419529411764706,0.03673529411764706
2022-04-12,Consumer,0.1873939393939394,0.10206969696969696
2022-04-13,Consumer,0.08026153846153847,0.1115230769230769
2022-04-14,Consumer,0.0012312499999999893,0.061
2022-04-18,Consumer,0.07535238095238095,0.08695714285714286
2022-04-19,Consumer,0.10368666666666666,0.08276
2022-04-20,Consumer,0.094744,0.10460000000000001
2022-04-21,Consumer,0.01465714285714286,-0.004396428571428569
2022-04-22,Consumer,0.163232,0.071036
2022-04-25,Consumer,0.12024583333333334,0.06397083333333334
2022-04-26,Consumer,0.06472931034482758,0.02674310344827586
2022-04-27,Consumer,0.11499411764705882,0.08724705882352941
2022-04-28,Consumer,0.04378928571428571,0.07312500000000001
2022-04-29,Consumer,0.12783076923076922,0.05033076923076922
2022-05-02,Consumer,0.067953125,0.073071875
2022-05-03,Consumer,0.06396,0.008088000000000001
2022-05-04,Consumer,0.136496,0.054016
2022-05-05,Consumer,0.11121935483870968,0.06305483870967742
2022-05-06,Consumer,0.004052380952380957,0.035633333333333336
2022-05-09,Consumer,0.06695666666666668,0.04864
2022-05-10,Consumer,0.13106896551724137,0.0723793103448276
2022-05-11,Consumer,0.10772083333333332,0.09581666666666666
2022-05-12,Consumer,0.04027692307692307,-0.028238461538461542
2022-05-13,Consumer,-0.030412121212121206,-0.06403939393939394
2022-05-16,Consumer,0.04477727272727273,0.024295454545454544
2022-05-17,Consumer,0.03520333333333333,0.025185
2022-05-18,Consumer,0.09890638297872341,0.06846808510638298
2022-05-19,Consumer,0.04535121951219512,-0.08178048780487804
2022-05-20,Consumer,0.046810256410256414,0.002225641025641026
2022-05-23,Consumer,0.08921627906976744,-0.019539534883720937
2022-05-24,Consumer,0.07185333333333334,0.05544444444444445
2022-05-25,Consumer,0.108375,0.056789285714285716
2022-05-26,Consumer,0.03476785714285714,0.03938214285714286
2022-05-27,Consumer,0.11897500000000001,-0.002517857142857147
2022-05-31,Consumer,0.10012352941176471,0.11582941176470586
2022-06-01,Consumer,0.1195423076923077,0.04513076923076923
2022-06-02,Consumer,-0.0061321428571428594,0.03477499999999999
2022-06-03,Consumer,0.07592499999999999,0.029887500000000004
2022-06-06,Consumer,0.03993571428571429,-0.11748571428571429
2022-06-07,Consumer,0.10746388888888889,0.0036305555555555566
2022-06-08,Consumer,0.10800000000000001,0.03715
2022-06-09,Consumer,0.1444,0.10896666666666667
2022-06-10,Consumer,-0.016743478260869565,0.03697826086956522
2022-06-13,Consumer,0.035479166666666666,0.063525
2022-06-14,Consumer,0.053085714285714285,0.05259761904761905
2022-06-15,Consumer,0.012635000000000007,-0.006779999999999996
2022-06-16,Consumer,-0.03484090909090909,-0.003931818181818183
2022-06-17,Consumer,0.041390909090909096,0.09488636363636363
2022-06-21,Consumer,0.20487058823529414,0.14117058823529413
2022-06-22,Consumer,0.025006250000000004,0.0029416666666666653
2022-06-23,Consumer,0.10235652173913044,0.04122173913043479
2022-06-24,Consumer,0.1044103448275862,-0.0054551724137931
2022-06-27,Consumer,0.0577375,0.09000416666666666
2022-06-28,Consumer,0.11443137254901961,0.06572156862745099
2022-06-29,Consumer,0.031678378378378384,0.055054054054054065
2022-06-30,Consumer,0.035103225806451616,-0.02377741935483871
2022-07-01,Consumer,0.12488666666666667,0.08393333333333333
2022-07-05,Consumer,0.1338222222222222,0.07490000000000001
2022-07-06,Consumer,0.12365,0.036362500000000006
2022-07-07,Consumer,0.09655217391304348,0.0046521739130434775
2022-07-08,Consumer,0.08781176470588237,-0.003670588235294115
2022-07-11,Consumer,-0.015333333333333338,0.03565
2022-07-12,Consumer,0.16925925925925928,0.10291851851851853
2022-07-13,Consumer,0.11912258064516129,0.03483870967741936
2022-07-14,Consumer,0.15848421052631578,0.07014736842105264
2022-07-15,Consumer,0.14296521739130436,0.0212
2022-07-18,Consumer,0.06950416666666667,0.08055000000000001
2022-07-19,Consumer,0.144358064516129,0.07689032258064515
2022-07-20,Consumer,0.0999125,0.04527500000000001
2022-07-21,Consumer,-0.003131818181818175,0.04516818181818182
2022-07-22,Consumer,0.07997368421052632,0.028584210526315795
2022-07-25,Consumer,0.1340590909090909,0.08499545454545454
2022-07-26,Consumer,0.08163720930232557,0.03111860465116279
2022-07-27,Consumer,-0.06589759036144578,-0.1844686746987952
2022-07-28,Consumer,0.10027666666666667,0.09951333333333334
2022-07-29,Consumer,0.010895833333333335,0.07192083333333332
2022-08-01,Consumer,0.12382222222222222,0.10790000000000001
2022-08-02,Consumer,0.106275,0.05140833333333334
2022-08-03,Consumer,0.005895238095238097,-0.017338095238095243
2022-08-04,Consumer,0.08192142857142858,0.12032142857142857
2022-08-05,Consumer,0.08628888888888889,0.08509444444444444
2022-08-08,Consumer,0.038890000000000015,0.13968000000000003
2022-08-09,Consumer,0.07917714285714285,0.05966285714285714
2022-08-10,Consumer,0.06935714285714285,0.11914285714285713
2022-08-11,Consumer,0.08263181818181818,0.10432272727272728
2022-08-12,Consumer,0.05037804878048781,0.01833658536585366
2022-08-15,Consumer,0.14724500000000001,0.07017500000000002
2022-08-16,Consumer,0.08728548387096774,0.05879516129032258
2022-08-17,Consumer,0.11744363636363633,0.09207090909090909
2022-08-18,Consumer,0.026261904761904757,0.029407142857142854
2022-08-19,Consumer,0.061254166666666665,0.04734166666666667
2022-08-22,Consumer,0.1294483870967742,0.0637483870967742
2022-08-23,Consumer,0.12654827586206896,0.14137586206896552
2022-08-24,Consumer,0.14219411764705883,0.07414117647058822
2022-08-25,Consumer,0.03052105263157896,0.023047368421052622
2022-08-26,Consumer,0.02384615384615385,0.07620769230769232
2022-08-29,Consumer,-0.0533,0.022075
2022-08-30,Consumer,0.1250037037037037,0.045455555555555555
2022-08-31,Consumer,0.18167499999999998,0.12898
2022-09-01,Consumer,-0.039013043478260866,-0.009308695652173914
2022-09-02,Consumer,0.14392777777777777,0.09561666666666667
2022-09-06,Consumer,0.004589999999999994,-0.078355
2022-09-07,Consumer,0.08607142857142856,0.0938457142857143
2022-09-08,Consumer,0.12423225806451614,0.08670967741935483
2022-09-09,Consumer,0.19002222222222223,0.11483888888888888
2022-09-12,Consumer,0.26837222222222223,0.13254444444444444
2022-09-13,Consumer,0.17554074074074075,0.15437407407407408
2022-09-14,Consumer,0.2075315789473684,0.18006315789473684
2022-09-15,Consumer,0.14921562500000002,0.135053125
2022-09-16,Consumer,0.04136,-0.04396666666666667
2022-09-19,Consumer,0.19670833333333335,0.14520000000000002
2022-09-20,Consumer,0.2376333333333333,0.13390909090909092
2022-09-21,Consumer,-0.010157894736842114,-0.09794736842105264
2022-09-22,Consumer,0.168225,0.14686875
2022-09-23,Consumer,0.113312,0.09105999999999997
2022-09-26,Consumer,-0.04885263157894738,0.00721578947368421
2022-09-27,Consumer,0.18637407407407405,0.1855962962962963
2022-09-28,Consumer,0.03893333333333333,0.10385
2022-09-29,Consumer,0.020747619047619043,0.04443333333333334
2022-09-30,Consumer,0.10903888888888888,0.040225000000000004
2022-10-03,Consumer,0.07134054054054054,0.004740540540540539
2022-10-04,Consumer,0.11026666666666668,0.11662666666666667
2022-10-05,Consumer,-0.015753333333333338,-0.05938
2022-10-06,Consumer,0.08386250000000002,0.083275
2022-10-07,Consumer,0.13975833333333335,0.0831
2022-10-10,Consumer,-0.02165714285714285,0.018680952380952385
2022-10-11,Consumer,0.13162068965517243,0.048406896551724136
2022-10-12,Consumer,0.2592,0.17034444444444444
2022-10-13,Consumer,0.17721,0.03967
2022-10-14,Consumer,0.09868888888888888,0.043283333333333326
2022-10-17,Consumer,0.013799999999999993,0.05982105263157895
2022-10-18,Consumer,0.06767916666666667,0.08688333333333333
2022-10-19,Consumer,0.07836315789473684,0.009631578947368427
2022-10-20,Consumer,0.23653684210526316,0.1777421052631579
2022-10-21,Consumer,0.19638499999999998,0.143765
2022-10-24,Consumer,0.06076,0.06400666666666667
2022-10-25,Consumer,0.12289642857142856,0.07411071428571428
2022-10-26,Consumer,0.06357878787878789,0.09362727272727271
2022-10-27,Consumer,0.09587222222222223,0.08348333333333334
2022-10-28,Consumer,0.09028499999999999,-0.011945
2022-10-31,Consumer,0.09063333333333334,-0.05945
2022-11-01,Consumer,0.12828,0.0935
2022-11-02,Consumer,0.11568823529411765,0.16092352941176472
2022-11-03,Consumer,0.27494736842105266,0.1981157894736842
2022-11-04,Consumer,0.021478947368421052,0.12707894736842104
2022-11-07,Consumer,0.01393548387096774,0.06560967741935483
2022-11-08,Consumer,0.06430571428571429,0.09283428571428572
2022-11-09,Consumer,0.04853548387096774,0.08053870967741934
2022-11-10,Consumer,0.049018181818181815,-0.023981818181818184
2022-11-11,Consumer,-0.033326086956521735,-0.016039130434782615
2022-11-14,Consumer,0.1371578947368421,0.11001052631578949
2022-11-15,Consumer,0.10927297297297298,0.018840540540540542
2022-11-16,Consumer,0.1212530612244898,0.10138571428571429
2022-11-17,Consumer,0.04111944444444445,0.059663888888888884
2022-11-18,Consumer,0.19061739130434782,0.1684217391304348
2022-11-21,Consumer,0.09051176470588235,-0.049864705882352936
2022-11-22,Consumer,0.16056875,0.10769374999999999
2022-11-23,Consumer,0.08771250000000001,0.04584166666666667
2022-11-25,Consumer,0.17821923076923077,0.06568076923076924
2022-11-28,Consumer,0.21581891891891894,0.10788918918918919
2022-11-29,Consumer,0.1053148148148148,0.05657777777777778
2022-11-30,Consumer,0.1067,0.06576086956521739
2022-12-01,Consumer,0.18352,0.17688500000000001
2022-12-02,Consumer,0.1539222222222222,0.12843888888888888
2022-12-05,Consumer,0.165875,0.1323875
2022-12-06,Consumer,0.06527435897435897,0.08845128205128205
2022-12-07,Consumer,0.12394210526315788,0.016347368421052635
2022-12-08,Consumer,0.13335,0.10637142857142858
2022-12-09,Consumer,0.12337857142857143,0.08467499999999999
2022-12-12,Consumer,0.22285833333333335,0.16493333333333335
2022-12-13,Consumer,0.08695,0.046765
2022-12-14,Consumer,0.10306666666666665,0.044341666666666675
2022-12-15,Consumer,0.0646470588235294,0.0478
2022-12-16,Consumer,0.11247894736842104,0.02317368421052631
2022-12-19,Consumer,0.15678571428571428,0.07808095238095239
2022-12-20,Consumer,0.12969310344827586,0.10213103448275863
2022-12-21,Consumer,0.12197272727272729,0.13171818181818182
2022-12-22,Consumer,0.12557608695652175,0.06565434782608696
2022-12-23,Consumer,0.06581304347826088,0.10456086956521739
2022-12-27,Consumer,0.1308923076923077,0.1011846153846154
2022-12-28,Consumer,0.1736657142857143,0.14496
2022-12-29,Consumer,0.082875,0.04157500000000001
2022-12-30,Consumer,0.13699545454545456,0.1064590909090909
2023-01-03,Consumer,0.186444,0.137524
2023-01-04,Consumer,0.07253529411764706,0.03536470588235294
2023-01-05,Consumer,0.09197916666666667,0.06588333333333334
2023-01-06,Consumer,0.12521428571428572,0.06080000000000001
2023-01-09,Consumer,0.18671,0.13411
2023-01-10,Consumer,0.16802799999999998,0.056704000000000004
2023-01-11,Consumer,0.14837692307692307,0.023961538461538458
2023-01-12,Consumer,0.03972857142857143,0.019166666666666672
2023-01-13,Consumer,0.07681785714285715,0.10395357142857142
2023-01-17,Consumer,0.16071764705882352,0.16001176470588233
2023-01-18,Consumer,0.21836470588235296,0.09466666666666668
2023-01-19,Consumer,0.17845185185185186,0.14804444444444445
2023-01-20,Consumer,0.029037500000000004,0.04297916666666666
2023-01-23,Consumer,0.034183333333333336,-0.010183333333333332
2023-01-24,Consumer,0.21783548387096777,0.13434838709677419
2023-01-25,Consumer,0.15957272727272728,0.060633333333333324
2023-01-26,Consumer,0.13377142857142857,0.07853333333333333
2023-01-27,Consumer,0.14759999999999998,0.025363157894736837
2023-01-30,Consumer,0.13522105263157894,0.05774210526315789
2023-01-31,Consumer,0.08237333333333334,0.011590000000000005
2023-02-01,Consumer,0.07093333333333333,0.07037619047619048
2023-02-02,Consumer,0.12163636363636364,0.09420909090909091
2023-02-03,Consumer,0.168805,0.09986
2023-02-06,Consumer,0.16422105263157896,0.05433157894736842
2023-02-07,Consumer,0.023578947368421057,-0.015855263157894733
2023-02-08,Consumer,0.15223571428571428,0.24497857142857143
2023-02-09,Consumer,0.1296923076923077,0.15655384615384615
2023-02-10,Consumer,0.06981395348837209,0.1701720930232558
2023-02-13,Consumer,0.16765,0.08881666666666667
2023-02-14,Consumer,0.13416829268292682,0.06936585365853658
2023-02-15,Consumer,0.1879,0.08602972972972973
2023-02-16,Consumer,0.03314375,0.0632375
2023-02-17,Consumer,0.016925,0.012675
2023-02-21,Consumer,0.11043571428571429,0.07649285714285715
2023-02-22,Consumer,0.06598791208791209,0.020863736263736263
2023-02-23,Consumer,0.09024827586206896,0.03821379310344828
2023-02-24,Consumer,0.1192761904761905,0.041747619047619054
2023-02-27,Consumer,0.01490714285714286,0.038671428571428565
2023-02-28,Consumer,0.05808214285714285,0.012496428571428565
2023-03-01,Consumer,0.14297692307692308,0.09409230769230768
2023-03-02,Consumer,0.08810714285714286,0.07267857142857144
2023-03-03,Consumer,0.2112269230769231,0.09215769230769232
2023-03-06,Consumer,0.18843333333333334,0.07455555555555556
2023-03-07,Consumer,0.042042857142857146,-0.0067428571428571425
2023-03-08,Consumer,0.17087142857142856,0.12441428571428573
2023-03-09,Consumer,0.25699090909090905,0.05576363636363637
2023-03-10,Consumer,0.10677619047619048,0.13418095238095237
2023-03-13,Consumer,0.12322380952380951,0.03404761904761905
2023-03-14,Consumer,0.1464878048780488,0.08452926829268292
2023-03-15,Consumer,0.039726315789473686,0.08074736842105264
2023-03-16,Consumer,0.074985,0.07576000000000001
2023-03-17,Consumer,0.05087333333333334,-0.05355333333333333
2023-03-20,Consumer,0.032605882352941165,0.0404
2023-03-21,Consumer,0.06495384615384615,0.07091923076923076
2023-03-22,Consumer,0.1494285714285714,0.18525714285714287
2023-03-23,Consumer,-0.03430333333333334,-0.022890000000000004
2023-03-24,Consumer,0.11595,0.080485
2023-03-27,Consumer,0.10244,0.059813333333333336
2023-03-28,Consumer,0.15350344827586207,0.14335862068965516
2023-03-29,Consumer,0.17429545454545456,0.15702272727272726
2023-03-30,Consumer,0.17804166666666668,0.09831666666666668
2023-03-31,Consumer,0.13768846153846154,0.062207692307692304
2023-04-03,Consumer,0.08901250000000001,0.06495416666666667
2023-04-04,Consumer,0.13317234042553194,0.11603191489361703
2023-04-05,Consumer,0.08286923076923076,0.059653846153846155
2023-04-06,Consumer,0.079535,0.038635
2023-04-10,Consumer,0.08738461538461538,0.05530769230769231
2023-04-11,Consumer,0.11556857142857144,0.05698857142857142
2023-04-12,Consumer,0.0796,0.08505
2023-04-13,Consumer,0.046895000000000006,0.033824999999999994
2023-04-14,Consumer,0.02495652173913043,-0.003586956521739131
2023-04-17,Consumer,0.0844625,0.02676875
2023-04-18,Consumer,0.02914871794871795,-0.011897435897435898
2023-04-19,Consumer,-0.037957142857142856,0.07659523809523809
2023-04-20,Consumer,0.062975,0.08
2023-04-21,Consumer,0.16980454545454546,0.060713636363636365
2023-04-24,Consumer,0.13864090909090906,0.12066363636363638
2023-04-25,Consumer,0.12188478260869565,0.1189891304347826
2023-04-26,Consumer,0.09249333333333333,0.09812333333333333
2023-04-27,Consumer,0.07169736842105263,0.046442105263157896
2023-04-28,Consumer,0.046056,-0.014639999999999995
2023-05-01,Consumer,0.09644285714285714,0.03598214285714286
2023-05-02,Consumer,0.0697794117647059,0.03400588235294118
2023-05-03,Consumer,0.050896153846153855,0.013084615384615386
2023-05-04,Consumer,0.175348,0.06470000000000001
2023-05-05,Consumer,-0.008174999999999997,-0.026262499999999998
2023-05-08,Consumer,0.08135,0.0037428571428571446
2023-05-09,Consumer,0.051522580645161305,0.062416129032258065
2023-05-10,Consumer,0.15399999999999997,0.015261538461538458
2023-05-11,Consumer,0.04300400000000001,0.030356
2023-05-12,Consumer,0.12576315789473683,0.028252631578947373
2023-05-15,Consumer,0.05432,0.03851333333333333
2023-05-16,Consumer,0.07932999999999998,0.014587499999999998
2023-05-17,Consumer,-0.004076923076923076,0.0026192307692307626
2023-05-18,Consumer,0.03748064516129032,0.07465483870967742
2023-05-19,Consumer,0.15006444444444444,0.0666311111111111
2023-05-22,Consumer,0.02357906976744186,0.02591860465116278
2023-05-23,Consumer,0.045113043478260874,0.05830652173913044
2023-05-24,Consumer,-0.009878947368421051,-0.02087894736842105
2023-05-25,Consumer,0.03425909090909091,-0.01458636363636364
2023-05-26,Consumer,0.09384999999999999,0.05207142857142858
2023-05-30,Consumer,0.11511874999999999,0.07401875
2023-05-31,Consumer,0.10406585365853659,0.01011219512195122
2023-06-01,Consumer,0.08994999999999999,0.07623333333333333
2023-06-02,Consumer,0.11016000000000002,0.048952
2023-06-05,Consumer,-0.04017647058823529,0.011141176470588232
2023-06-06,Consumer,-0.010459459459459461,0.060605405405405405
2023-06-07,Consumer,0.13958823529411765,0.07426470588235295
2023-06-08,Consumer,0.11929642857142857,0.05105357142857143
2023-06-09,Consumer,0.11670434782608696,0.06854347826086957
2023-06-12,Consumer,0.08619,0.058675
2023-06-13,Consumer,0.088465625,0.06615625
2023-06-14,Consumer,0.04860666666666667,0.02928000000000001
2023-06-15,Consumer,0.030050000000000004,0.06307666666666666
2023-06-16,Consumer,0.07781600000000001,0.038524
2023-06-20,Consumer,-0.0067785714285714315,0.025328571428571426
2023-06-21,Consumer,0.008726190476190472,-0.030126190476190473
2023-06-22,Consumer,0.11025384615384616,0.09061538461538461
2023-06-23,Consumer,0.06486666666666667,0.11144545454545454
2023-06-26,Consumer,0.02307272727272727,-0.002700000000000009
2023-06-27,Consumer,0.1360742857142857,0.008782857142857143
2023-06-28,Consumer,0.1392157894736842,0.11019999999999999
2023-06-29,Consumer,0.12124444444444446,0.09746111111111112
2023-06-30,Consumer,0.014200000000000004,0.107403125
2023-07-03,Consumer,0.08368571428571428,0.08790816326530611
2023-07-05,Consumer,0.06819666666666667,0.006463333333333333
2023-07-06,Consumer,0.10402068965517242,0.08778620689655171
2023-07-07,Consumer,0.08317,0.09905499999999999
2023-07-10,Consumer,0.0917235294117647,0.03287058823529413
2023-07-11,Consumer,0.021240740740740744,0.05341481481481482
2023-07-12,Consumer,0.17050689655172413,0.036531034482758615
2023-07-13,Consumer,0.11066206896551724,0.0649103448275862
2023-07-14,Consumer,0.14531612903225807,0.10044516129032258
2023-07-17,Consumer,0.1282695652173913,0.11194782608695653
2023-07-18,Consumer,0.037134375,0.028778125
2023-07-19,Consumer,0.03119666666666668,0.032386666666666675
2023-07-20,Consumer,0.16512000000000002,0.123695
2023-07-21,Consumer,0.11716363636363636,0.11565909090909092
2023-07-24,Consumer,0.03256315789473684,0.08517894736842106
2023-07-25,Consumer,0.10924411764705882,0.09166176470588236
2023-07-26,Consumer,0.06985769230769232,0.10174615384615385
2023-07-27,Consumer,0.09543055555555555,0.06168611111111111
2023-07-28,Consumer,0.12460909090909089,0.1024681818181818
2023-07-31,Consumer,0.09696470588235295,0.07199411764705882
2023-08-01,Consumer,0.09445799999999999,0.09376799999999999
2023-08-02,Consumer,0.09484814814814814,0.09878888888888888
2023-08-03,Consumer,0.004054838709677414,0.009777419354838715
2023-08-04,Consumer,0.01920952380952381,0.0585904761904762
2023-08-07,Consumer,0.06866363636363637,0.025763636363636364
2023-08-08,Consumer,0.06848333333333333,0.0641
2023-08-09,Consumer,0.11294482758620689,0.07028275862068967
2023-08-10,Consumer,0.00037777777777777934,0.04011111111111111
2023-08-11,Consumer,0.1259236842105263,0.12637105263157894
2023-08-14,Consumer,0.10484117647058823,0.0700264705882353
2023-08-15,Consumer,0.0965903846153846,0.10765192307692308
2023-08-16,Consumer,0.092096875,0.018853125
2023-08-17,Consumer,0.13176571428571426,0.10232857142857144
2023-08-18,Consumer,0.06854509803921569,0.06393137254901962
2023-08-21,Consumer,-0.007692500000000002,0.0345725
2023-08-22,Consumer,0.087225,0.0306625
2023-08-23,Consumer,0.11533333333333333,0.10094583333333333
2023-08-24,Consumer,0.13222285714285717,0.0951
2023-08-25,Consumer,0.03387142857142857,0.030147619047619048
2023-08-28,Consumer,0.1298896551724138,0.06663793103448276
2023-08-29,Consumer,0.05474444444444445,0.0416925925925926
2023-08-30,Consumer,0.15455384615384615,0.17888846153846155
2023-08-31,Consumer,0.08289999999999999,-0.0017800000000000038
2023-09-01,Consumer,0.21525833333333333,0.03891666666666666
2023-09-05,Consumer,0.15290434782608694,0.07403478260869567
2023-09-06,Consumer,0.09297368421052632,0.037207894736842106
2023-09-07,Consumer,0.08266296296296297,0.08835555555555556
2023-09-08,Consumer,0.08944230769230768,0.037661538461538455
2023-09-11,Consumer,0.10487692307692308,0.07431538461538462
2023-09-12,Consumer,0.1378921052631579,0.08363947368421053
2023-09-13,Consumer,0.08482399999999998,0.01686
2023-09-14,Consumer,0.12462727272727273,0.11848636363636364
2023-09-15,Consumer,0.031045833333333328,0.03428333333333334
2023-09-18,Consumer,0.1804,0.15746333333333334
2023-09-19,Consumer,0.10862580645161289,0.0908
2023-09-20,Consumer,0.06953888888888889,0.023427777777777777
2023-09-21,Consumer,-0.07133548387096775,-0.07800322580645161
2023-09-22,Consumer,0.02186774193548387,0.02135161290322581
2023-09-25,Consumer,0.09554347826086958,0.12999130434782608
2023-09-26,Consumer,0.06765,0.01701333333333333
2023-09-27,Consumer,0.13908529411764706,0.10857941176470588
2023-09-28,Consumer,-0.001927272727272727,0.044050000000000006
2023-09-29,Consumer,0.06930967741935484,0.06766129032258066
2023-10-02,Consumer,0.17467368421052631,0.14152456140350878
2023-10-03,Consumer,0.12126170212765958,0.04623617021276595
2023-10-04,Consumer,0.23574375,0.129975
2023-10-05,Consumer,0.11715652173913045,0.07008260869565217
2023-10-06,Consumer,0.11926818181818181,0.05584545454545454
2023-10-09,Consumer,0.07381764705882353,0.033847058823529404
2023-10-10,Consumer,0.03190408163265306,0.08292040816326532
2023-10-11,Consumer,0.14694193548387097,0.054693548387096766
2023-10-12,Consumer,0.04962413793103449,0.043693103448275865
2023-10-13,Consumer,0.05741538461538461,0.0782576923076923
2023-10-16,Consumer,0.045441176470588235,0.08231176470588235
2023-10-17,Consumer,0.1379027777777778,0.1283416666666667
2023-10-18,Consumer,0.08096666666666667,0.09620833333333334
2023-10-19,Consumer,0.1388653846153846,0.09349230769230771
2023-10-20,Consumer,0.07098518518518518,0.00238518518518519
2023-10-23,Consumer,0.13168181818181818,0.045427272727272726
2023-10-24,Consumer,0.1818093023255814,0.08434883720930234
2023-10-25,Consumer,0.16710799999999998,0.173308
2023-10-26,Consumer,0.0070114285714285825,0.02336857142857143
2023-10-27,Consumer,0.048432142857142854,0.09833214285714287
2023-10-30,Consumer,0.10047777777777779,0.06514444444444445
2023-10-31,Consumer,0.14594042553191489,0.10208936170212765
2023-11-01,Consumer,0.13781052631578947,0.15065263157894737
2023-11-02,Consumer,0.16762424242424243,0.2054030303030303
2023-11-03,Consumer,0.12453414634146341,0.18769999999999998
2023-11-06,Consumer,0.12105416666666667,0.10031666666666667
2023-11-07,Consumer,0.08113617021276597,0.0736
2023-11-08,Consumer,0.1885777777777778,0.08341666666666667
2023-11-09,Consumer,0.053682352941176466,0.09027941176470587
2023-11-10,Consumer,0.0966,0.07798684210526316
2023-11-13,Consumer,0.1533413793103448,0.09407586206896552
2023-11-14,Consumer,0.12057592592592593,0.08137407407407408
2023-11-15,Consumer,0.09206969696969697,0.06164242424242425
2023-11-16,Consumer,0.17542954545454545,0.1449409090909091
2023-11-17,Consumer,0.085204,0.041033999999999994
2023-11-20,Consumer,0.06914285714285714,0.03264761904761904
2023-11-21,Consumer,0.0486967741935484,0.002922580645161291
2023-11-22,Consumer,0.112752,0.12305999999999999
2023-11-24,Consumer,0.021117391304347827,0.04133478260869566
2023-11-27,Consumer,0.08848529411764706,0.08755882352941177
2023-11-28,Consumer,0.08390000000000002,0.02958703703703703
2023-11-29,Consumer,0.12073157894736841,0.0664578947368421
2023-11-30,Consumer,0.10651785714285714,0.0659
2023-12-01,Consumer,0.058440740740740744,0.09535925925925925
2023-12-04,Consumer,0.13714444444444446,0.09604444444444445
2023-12-05,Consumer,0.055591176470588234,0.08758235294117647
2023-12-06,Consumer,0.10515,0.11473124999999999
2023-12-07,Consumer,0.06852692307692308,-0.0013230769230769184
2023-12-08,Consumer,0.2505578947368421,0.18345789473684207
2023-12-11,Consumer,-0.02756956521739131,0.0135304347826087
2023-12-12,Consumer,0.12141951219512195,0.07219756097560975
2023-12-13,Consumer,0.09031,0.047560000000000005
2023-12-14,Consumer,0.0848875,0.026979166666666665
2023-12-15,Consumer,0.07074090909090909,-0.008918181818181818
2023-12-18,Consumer,0.11110555555555555,0.05853888888888888
2023-12-19,Consumer,0.06875,-0.005872727272727272
2020-01-03,Energy,0.19083809523809525,0.028828571428571426
2020-01-06,Energy,0.02340714285714285,-0.0759857142857143
2020-01-07,Energy,0.08265,-0.005400000000000005
2020-01-08,Energy,0.067925,-0.01990833333333333
2020-01-09,Energy,0.021335294117647067,-0.10287647058823529
2020-01-10,Energy,0.12225000000000001,-0.010629999999999995
2020-01-13,Energy,0.11264000000000002,-0.14873333333333333
2020-01-14,Energy,0.1377578947368421,0.08534736842105263
2020-01-15,Energy,0.18667391304347825,0.03296521739130435
2020-01-16,Energy,0.05133076923076922,-0.0065230769230769274
2020-01-17,Energy,0.1849615384615385,0.12824615384615384
2020-01-21,Energy,0.10667419354838709,0.05548709677419356
2020-01-22,Energy,0.12414285714285714,0.03343214285714286
2020-01-23,Energy,0.13637272727272728,0.06334545454545455
2020-01-24,Energy,0.10269999999999999,0.05578823529411764
2020-01-27,Energy,0.23944999999999997,0.05485
2020-01-28,Energy,0.021572727272727268,0.03083636363636363
2020-01-29,Energy,0.24658333333333335,0.017416666666666667
2020-01-30,Energy,0.02796923076923077,-0.08533846153846153
2020-01-31,Energy,0.14025333333333334,-0.008573333333333332
2020-02-03,Energy,0.08332903225806453,-0.038719354838709676
2020-02-04,Energy,-0.002880000000000007,-0.033952
2020-02-05,Energy,0.05334000000000001,-0.05253
2020-02-06,Energy,0.4189444444444444,0.14868333333333333
2020-02-07,Energy,0.19490000000000005,0.14149090909090908
2020-02-10,Energy,0.21182857142857142,0.051149999999999994
2020-02-11,Energy,0.011418181818181829,-0.0315
2020-02-12,Energy,0.09065714285714284,0.0033666666666666606
2020-02-13,Energy,0.10932941176470587,0.0010705882352941172
2020-02-14,Energy,0.08940454545454546,-0.0142
2020-02-18,Energy,0.10316666666666667,0.028308333333333335
2020-02-19,Energy,0.11704090909090908,-0.023531818181818178
2020-02-20,Energy,0.23321111111111112,0.09151111111111111
2020-02-21,Energy,0.24988749999999998,0.059425000000000006
2020-02-24,Energy,0.06653333333333333,-0.018833333333333334
2020-02-25,Energy,-0.024137500000000006,-0.1051375
2020-02-26,Energy,0.01732941176470588,-0.09698235294117646
2020-02-27,Energy,0.1346529411764706,0.01572941176470588
2020-02-28,Energy,0.067784375,0.028390624999999996
2020-03-02,Energy,0.06932692307692308,0.06915
2020-03-03,Energy,0.048468750000000005,-0.03879374999999999
2020-03-04,Energy,0.011834782608695643,-0.08195217391304349
2020-03-05,Energy,0.25934210526315793,0.1179263157894737
2020-03-06,Energy,0.006220000000000003,-0.12199
2020-03-09,Energy,-0.06114827586206896,-0.1624551724137931
2020-03-10,Energy,-0.10090555555555555,-0.10859814814814815
2020-03-11,Energy,0.00664583333333333,0.010237499999999998
2020-03-12,Energy,0.019393939393939394,-0.028209090909090906
2020-03-13,Energy,0.135051724137931,0.007679310344827583
2020-03-16,Energy,0.09473,0.07035666666666666
2020-03-17,Energy,-0.026347619047619054,-0.1920095238095238
2020-03-18,Energy,-0.028772222222222216,-0.17874444444444446
2020-03-19,Energy,0.011720689655172417,-0.056162068965517245
2020-03-20,Energy,-0.11906,-0.06172000000000001
2020-03-23,Energy,-0.09707931034482757,-0.0736448275862069
2020-03-24,Energy,-0.1638269230769231,-0.10800769230769232
2020-03-25,Energy,0.13011935483870968,0.0958032258064516
2020-03-26,Energy,0.18783181818181818,-0.01114545454545454
2020-03-27,Energy,0.13861176470588235,-0.07014117647058825
2020-03-30,Energy,0.16962608695652173,0.03524782608695653
2020-03-31,Energy,0.08373,-0.057289999999999994
2020-04-01,Energy,-0.0009052631578947423,0.10022105263157895
2020-04-02,Energy,0.03361153846153847,-0.030315384615384616
2020-04-03,Energy,-0.006274358974358978,0.1249846153846154
2020-04-06,Energy,0.04881666666666667,-0.023323809523809517
2020-04-07,Energy,0.12225555555555558,0.06011851851851852
2020-04-08,Energy,0.1565093023255814,0.09721162790697674
2020-04-09,Energy,0.17271142857142857,0.03308
2020-04-13,Energy,0.12032592592592593,0.06964629629629629
2020-04-14,Energy,0.053418181818181816,-0.008297727272727269
2020-04-15,Energy,0.0012181818181818203,-0.16692272727272728
2020-04-16,Energy,0.07414358974358974,-0.08924871794871796
2020-04-17,Energy,-0.06928285714285713,-0.03553428571428572
2020-04-20,Energy,-0.022772549019607853,0.023578431372549023
2020-04-21,Energy,-0.13170149253731342,-0.19204776119402986
2020-04-22,Energy,-0.20715348837209302,-0.2582395348837209
2020-04-23,Energy,0.04644473684210527,0.04850789473684211
2020-04-24,Energy,0.17756857142857144,0.08796000000000002
2020-04-27,Energy,-0.04356000000000001,-0.03125
2020-04-28,Energy,0.02222045454545455,-0.03371136363636364
2020-04-29,Energy,0.0449304347826087,-0.07548695652173913
2020-04-30,Energy,0.18449473684210527,0.05767105263157895
2020-05-01,Energy,0.04443773584905661,0.07431509433962265
2020-05-04,Energy,-0.11870133333333333,-0.12100266666666665
2020-05-05,Energy,0.0010924999999999976,0.007662500000000001
2020-05-06,Energy,0.05365833333333333,0.07194166666666668
2020-05-07,Energy,0.13176666666666667,0.09611944444444445
2020-05-08,Energy,0.173924,0.166076
2020-05-11,Energy,0.22639999999999996,0.11881818181818181
2020-05-12,Energy,-0.088344,-0.092792
2020-05-13,Energy,0.11190384615384613,-0.013053846153846155
2020-05-14,Energy,-0.055892,-0.098404
2020-05-15,Energy,-0.06315833333333333,-0.068125
2020-05-18,Energy,0.17697058823529413,0.09904117647058823
2020-05-19,Energy,0.14455625,0.10789166666666668
2020-05-20,Energy,0.1759111111111111,0.12144444444444444
2020-05-21,Energy,-0.018504761904761902,0.014014285714285712
2020-05-22,Energy,-0.015361538461538453,0.010107692307692309
2020-05-26,Energy,-0.028731578947368424,-0.05385789473684211
2020-05-27,Energy,0.09868275862068966,0.09191724137931034
2020-05-28,Energy,-0.09050714285714286,0.061878571428571436
2020-05-29,Energy,0.19463999999999998,-0.003170000000000006
2020-06-01,Energy,0.19564499999999999,0.144275
2020-06-02,Energy,-0.06516842105263158,-0.004615789473684213
2020-06-03,Energy,0.174875,0.1678375
2020-06-04,Energy,0.4561583333333334,0.34404999999999997
2020-06-05,Energy,0.07792500000000001,-0.023025
2020-06-08,Energy,0.07387878787878788,0.023169696969696972
2020-06-09,Energy,0.09716315789473685,0.0649
2020-06-10,Energy,0.21099,0.154475
2020-06-11,Energy,-0.04678333333333332,-0.08544999999999998
2020-06-12,Energy,-0.0006444444444444413,-0.07334074074074073
2020-06-15,Energy,0.006700000000000006,0.07569
2020-06-16,Energy,-0.052754999999999996,-0.14074
2020-06-17,Energy,0.08975333333333332,0.08838
2020-06-18,Energy,-0.060809999999999996,-0.02572
2020-06-19,Energy,0.038066666666666665,0.033591666666666666
2020-06-22,Energy,0.29267647058823526,0.009952941176470586
2020-06-23,Energy,0.1689857142857143,0.11378571428571428
2020-06-24,Energy,0.2327875,0.022912500000000002
2020-06-25,Energy,-0.20395624999999998,0.0015374999999999998
2020-06-26,Energy,0.11503529411764706,0.032600000000000004
2020-06-29,Energy,0.11778888888888889,0.05313333333333333
2020-06-30,Energy,-0.020049999999999995,-0.08717499999999999
2020-07-01,Energy,0.12301333333333335,0.028686666666666662
2020-07-02,Energy,0.04287142857142857,0.05504285714285713
2020-07-06,Energy,0.07255,-0.049586363636363644
2020-07-07,Energy,0.14556875,0.09723125
2020-07-08,Energy,0.021753846153846148,-0.050007692307692315
2020-07-09,Energy,0.5859,0.0207
2020-07-10,Energy,0.20668181818181822,0.041472727272727286
2020-07-13,Energy,0.13933333333333334,0.08911111111111111
2020-07-14,Energy,0.378875,-0.0028500000000000053
2020-07-15,Energy,-0.0258,0.00645
2020-07-16,Energy,-0.17238750000000003,-0.16302499999999998
2020-07-17,Energy,0.13881000000000002,-0.03696000000000001
2020-07-20,Energy,0.0007749999999999944,-0.118625
2020-07-21,Energy,0.23130384615384617,0.20038846153846157
2020-07-22,Energy,0.206734375,0.083790625
2020-07-23,Energy,0.12843846153846156,0.12233076923076923
2020-07-24,Energy,0.031771428571428575,-0.044971428571428565
2020-07-27,Energy,0.06993333333333333,0.02756666666666667
2020-07-28,Energy,0.055228571428571425,-0.049671428571428575
2020-07-29,Energy,0.2023,0.0207
2020-07-30,Energy,0.2604,0.021920000000000002
2020-07-31,Energy,0.058948275862068966,0.005606896551724141
2020-08-03,Energy,-0.027558333333333327,-0.1246388888888889
2020-08-04,Energy,-0.0007312499999999993,0.04421875
2020-08-05,Energy,-0.03247,-0.0012900000000000023
2020-08-06,Energy,0.2207,0.040499999999999994
2020-08-07,Energy,0.23211999999999997,0.14872000000000002
2020-08-10,Energy,0.06071111111111111,0.0037333333333333333
2020-08-11,Energy,0.03857777777777779,0.027033333333333336
2020-08-12,Energy,0.13349285714285714,0.0808857142857143
2020-08-13,Energy,0.20946363636363638,0.14913636363636362
2020-08-14,Energy,0.09106666666666667,-0.11270000000000001
2020-08-17,Energy,0.3057375,0.23307499999999998
2020-08-18,Energy,-0.04961764705882353,-0.07481176470588234
2020-08-19,Energy,0.02694999999999999,0.06580000000000001
2020-08-20,Energy,0.1137375,0.06495
2020-08-21,Energy,0.08552857142857143,0.02736428571428572
2020-08-24,Energy,0.11708571428571428,0.011442857142857144
2020-08-25,Energy,0.07344545454545455,0.05434545454545456
2020-08-26,Energy,0.021906250000000006,0.0749125
2020-08-27,Energy,0.15036666666666665,0.12333333333333334
2020-08-28,Energy,-0.093975,-0.16024375000000002
2020-08-31,Energy,0.006699999999999999,-0.026342857142857144
2020-09-01,Energy,0.027808695652173924,0.03160434782608697
2020-09-02,Energy,0.05414615384615384,0.12273076923076924
2020-09-03,Energy,-0.078,-0.06851428571428572
2020-09-04,Energy,0.21915714285714286,0.07494285714285716
2020-09-08,Energy,0.07747142857142857,0.16187142857142858
2020-09-09,Energy,0.07067142857142858,-0.07474285714285714
2020-09-10,Energy,0.2294,0.20049999999999998
2020-09-11,Energy,0.1366,0.016800000000000002
2020-09-14,Energy,0.10088571428571427,0.042857142857142864
2020-09-15,Energy,-0.028536363636363634,-0.07512727272727272
2020-09-16,Energy,-0.06352500000000003,-0.14402500000000001
2020-09-17,Energy,0.16407142857142856,0.11932857142857142
2020-09-18,Energy,0.07961428571428572,0.06502857142857144
2020-09-21,Energy,0.12377500000000001,-0.09410000000000002
2020-09-22,Energy,-0.05623,-0.03701000000000002
2020-09-23,Energy,0.475175,0.308375
2020-09-24,Energy,0.04416666666666668,-0.04797777777777778
2020-09-25,Energy,0.19185714285714286,0.10865714285714285
2020-09-28,Energy,0.0397,0.021214285714285717
2020-09-29,Energy,0.10793846153846154,-0.0023538461538461595
2020-09-30,Energy,0.2538375,0.2189125
2020-10-01,Energy,0.0021833333333333336,-0.12614166666666665
2020-10-02,Energy,0.06704761904761905,0.04965238095238095
2020-10-05,Energy,0.246925,0.03545625
2020-10-06,Energy,0.16039677419354842,-0.00891290322580645
2020-10-07,Energy,-0.031433333333333334,-0.002316666666666659
2020-10-08,Energy,-0.005633333333333333,-0.11899999999999998
2020-10-09,Energy,0.22758125,0.18431875
2020-10-13,Energy,0.24801538461538467,0.07981538461538462
2020-10-14,Energy,-0.12728,-0.0005200000000000003
2020-10-15,Energy,0.030355555555555556,-0.035977777777777775
2020-10-16,Energy,0.3333625,0.1661375
2020-10-19,Energy,0.12001578947368421,0.2009157894736842
2020-10-20,Energy,-0.008422727272727274,-0.012822727272727269
2020-10-21,Energy,0.20061250000000003,0.15533750000000002
2020-10-22,Energy,0.11112500000000003,0.028508333333333333
2020-10-23,Energy,0.25077499999999997,0.11933750000000001
2020-10-26,Energy,0.08431666666666666,0.10578333333333334
2020-10-27,Energy,0.08799411764705882,0.0005058823529411697
2020-10-28,Energy,0.11913333333333335,-0.042
2020-10-29,Energy,-0.03507931034482758,-0.07166551724137932
2020-10-30,Energy,-0.14850000000000002,-0.071225
2020-11-02,Energy,0.05295217391304348,-0.014217391304347824
2020-11-03,Energy,0.05051111111111112,0.09708333333333334
2020-11-04,Energy,0.15955,-0.024266666666666676
2020-11-05,Energy,0.12978235294117646,-0.017005882352941173
2020-11-06,Energy,0.08097777777777776,0.04974444444444445
2020-11-09,Energy,0.134475,0.087475
2020-11-10,Energy,0.19858387096774194,0.16997419354838708
2020-11-11,Energy,-0.037693333333333315,-0.1227
2020-11-12,Energy,0.23022857142857145,0.011242857142857143
2020-11-13,Energy,0.32429090909090913,0.1441
2020-11-16,Energy,0.27973333333333333,0.21948333333333334
2020-11-17,Energy,0.26541666666666663,0.2150222222222222
2020-11-18,Energy,0.0,-0.23446666666666668
2020-11-19,Energy,0.1128375,0.08477499999999999
2020-11-20,Energy,0.20095,-0.018625
2020-11-23,Energy,0.0,0.0194
2020-11-24,Energy,0.030423529411764693,-0.03117058823529412
2020-11-25,Energy,-0.11743636363636362,0.05135454545454546
2020-11-27,Energy,0.0681153846153846,0.06371538461538462
2020-11-30,Energy,0.19304000000000002,0.12564999999999998
2020-12-01,Energy,0.2091074074074074,0.05683333333333333
2020-12-02,Energy,0.18642499999999998,0.1581
2020-12-03,Energy,0.21905384615384613,0.04215384615384617
2020-12-04,Energy,-0.010387499999999994,-0.08200000000000002
2020-12-07,Energy,0.024356666666666655,0.15011999999999998
2020-12-08,Energy,0.09181515151515152,0.13067272727272727
2020-12-09,Energy,0.11850000000000001,0.08018571428571429
2020-12-10,Energy,0.13665833333333335,0.021574999999999993
2020-12-11,Energy,0.34963571428571427,0.13877142857142855
2020-12-14,Energy,-0.22555714285714284,-0.20982857142857142
2020-12-15,Energy,0.09863076923076923,0.09121538461538463
2020-12-16,Energy,0.3168,0.0958
2020-12-17,Energy,-0.017259999999999987,-0.09304
2020-12-18,Energy,0.0732375,0.2071
2020-12-21,Energy,0.0008199999999999985,0.015460000000000002
2020-12-22,Energy,0.13410714285714287,0.04784285714285714
2020-12-23,Energy,-0.07267619047619046,-0.08009047619047618
2020-12-24,Energy,0.119175,0.122725
2020-12-28,Energy,0.07201111111111111,0.07766666666666668
2020-12-29,Energy,0.10295384615384616,0.18385384615384615
2020-12-30,Energy,0.12726666666666667,0.13178333333333334
2020-12-31,Energy,-0.015083333333333324,0.1653
2021-01-04,Energy,0.017700000000000004,0.03955000000000002
2021-01-05,Energy,0.08225714285714285,0.009871428571428573
2021-01-06,Energy,0.07432,0.05322666666666667
2021-01-07,Energy,-0.0345,-0.015424999999999998
2021-01-08,Energy,0.14285,-0.1738833333333333
2021-01-11,Energy,0.14107857142857144,0.03703571428571428
2021-01-12,Energy,0.09217,-0.023560000000000005
2021-01-13,Energy,-0.030455555555555545,-0.027138888888888886
2021-01-14,Energy,0.1239777777777778,0.09553333333333333
2021-01-15,Energy,0.0958875,0.0079125
2021-01-19,Energy,0.18389444444444447,-0.06247222222222223
2021-01-20,Energy,0.18869999999999998,0.14530833333333334
2021-01-21,Energy,-0.09545,-0.08537499999999999
2021-01-22,Energy,-0.234275,0.045337499999999996
2021-01-25,Energy,0.06231111111111111,-0.0815
2021-01-26,Energy,0.17616,0.15436
2021-01-27,Energy,0.3395375,0.0807875
2021-01-28,Energy,0.11546666666666668,0.06875555555555556
2021-01-29,Energy,0.13684615384615384,0.05672307692307692
2021-02-01,Energy,-0.19876315789473684,-0.23087894736842107
2021-02-02,Energy,0.10276666666666667,-0.022473333333333335
2021-02-03,Energy,0.051008695652173926,0.10482608695652174
2021-02-04,Energy,0.00564545454545455,-0.018899999999999997
2021-02-05,Energy,0.1178375,-0.1261375
2021-02-08,Energy,0.14256363636363636,-0.07258181818181818
2021-02-09,Energy,0.066736,0.11287600000000002
2021-02-10,Energy,0.07955,-0.050624999999999996
2021-02-11,Energy,-0.19583333333333333,-0.15543333333333334
2021-02-12,Energy,0.0680888888888889,0.0008555555555555615
2021-02-16,Energy,0.011171428571428582,-0.20083571428571428
2021-02-17,Energy,0.14924444444444443,0.09521666666666666
2021-02-18,Energy,-0.05260625,-0.08676249999999999
2021-02-19,Energy,0.13547142857142855,0.05545714285714286
2021-02-22,Energy,0.3424,0.14702222222222222
2021-02-23,Energy,0.24285555555555552,0.11722777777777778
2021-02-24,Energy,0.22505,0.14543333333333333
2021-02-25,Energy,0.020517647058823533,0.11033529411764706
2021-02-26,Energy,0.10305000000000002,0.009349999999999999
2021-03-01,Energy,0.03415,-0.07951250000000001
2021-03-02,Energy,0.2555678571428571,0.08266785714285715
2021-03-03,Energy,-0.1206875,0.008987500000000006
2021-03-04,Energy,0.02369333333333333,-0.1228
2021-03-05,Energy,0.09674166666666667,0.11684166666666666
2021-03-08,Energy,0.17517647058823527,0.13567058823529413
2021-03-09,Energy,0.11818571428571427,0.0909857142857143
2021-03-10,Energy,-0.059609090909090924,-0.07353636363636364
2021-03-11,Energy,0.16826999999999998,0.01592
2021-03-12,Energy,0.2895857142857143,0.06055714285714285
2021-03-15,Energy,0.4767,0.3094
2021-03-16,Energy,0.14174615384615383,-0.011538461538461536
2021-03-17,Energy,-0.13957999999999998,0.06676000000000001
2021-03-18,Energy,0.017116666666666665,0.09071666666666667
2021-03-19,Energy,-0.022577777777777794,-0.11243333333333332
2021-03-22,Energy,0.27563333333333334,0.27891666666666665
2021-03-23,Energy,0.08615384615384616,0.03162307692307692
2021-03-24,Energy,-0.11665185185185187,-0.09785555555555556
2021-03-25,Energy,-0.013781818181818178,0.1779181818181818
2021-03-26,Energy,0.12142222222222222,-0.03377777777777778
2021-03-29,Energy,0.3363083333333334,0.2652333333333334
2021-03-30,Energy,0.164025,0.12281249999999999
2021-03-31,Energy,0.2906857142857143,0.25405714285714287
2021-04-01,Energy,0.19204999999999997,0.18254166666666669
2021-04-05,Energy,-0.28302222222222223,-0.10547777777777778
2021-04-06,Energy,0.10792500000000001,0.012691666666666665
2021-04-07,Energy,0.031684615384615374,0.08106153846153845
2021-04-08,Energy,-0.03656,-0.13376000000000002
2021-04-09,Energy,0.061599999999999995,0.003433333333333333
2021-04-12,Energy,-0.16665999999999997,-0.061
2021-04-13,Energy,0.32926666666666665,0.0012666666666666666
2021-04-14,Energy,0.2281375,0.023174999999999998
2021-04-15,Energy,0.06639999999999999,-0.0005499999999999978
2021-04-16,Energy,0.024216666666666675,0.010750000000000001
2021-04-19,Energy,0.04669,0.17789000000000002
2021-04-20,Energy,0.07883636363636363,0.13240909090909092
2021-04-21,Energy,0.26605,0.06591666666666667
2021-04-22,Energy,0.06122727272727273,0.0940818181818182
2021-04-23,Energy,0.019840000000000003,0.008389999999999998
2021-04-26,Energy,0.04615625,0.0335875
2021-04-27,Energy,-0.0576076923076923,-0.06052307692307691
2021-04-28,Energy,0.0,0.00104
2021-04-29,Energy,0.2298125,0.1081625
2021-04-30,Energy,0.18236249999999998,0.05478749999999999
2021-05-03,Energy,0.15875151515151517,0.03727878787878788
2021-05-04,Energy,0.10615000000000001,0.06239166666666667
2021-05-05,Energy,0.08214375000000002,0.0774875
2021-05-06,Energy,0.03404999999999999,0.037733333333333306
2021-05-07,Energy,0.20936,0.08552000000000001
2021-05-10,Energy,-0.1094,-0.07128333333333332
2021-05-11,Energy,0.12305357142857143,0.1763142857142857
2021-05-12,Energy,-0.06290000000000001,0.04397647058823529
2021-05-13,Energy,0.11741538461538463,0.09016153846153846
2021-05-14,Energy,0.0,0.058883333333333336
2021-05-17,Energy,-0.13365,-0.15335000000000001
2021-05-18,Energy,0.24013571428571429,0.1687357142857143
2021-05-19,Energy,-0.0294375,-0.0801375
2021-05-20,Energy,-0.15895,-0.09501666666666668
2021-05-21,Energy,0.10115,0.11470000000000001
2021-05-24,Energy,0.041870000000000004,0.010429999999999998
2021-05-25,Energy,0.09953076923076923,0.16462307692307693
2021-05-26,Energy,0.07658666666666666,-0.10503333333333333
2021-05-27,Energy,0.23505263157894732,0.08474210526315788
2021-05-28,Energy,0.025907142857142854,0.049721428571428576
2021-06-01,Energy,0.05179999999999999,0.012683333333333333
2021-06-02,Energy,0.16134,0.1364142857142857
2021-06-03,Energy,0.17374761904761904,0.10735238095238098
2021-06-04,Energy,0.176225,0.16009166666666666
2021-06-07,Energy,0.0,0.06676666666666668
2021-06-08,Energy,-0.22116153846153844,-0.2164461538461539
2021-06-09,Energy,0.251525,0.02255
2021-06-10,Energy,0.06059090909090909,0.007272727272727273
2021-06-11,Energy,0.09996666666666666,0.04774444444444445
2021-06-14,Energy,0.01302857142857143,-0.022814285714285714
2021-06-15,Energy,0.21124375,0.3242125
2021-06-16,Energy,0.15600769230769232,-0.034723076923076926
2021-06-17,Energy,0.18742142857142857,0.056864285714285714
2021-06-18,Energy,-0.008536363636363625,-0.08648181818181819
2021-06-21,Energy,0.1944142857142857,0.11277142857142856
2021-06-22,Energy,0.10878399999999999,0.17302399999999998
2021-06-23,Energy,0.21394000000000002,0.23977999999999997
2021-06-24,Energy,0.09575,0.3962833333333333
2021-06-25,Energy,0.10718181818181817,-0.14220909090909092
2021-06-28,Energy,0.2245142857142857,0.07167142857142857
2021-06-29,Energy,-0.03591818181818182,-0.025509090909090915
2021-06-30,Energy,0.38530000000000003,0.2647
2021-07-01,Energy,0.11305384615384616,0.05032307692307693
2021-07-02,Energy,0.05383333333333334,0.14681666666666668
2021-07-06,Energy,0.25172,0.20339999999999997
2021-07-07,Energy,-0.22015714285714288,-0.2646285714285714
2021-07-08,Energy,0.015699999999999995,-0.037254545454545464
2021-07-09,Energy,0.12930714285714287,-0.015871428571428575
2021-07-12,Energy,0.17286923076923078,0.23746153846153847
2021-07-13,Energy,0.16746250000000001,-0.060124999999999984
2021-07-14,Energy,-0.017724999999999998,0.094825
2021-07-15,Energy,0.18213333333333334,0.023666666666666666
2021-07-16,Energy,0.014037500000000005,-0.05965000000000001
2021-07-19,Energy,0.029743749999999996,0.22976249999999998
2021-07-20,Energy,-0.1140190476190476,-0.15632857142857143
2021-07-21,Energy,0.48438333333333333,0.39724999999999994
2021-07-22,Energy,0.27523125,0.13234375
2021-07-23,Energy,0.10619473684210527,0.18112631578947366
2021-07-26,Energy,0.2635777777777778,0.2652722222222222
2021-07-27,Energy,0.04821818181818182,0.0525
2021-07-28,Energy,0.0,0.0207
2021-07-29,Energy,0.16187777777777776,0.05297777777777777
2021-07-30,Energy,0.054264285714285716,-0.019092857142857144
2021-08-02,Energy,0.21765789473684213,0.08448947368421053
2021-08-03,Energy,0.0699,-0.038778571428571426
2021-08-04,Energy,0.19396153846153846,0.1248153846153846
2021-08-05,Energy,0.0,0.003075
2021-08-06,Energy,0.0975090909090909,0.011481818181818183
2021-08-09,Energy,0.03815000000000002,0.01918750000000001
2021-08-10,Energy,-0.045526666666666646,-0.12878666666666666
2021-08-11,Energy,-0.053472727272727276,-0.07046363636363638
2021-08-12,Energy,0.14014545454545455,0.13324545454545456
2021-08-13,Energy,0.01905,0.100275
2021-08-16,Energy,0.04228571428571428,0.10542857142857143
2021-08-17,Energy,0.056183333333333335,-0.05122777777777779
2021-08-18,Energy,-0.12044285714285716,-0.09800714285714285
2021-08-19,Energy,-0.028943750000000004,-0.124375
2021-08-20,Energy,0.06158235294117647,-0.06251176470588235
2021-08-23,Energy,-0.31947499999999995,-0.2019125
2021-08-24,Energy,0.207553125,0.1476375
2021-08-25,Energy,0.006191666666666669,0.118475
2021-08-26,Energy,0.09106666666666667,0.016766666666666662
2021-08-27,Energy,0.016250000000000004,-0.015364285714285714
2021-08-30,Energy,-0.0145875,0.18757500000000002
2021-08-31,Energy,-0.17675,0.05412857142857142
2021-09-01,Energy,0.04473888888888889,0.008594444444444441
2021-09-02,Energy,-0.10850555555555556,0.05516111111111112
2021-09-03,Energy,0.21863428571428573,0.2587342857142857
2021-09-07,Energy,0.026864705882352947,0.001994117647058823
2021-09-08,Energy,0.07798421052631577,0.05727368421052632
2021-09-09,Energy,0.08396842105263158,0.023163157894736837
2021-09-10,Energy,0.18974000000000002,0.112635
2021-09-13,Energy,-0.05847857142857143,0.11337142857142857
2021-09-14,Energy,0.16055882352941178,-0.007164705882352945
2021-09-15,Energy,0.024622222222222226,-0.034899999999999994
2021-09-16,Energy,-0.0640909090909091,0.048072727272727274
2021-09-17,Energy,-0.07832857142857143,-0.08112857142857144
2021-09-20,Energy,0.15253333333333333,0.0146
2021-09-21,Energy,0.09412857142857144,0.026107142857142853
2021-09-22,Energy,0.13314444444444443,0.016122222222222222
2021-09-23,Energy,0.12075000000000001,0.0621
2021-09-24,Energy,0.14600909090909092,0.08289090909090911
2021-09-27,Energy,-0.10453636363636364,-0.11861818181818182
2021-09-28,Energy,0.009728571428571425,-0.02540952380952382
2021-09-29,Energy,0.006723076923076917,0.005953846153846153
2021-09-30,Energy,0.04701666666666666,-0.04104166666666667
2021-10-01,Energy,0.09552000000000001,0.09334
2021-10-04,Energy,0.22525000000000003,0.3037666666666667
2021-10-05,Energy,0.15676428571428572,0.09217857142857142
2021-10-06,Energy,0.20354,0.24528
2021-10-07,Energy,0.20142500000000002,0.139225
2021-10-08,Energy,0.010928571428571414,-0.027485714285714287
2021-10-11,Energy,0.07282631578947368,0.07843684210526315
2021-10-12,Energy,-0.020159999999999994,-0.08485333333333335
2021-10-13,Energy,0.16435555555555556,0.13183333333333336
2021-10-14,Energy,0.2596125,0.14616249999999997
2021-10-15,Energy,0.15987777777777779,0.15125555555555556
2021-10-18,Energy,0.20596153846153845,0.23573076923076922
2021-10-19,Energy,0.029383333333333317,-0.05692222222222222
2021-10-20,Energy,0.15458,0.031979999999999995
2021-10-21,Energy,0.1150111111111111,-0.1264222222222222
2021-10-22,Energy,0.08071,-0.03518
2021-10-25,Energy,0.12299473684210527,0.0985
2021-10-26,Energy,0.1584111111111111,0.0742111111111111
2021-10-27,Energy,0.157,0.14613333333333334
2021-10-28,Energy,0.0053374999999999985,0.004275000000000001
2021-10-29,Energy,0.11841052631578945,0.16881052631578947
2021-11-01,Energy,0.21632916666666668,0.17480416666666665
2021-11-02,Energy,0.09587999999999999,0.024235000000000003
2021-11-03,Energy,-0.014338095238095235,0.025780952380952387
2021-11-04,Energy,0.009600000000000004,0.06045000000000001
2021-11-05,Energy,0.20292307692307693,0.10128461538461539
2021-11-08,Energy,0.24252,0.22477
2021-11-09,Energy,0.16028823529411765,0.06459999999999999
2021-11-10,Energy,0.07015454545454546,0.03225454545454545
2021-11-11,Energy,-0.06896363636363637,-0.0737
2021-11-12,Energy,0.06838749999999999,-0.0020250000000000008
2021-11-16,Energy,0.08834166666666667,-0.15746666666666667
2021-11-17,Energy,-0.03883333333333335,0.032666666666666656
2021-11-18,Energy,0.029038461538461537,-0.10618461538461539
2021-11-19,Energy,0.008637499999999996,-0.010362500000000002
2021-11-22,Energy,0.06583571428571429,0.2715785714285714
2021-11-23,Energy,0.0239,0.26804285714285714
2021-11-24,Energy,0.3643,0.2398846153846154
2021-11-26,Energy,0.05464,0.01446
2021-11-29,Energy,-0.13979285714285714,-0.2369214285714286
2021-11-30,Energy,0.07369,-0.08673
2021-12-01,Energy,-0.02596363636363637,-0.1222818181818182
2021-12-02,Energy,0.14965454545454546,0.007745454545454545
2021-12-03,Energy,0.12337999999999999,0.078532
2021-12-06,Energy,-0.004242857142857144,0.00025714285714285655
2021-12-07,Energy,0.057362500000000004,-0.13497083333333335
2021-12-08,Energy,0.13238571428571427,0.12962142857142858
2021-12-09,Energy,0.07008125,0.1011375
2021-12-10,Energy,0.026054545454545455,0.00016363636363636076
2021-12-13,Energy,0.1888125,0.0858875
2021-12-14,Energy,0.10438333333333334,0.06440833333333333
2021-12-15,Energy,0.29710000000000003,0.016774999999999998
2021-12-16,Energy,0.30694,0.16929999999999998
2021-12-17,Energy,0.07024,-0.08335999999999999
2021-12-20,Energy,0.14701818181818183,0.16070909090909088
2021-12-21,Energy,0.001185714285714282,-0.028499999999999987
2021-12-22,Energy,0.0,0.0
2021-12-23,Energy,0.100475,0.0952
2021-12-27,Energy,-0.04180000000000001,0.03606363636363637
2021-12-28,Energy,0.26807272727272724,0.10871818181818184
2021-12-29,Energy,-0.04221250000000001,-0.0192125
2021-12-30,Energy,0.2147,0.07871666666666667
2021-12-31,Energy,0.07367142857142857,0.08968571428571429
2022-01-03,Energy,0.2904,0.15883750000000002
2022-01-04,Energy,0.09090000000000001,0.12576
2022-01-05,Energy,0.11269999999999998,0.06611666666666667
2022-01-06,Energy,0.1095142857142857,-0.01302857142857143
2022-01-07,Energy,0.010464285714285716,-0.03213571428571428
2022-01-10,Energy,0.18009166666666668,0.1314
2022-01-11,Energy,0.21592777777777777,0.07625555555555558
2022-01-12,Energy,0.1696,0.12361818181818181
2022-01-13,Energy,0.23845652173913046,0.1536478260869565
2022-01-14,Energy,0.18416,0.19273200000000001
2022-01-18,Energy,0.101415,0.11016999999999999
2022-01-19,Energy,0.18181999999999998,0.17463714285714285
2022-01-20,Energy,0.1093,0.09984545454545456
2022-01-21,Energy,0.22639411764705883,0.22290588235294118
2022-01-24,Energy,0.117668,0.086296
2022-01-25,Energy,0.06789545454545455,0.033522727272727273
2022-01-26,Energy,0.13729375,0.09485625
2022-01-27,Energy,0.14751481481481482,0.14371851851851855
2022-01-28,Energy,0.13323428571428572,0.21846857142857143
2022-01-31,Energy,0.15644285714285716,0.11537380952380952
2022-02-01,Energy,0.13951578947368423,0.14484736842105264
2022-02-02,Energy,0.11937333333333335,0.06905666666666667
2022-02-03,Energy,0.1763310344827586,0.15321034482758622
2022-02-04,Energy,0.021992857142857147,0.002467857142857149
2022-02-07,Energy,0.09277272727272727,0.1624818181818182
2022-02-08,Energy,0.0958875,0.0858875
2022-02-09,Energy,0.24870333333333333,0.15588666666666667
2022-02-10,Energy,0.20079999999999998,0.06367058823529412
2022-02-11,Energy,0.038253333333333334,0.12911333333333333
2022-02-14,Energy,0.1828529411764706,0.13103529411764708
2022-02-15,Energy,0.15713157894736843,0.16749736842105264
2022-02-16,Energy,0.116955,-0.015094999999999989
2022-02-17,Energy,0.21489090909090913,0.17236363636363639
2022-02-18,Energy,0.04602222222222222,0.05147777777777777
2022-02-22,Energy,-0.027263636363636348,-0.005881818181818175
2022-02-23,Energy,0.08217741935483872,0.04200967741935483
2022-02-24,Energy,0.11602173913043477,0.10238695652173913
2022-02-25,Energy,-0.07278518518518517,-0.10666296296296295
2022-02-28,Energy,0.10082,0.14170285714285713
2022-03-01,Energy,0.08387105263157894,0.02645526315789474
2022-03-02,Energy,-0.03826938775510204,0.047714285714285716
2022-03-03,Energy,0.1179904761904762,0.06136190476190476
2022-03-04,Energy,0.12257096774193549,0.09181290322580646
2022-03-07,Energy,0.09027692307692307,0.1234423076923077
2022-03-08,Energy,0.05337115384615386,0.04134038461538462
2022-03-09,Energy,0.1131923076923077,0.08497435897435898
2022-03-10,Energy,0.15442285714285714,0.11676857142857143
2022-03-11,Energy,0.14958666666666667,0.0032666666666666664
2022-03-14,Energy,0.16528518518518517,-0.003044444444444442
2022-03-15,Energy,0.159975,0.138471875
2022-03-16,Energy,0.10187878787878789,0.1374787878787879
2022-03-17,Energy,0.1190655172413793,0.11405172413793105
2022-03-18,Energy,0.138134375,0.13984375
2022-03-21,Energy,0.16053636363636364,0.04068181818181818
2022-03-22,Energy,0.05899142857142856,-0.00046285714285714344
2022-03-23,Energy,0.14562,0.1654
2022-03-24,Energy,0.028133333333333333,-0.026291666666666668
2022-03-25,Energy,0.18049090909090912,0.13636969696969697
2022-03-28,Energy,0.18259032258064517,0.05143225806451613
2022-03-29,Energy,0.24374827586206896,0.11298275862068966
2022-03-30,Energy,0.21673928571428572,0.07201071428571429
2022-03-31,Energy,0.40400769230769235,0.07943846153846156
2022-04-01,Energy,0.0016086956521739095,-0.03353478260869565
2022-04-04,Energy,0.17895,0.039357142857142854
2022-04-05,Energy,0.12055000000000002,0.004303846153846156
2022-04-06,Energy,0.08082500000000001,-0.0057812500000000155
2022-04-07,Energy,0.1811181818181818,0.1029727272727273
2022-04-08,Energy,0.1690470588235294,0.12884117647058824
2022-04-11,Energy,0.23934499999999997,0.18893500000000002
2022-04-12,Energy,0.298245,0.15712
2022-04-13,Energy,0.15585714285714286,0.07857142857142858
2022-04-14,Energy,0.22195357142857144,0.17887142857142857
2022-04-18,Energy,0.26811250000000003,0.07595
2022-04-19,Energy,0.20062666666666665,0.14316666666666666
2022-04-20,Energy,0.18864615384615385,0.17725384615384615
2022-04-21,Energy,0.26781,0.21526
2022-04-22,Energy,0.16615652173913045,0.10642608695652175
2022-04-25,Energy,0.013717857142857148,0.08292500000000001
2022-04-26,Energy,0.12923958333333332,0.12755
2022-04-27,Energy,0.110684,0.098156
2022-04-28,Energy,0.23679642857142857,0.21189642857142857
2022-04-29,Energy,0.26973939393939395,0.26827272727272733
2022-05-02,Energy,-0.005006896551724141,0.02744655172413793
2022-05-03,Energy,0.15697142857142857,0.0957542857142857
2022-05-04,Energy,0.2100774193548387,0.2090225806451613
2022-05-05,Energy,0.04284,0.10404499999999998
2022-05-06,Energy,0.2601625,0.22232500000000002
2022-05-09,Energy,0.1852037037037037,0.11926666666666667
2022-05-10,Energy,0.13423529411764706,0.12388529411764704
2022-05-11,Energy,0.1704,0.09451052631578948
2022-05-12,Energy,0.2836086956521739,0.18658260869565219
2022-05-13,Energy,0.09032580645161291,0.07481612903225807
2022-05-16,Energy,0.15375882352941178,0.022132352941176468
2022-05-17,Energy,0.15653333333333333,0.08038125
2022-05-18,Energy,0.13159166666666666,0.11896250000000001
2022-05-19,Energy,0.11277241379310345,0.10135517241379312
2022-05-20,Energy,0.14853809523809525,0.19760476190476192
2022-05-23,Energy,0.2706315789473685,0.030268421052631576
2022-05-24,Energy,0.14134736842105267,0.16180526315789473
2022-05-25,Energy,0.15931818181818183,0.16608636363636364
2022-05-26,Energy,0.1675,0.04400384615384616
2022-05-27,Energy,0.12736956521739132,0.07709565217391305
2022-05-31,Energy,0.176155,0.014710000000000011
2022-06-01,Energy,0.21983870967741934,0.13341290322580643
2022-06-02,Energy,0.1577095238095238,0.05083809523809523
2022-06-03,Energy,0.2936714285714286,0.13101904761904765
2022-06-06,Energy,0.21564444444444444,0.15537777777777778
2022-06-07,Energy,0.13986666666666667,0.02966666666666667
2022-06-08,Energy,0.07518695652173914,0.096
2022-06-09,Energy,0.1871814814814815,0.12281481481481481
2022-06-10,Energy,0.28389,0.14998
2022-06-13,Energy,0.0788578947368421,0.08233157894736841
2022-06-14,Energy,0.12218928571428571,0.09962142857142857
2022-06-15,Energy,0.23086315789473685,0.16332105263157898
2022-06-16,Energy,0.21503125,0.22835625000000004
2022-06-17,Energy,0.06751,0.007949999999999995
2022-06-21,Energy,0.1242875,0.1180375
2022-06-22,Energy,0.06903076923076923,0.07250769230769231
2022-06-23,Energy,-0.006742105263157894,-0.032155263157894735
2022-06-24,Energy,0.10820250000000001,0.098455
2022-06-27,Energy,-0.021061111111111114,-0.019283333333333333
2022-06-28,Energy,0.12774615384615384,0.059488461538461546
2022-06-29,Energy,0.16661875000000004,0.08554375
2022-06-30,Energy,0.13155185185185186,0.09766296296296295
2022-07-01,Energy,0.057984999999999995,0.07310000000000001
2022-07-05,Energy,0.2374333333333333,0.14552380952380953
2022-07-06,Energy,0.09275636363636362,0.03499454545454546
2022-07-07,Energy,0.28623571428571426,0.09966428571428572
2022-07-08,Energy,0.21044761904761908,0.07991428571428572
2022-07-11,Energy,0.15754705882352943,0.06352941176470589
2022-07-12,Energy,0.06323333333333334,-0.01500000000000001
2022-07-13,Energy,0.20951999999999998,0.13281500000000002
2022-07-14,Energy,0.14240434782608696,0.10616521739130436
2022-07-15,Energy,0.1977161290322581,0.058545161290322584
2022-07-18,Energy,0.2680263157894737,0.12520526315789474
2022-07-19,Energy,0.259368,0.208976
2022-07-20,Energy,0.3026294117647059,0.1776705882352941
2022-07-21,Energy,0.15270434782608697,0.05786521739130435
2022-07-22,Energy,0.09718095238095238,0.15102857142857143
2022-07-25,Energy,0.16598636363636363,0.10772272727272726
2022-07-26,Energy,0.29884285714285713,0.16424571428571427
2022-07-27,Energy,0.0460125,0.0718875
2022-07-28,Energy,0.16818148148148146,0.11593703703703705
2022-07-29,Energy,0.14687941176470587,0.13112647058823532
2022-08-01,Energy,0.21765409836065575,0.24437377049180328
2022-08-02,Energy,0.09926571428571428,0.12282
2022-08-03,Energy,0.12847741935483872,0.10134193548387095
2022-08-04,Energy,0.23504871794871796,0.1685102564102564
2022-08-05,Energy,0.16364444444444445,0.09036296296296296
2022-08-08,Energy,0.1283,0.11443333333333332
2022-08-09,Energy,0.1498896551724138,0.1364448275862069
2022-08-10,Energy,0.060328571428571426,0.06244285714285714
2022-08-11,Energy,0.11900000000000001,0.07415217391304348
2022-08-12,Energy,0.12846,0.034353333333333326
2022-08-15,Energy,0.1754133333333333,-0.0032600000000000038
2022-08-16,Energy,0.06560681818181818,0.04818863636363636
2022-08-17,Energy,0.18542222222222224,0.09458888888888889
2022-08-18,Energy,0.3517533333333333,0.2698866666666666
2022-08-19,Energy,-0.04485454545454544,-0.05846363636363636
2022-08-22,Energy,0.17656875,0.1229375
2022-08-23,Energy,0.1948826086956522,0.041826086956521735
2022-08-24,Energy,0.11729200000000001,0.011352000000000003
2022-08-25,Energy,0.025596153846153845,-0.01826153846153846
2022-08-26,Energy,0.15932000000000002,0.20082
2022-08-29,Energy,0.14074,0.13149000000000002
2022-08-30,Energy,0.17443809523809525,0.05665714285714286
2022-08-31,Energy,0.09675,0.0562875
2022-09-01,Energy,0.15206315789473684,0.16647368421052633
2022-09-02,Energy,0.16733809523809523,0.060300000000000006
2022-09-06,Energy,0.2413241379310345,0.10113448275862069
2022-09-07,Energy,0.1317913043478261,0.01993913043478261
2022-09-08,Energy,0.17203181818181817,0.057895454545454555
2022-09-09,Energy,0.16736874999999998,0.0583375
2022-09-12,Energy,0.17114666666666664,0.011986666666666668
2022-09-13,Energy,0.24393333333333334,0.16328095238095236
2022-09-14,Energy,0.30345,0.16883499999999999
2022-09-15,Energy,0.1219923076923077,0.058703846153846155
2022-09-16,Energy,0.24774583333333333,0.09250416666666667
2022-09-19,Energy,0.4584733333333333,0.20070666666666667
2022-09-20,Energy,0.10405000000000002,0.07637272727272726
2022-09-21,Energy,0.2977333333333333,0.11750000000000001
2022-09-22,Energy,0.2362,0.08950714285714285
2022-09-23,Energy,0.17004000000000002,0.0764
2022-09-26,Energy,-0.05507777777777778,-0.12205555555555556
2022-09-27,Energy,0.09468823529411766,0.005276470588235306
2022-09-28,Energy,-0.11121,0.044800000000000006
2022-09-29,Energy,0.27267,0.15473499999999998
2022-09-30,Energy,0.1700125,0.12906250000000002
2022-10-03,Energy,0.23411666666666667,0.13216666666666665
2022-10-04,Energy,0.11441818181818182,0.10243636363636363
2022-10-05,Energy,0.11922857142857143,0.18389285714285716
2022-10-06,Energy,0.1775551724137931,0.04121724137931035
2022-10-07,Energy,0.12091071428571429,0.09994642857142857
2022-10-10,Energy,0.217915,0.118075
2022-10-11,Energy,0.0959423076923077,0.010080769230769235
2022-10-12,Energy,0.11310000000000002,0.06063636363636364
2022-10-13,Energy,0.129165,0.04714499999999999
2022-10-14,Energy,0.06403157894736843,-0.06633157894736842
2022-10-17,Energy,0.17625000000000002,0.14274642857142858
2022-10-18,Energy,0.069645,0.013705000000000005
2022-10-19,Energy,-0.048141176470588236,0.060600000000000015
2022-10-20,Energy,0.06076249999999998,0.1453
2022-10-21,Energy,0.05693684210526316,0.10896842105263159
2022-10-24,Energy,0.16580303030303029,0.17815454545454548
2022-10-25,Energy,0.13296875,0.197121875
2022-10-26,Energy,0.06193333333333336,0.10174444444444447
2022-10-27,Energy,0.07595625,0.0934
2022-10-28,Energy,0.16336923076923077,0.10805384615384615
2022-10-31,Energy,0.23868723404255318,0.20955744680851063
2022-11-01,Energy,0.1217175,0.07612250000000001
2022-11-02,Energy,0.2278904761904762,0.19464761904761904
2022-11-03,Energy,0.1986375,0.15121666666666667
2022-11-04,Energy,0.22394000000000003,0.15714999999999998
2022-11-07,Energy,0.09335714285714287,0.0679857142857143
2022-11-08,Energy,0.08596470588235294,0.03470294117647059
2022-11-09,Energy,0.2088142857142857,0.1116095238095238
2022-11-10,Energy,-0.022885714285714294,-0.0023642857142857077
2022-11-11,Energy,0.12187333333333333,0.07037333333333334
2022-11-14,Energy,0.144975,-0.011850000000000003
2022-11-15,Energy,0.10508888888888888,0.12850833333333334
2022-11-16,Energy,0.21665,0.12706875
2022-11-17,Energy,0.27344999999999997,0.08425
2022-11-18,Energy,0.0569421052631579,4.2105263157895944e-05
2022-11-21,Energy,0.09215000000000001,-0.08567500000000002
2022-11-22,Energy,0.216092,0.13974399999999998
2022-11-23,Energy,-0.025725,-0.024591666666666664
2022-11-25,Energy,0.23748260869565216,0.08825652173913046
2022-11-28,Energy,0.22730769230769232,0.10934615384615384
2022-11-29,Energy,0.015206250000000004,-0.037015624999999996
2022-11-30,Energy,0.07111724137931036,0.04788965517241379
2022-12-01,Energy,0.15239473684210528,0.09343684210526317
2022-12-02,Energy,0.18464999999999998,0.12649166666666667
2022-12-05,Energy,0.4225,0.30500000000000005
2022-12-06,Energy,0.2255,0.013090476190476187
2022-12-07,Energy,0.21264285714285716,0.15772142857142857
2022-12-08,Energy,0.09933684210526315,0.09920526315789474
2022-12-09,Energy,0.09531071428571428,0.04147857142857143
2022-12-12,Energy,0.07866666666666666,-0.0033916666666666665
2022-12-13,Energy,0.19067894736842106,-0.002978947368421046
2022-12-14,Energy,0.15108333333333332,0.06108333333333332
2022-12-15,Energy,-0.004835294117647049,0.034447058823529414
2022-12-16,Energy,0.07264,0.0012449999999999974
2022-12-19,Energy,0.1692,0.056955555555555565
2022-12-20,Energy,0.09397142857142857,0.11496666666666666
2022-12-21,Energy,0.2280294117647059,0.1314764705882353
2022-12-22,Energy,0.05147,0.07074
2022-12-23,Energy,0.38089166666666663,0.18570833333333334
2022-12-27,Energy,0.05673333333333334,0.07878888888888888
2022-12-28,Energy,0.17744864864864868,0.14334324324324324
2022-12-29,Energy,0.08363076923076924,0.08170769230769229
2022-12-30,Energy,0.06850625,-0.042925
2023-01-03,Energy,0.16405714285714287,0.22595000000000004
2023-01-04,Energy,0.24269374999999999,0.20139375
2023-01-05,Energy,0.2538074074074074,0.17095925925925926
2023-01-06,Energy,0.23237727272727274,0.09818181818181819
2023-01-09,Energy,0.20108636363636367,0.08603181818181818
2023-01-10,Energy,0.16902272727272727,0.1320909090909091
2023-01-11,Energy,0.1376375,0.06315625
2023-01-12,Energy,0.1884222222222222,0.04451111111111111
2023-01-13,Energy,0.039760000000000004,0.01389
2023-01-17,Energy,0.19664285714285715,0.16081428571428574
2023-01-18,Energy,0.08586250000000002,0.049745
2023-01-19,Energy,0.23023333333333335,0.22174285714285716
2023-01-20,Energy,0.046942857142857154,0.0689357142857143
2023-01-23,Energy,0.18504193548387096,0.11811612903225806
2023-01-24,Energy,0.14251290322580643,0.14904193548387099
2023-01-25,Energy,0.16137142857142855,0.18546190476190474
2023-01-26,Energy,0.16828620689655172,0.13807241379310345
2023-01-27,Energy,0.16324871794871795,0.15804615384615386
2023-01-30,Energy,0.13749565217391305,0.0756108695652174
2023-01-31,Energy,0.14076206896551727,-0.03740689655172413
2023-02-01,Energy,0.20947222222222223,0.13717500000000002
2023-02-02,Energy,-0.08192727272727272,0.02768636363636363
2023-02-03,Energy,0.14250434782608698,0.11666086956521739
2023-02-06,Energy,0.03882307692307693,-0.03553846153846154
2023-02-07,Energy,0.05557727272727273,0.03759545454545454
2023-02-08,Energy,0.16170588235294114,0.05352352941176471
2023-02-09,Energy,0.1593315789473684,0.15302105263157897
2023-02-10,Energy,0.07513478260869565,0.04836521739130435
2023-02-13,Energy,0.12988333333333335,0.10711666666666668
2023-02-14,Energy,0.2510516129032258,0.0284
2023-02-15,Energy,-0.07975833333333333,-0.09647500000000002
2023-02-16,Energy,-0.02732,0.00824
2023-02-17,Energy,0.12930952380952382,0.08606666666666667
2023-02-21,Energy,0.017642857142857144,0.012407142857142867
2023-02-22,Energy,0.08838823529411764,-0.001458823529411769
2023-02-23,Energy,0.1552235294117647,-0.03336470588235294
2023-02-24,Energy,0.17240000000000003,0.04961578947368421
2023-02-27,Energy,0.09521000000000002,0.04931000000000001
2023-02-28,Energy,-0.032225000000000004,-0.03796071428571429
2023-03-01,Energy,0.1328888888888889,0.16461666666666666
2023-03-02,Energy,0.09853571428571428,0.042564285714285714
2023-03-03,Energy,0.19341176470588237,0.09682352941176471
2023-03-06,Energy,0.16532727272727274,0.06274545454545455
2023-03-07,Energy,0.09298,0.09756500000000001
2023-03-08,Energy,0.132556,0.08763600000000002
2023-03-09,Energy,0.14049354838709677,0.1008
2023-03-10,Energy,0.20579999999999998,0.08111904761904762
2023-03-13,Energy,0.09818333333333334,0.025144444444444445
2023-03-14,Energy,0.15665,0.05458
2023-03-15,Energy,0.212,0.0760875
2023-03-16,Energy,0.15195714285714287,0.044746428571428576
2023-03-17,Energy,-0.053726666666666666,-0.018740000000000003
2023-03-20,Energy,0.052300000000000006,0.01805454545454546
2023-03-21,Energy,0.24513103448275864,0.054310344827586204
2023-03-22,Energy,-0.04735000000000001,-0.044518749999999996
2023-03-23,Energy,0.09809090909090906,0.12107727272727274
2023-03-24,Energy,0.1766235294117647,0.02645294117647059
2023-03-27,Energy,0.1764272727272727,0.08507272727272727
2023-03-28,Energy,0.016304,0.012116000000000002
2023-03-29,Energy,0.03081333333333334,0.07870666666666667
2023-03-30,Energy,0.04978620689655172,0.019717241379310343
2023-03-31,Energy,0.136625,0.04738125
2023-04-03,Energy,0.11592857142857145,0.05091428571428571
2023-04-04,Energy,-0.05380625,-0.10573750000000001
2023-04-05,Energy,0.2795818181818182,0.2697727272727273
2023-04-06,Energy,0.04091785714285714,-0.010839285714285714
2023-04-10,Energy,0.16979499999999997,0.09233
2023-04-11,Energy,0.14472653061224489,0.09802244897959185
2023-04-12,Energy,0.11786666666666666,0.11219444444444443
2023-04-13,Energy,0.07598421052631579,0.07869999999999999
2023-04-14,Energy,0.128465,0.07098499999999999
2023-04-17,Energy,0.15547916666666667,0.10303333333333335
2023-04-18,Energy,0.13063214285714286,0.09238928571428572
2023-04-19,Energy,0.06505714285714286,0.06242857142857143
2023-04-20,Energy,0.158368,0.099072
2023-04-21,Energy,0.1384,0.04429500000000001
2023-04-24,Energy,0.13097333333333333,0.11476333333333333
2023-04-25,Energy,0.14885483870967745,0.11120322580645162
2023-04-26,Energy,0.11565,0.11623125000000001
2023-04-27,Energy,0.1745625,0.15076875
2023-04-28,Energy,0.11233703703703704,0.06849999999999999
2023-05-01,Energy,0.13232105263157895,0.12655087719298247
2023-05-02,Energy,0.0740840909090909,0.07753636363636364
2023-05-03,Energy,0.028868,0.043579999999999994
2023-05-04,Energy,0.07447222222222222,0.09373888888888889
2023-05-05,Energy,0.14113333333333333,0.15353809523809522
2023-05-08,Energy,0.07412631578947369,0.04397368421052632
2023-05-09,Energy,0.15216829268292684,0.06434878048780487
2023-05-10,Energy,0.175705,0.015465000000000001
2023-05-11,Energy,0.10180769230769232,0.02367307692307693
2023-05-12,Energy,0.3088842105263158,0.1741421052631579
2023-05-15,Energy,0.03580526315789474,0.016521052631578957
2023-05-16,Energy,0.12550285714285714,0.09014
2023-05-17,Energy,0.0683,0.039108333333333335
2023-05-18,Energy,0.04151052631578947,0.056305263157894726
2023-05-19,Energy,0.03165882352941177,0.09519411764705883
2023-05-22,Energy,0.07305555555555557,0.09543333333333333
2023-05-23,Energy,0.17695526315789473,0.08839999999999999
2023-05-24,Energy,0.04741764705882353,-0.02553529411764706
2023-05-25,Energy,-0.014893750000000004,0.001012499999999996
2023-05-26,Energy,0.08926999999999999,0.012076666666666661
2023-05-30,Energy,0.21217083333333334,0.055837500000000005
2023-05-31,Energy,0.10373225806451612,0.07325483870967743
2023-06-01,Energy,0.15331666666666668,0.10239999999999999
2023-06-02,Energy,0.2044272727272727,0.12277727272727272
2023-06-05,Energy,0.011912499999999998,-0.028454166666666666
2023-06-06,Energy,0.09328709677419354,0.07645806451612903
2023-06-07,Energy,-0.051148000000000006,-0.0776
2023-06-08,Energy,0.09971000000000001,0.09183000000000001
2023-06-09,Energy,0.06629411764705882,0.13011176470588234
2023-06-12,Energy,0.09887777777777777,0.031788888888888894
2023-06-13,Energy,0.15019565217391304,0.10390869565217391
2023-06-14,Energy,0.2193,0.13194375
2023-06-15,Energy,0.09819285714285717,0.00689285714285714
2023-06-16,Energy,0.08856249999999999,0.0335
2023-06-20,Energy,0.05815,0.010541666666666666
2023-06-21,Energy,0.10563333333333332,0.054493333333333345
2023-06-22,Energy,0.029745,0.04843499999999999
2023-06-23,Energy,0.01271379310344828,0.04255517241379311
2023-06-26,Energy,0.0861625,0.07308125
2023-06-27,Energy,0.06136666666666667,0.038061111111111115
2023-06-28,Energy,0.17615882352941176,0.04922352941176471
2023-06-29,Energy,0.15304285714285712,0.1742928571428571
2023-06-30,Energy,0.07649047619047619,0.07560952380952381
2023-07-03,Energy,0.02901875,0.026175
2023-07-05,Energy,0.10728125000000001,0.10231562500000001
2023-07-06,Energy,0.10392758620689657,0.040213793103448275
2023-07-07,Energy,0.048711111111111115,-0.0055740740740740724
2023-07-10,Energy,0.013640909090909098,0.0843
2023-07-11,Energy,0.12156666666666667,-0.031833333333333325
2023-07-12,Energy,-0.032379999999999985,-0.12766
2023-07-13,Energy,0.07514814814814814,0.03361481481481482
2023-07-14,Energy,0.1403,0.061720000000000004
2023-07-17,Energy,0.13586666666666666,0.0009925925925925903
2023-07-18,Energy,0.21627200000000002,0.102904
2023-07-19,Energy,-0.028625,0.023530000000000002
2023-07-20,Energy,0.036000000000000004,0.02153846153846154
2023-07-21,Energy,0.11487,0.080125
2023-07-24,Energy,0.038239473684210525,0.06745263157894738
2023-07-25,Energy,0.14914,0.190028
2023-07-26,Energy,0.010742307692307692,0.06212692307692307
2023-07-27,Energy,0.15330000000000002,0.03915384615384616
2023-07-28,Energy,-0.0017636363636363663,0.11986363636363637
2023-07-31,Energy,0.18860158730158733,0.07324285714285714
2023-08-01,Energy,0.23711777777777776,0.13334666666666667
2023-08-02,Energy,0.16346500000000003,0.032575
2023-08-03,Energy,0.06270666666666666,0.004073333333333341
2023-08-04,Energy,0.06491515151515151,0.058927272727272724
2023-08-07,Energy,0.030730769230769225,-0.029923076923076934
2023-08-08,Energy,0.14236153846153846,0.17743076923076923
2023-08-09,Energy,0.22546666666666665,0.2036222222222222
2023-08-10,Energy,0.0018857142857142816,0.036404761904761905
2023-08-11,Energy,0.20451111111111112,0.12492777777777778
2023-08-14,Energy,0.16406944444444443,0.05343333333333333
2023-08-15,Energy,0.14938620689655172,0.061068965517241384
2023-08-16,Energy,0.092245,0.06779000000000002
2023-08-17,Energy,0.04844642857142857,0.016335714285714283
2023-08-18,Energy,0.06426944444444443,0.014063888888888891
2023-08-21,Energy,0.1700607142857143,-0.005553571428571426
2023-08-22,Energy,0.05773333333333333,0.06985925925925925
2023-08-23,Energy,0.021547826086956535,-0.03967391304347827
2023-08-24,Energy,0.15145217391304347,-0.03336521739130435
2023-08-25,Energy,0.13670714285714286,0.04242857142857143
2023-08-28,Energy,-0.027458333333333345,-0.16001666666666667
2023-08-29,Energy,0.15617599999999998,0.07586
2023-08-30,Energy,-0.03346315789473684,-0.03610526315789473
2023-08-31,Energy,0.07707058823529411,0.019788235294117648
2023-09-01,Energy,0.09849230769230768,0.12129999999999999
2023-09-05,Energy,0.06612500000000002,0.1365625
2023-09-06,Energy,0.004536111111111111,-0.05749444444444444
2023-09-07,Energy,0.1540933333333333,0.042366666666666664
2023-09-08,Energy,0.055393750000000005,0.025249999999999998
2023-09-11,Energy,0.16238148148148146,0.08228518518518518
2023-09-12,Energy,0.06464827586206898,0.0005724137931034503
2023-09-13,Energy,0.1422942857142857,0.01792571428571429
2023-09-14,Energy,0.05752608695652175,-0.008221739130434778
2023-09-15,Energy,0.13571249999999999,0.0588375
2023-09-18,Energy,-0.0326375,-0.026300000000000004
2023-09-19,Energy,-0.008081578947368415,-0.0840157894736842
2023-09-20,Energy,0.001134482758620691,-0.02843448275862069
2023-09-21,Energy,-0.014704761904761908,0.015785714285714285
2023-09-22,Energy,0.16802399999999998,0.08348000000000001
2023-09-25,Energy,0.26331666666666664,0.16590833333333335
2023-09-26,Energy,0.098740625,0.03796875
2023-09-27,Energy,0.12782631578947368,0.06324736842105262
2023-09-28,Energy,0.10221052631578949,0.14913157894736842
2023-09-29,Energy,0.1339238095238095,0.059190476190476196
2023-10-02,Energy,0.22279999999999997,0.1333913043478261
2023-10-03,Energy,0.20265555555555556,0.18029259259259262
2023-10-04,Energy,0.22636923076923077,0.20283076923076923
2023-10-05,Energy,0.17043030303030304,0.08697575757575757
2023-10-06,Energy,0.1689025641025641,-0.023169230769230775
2023-10-09,Energy,0.043397619047619046,0.05969047619047618
2023-10-10,Energy,-0.07993709677419354,-0.033401612903225804
2023-10-11,Energy,0.057609375000000004,0.0397
2023-10-12,Energy,0.2349516129032258,0.14635161290322582
2023-10-13,Energy,0.1523904761904762,0.14909523809523811
2023-10-16,Energy,-0.015057692307692315,0.05335384615384616
2023-10-17,Energy,0.23424999999999999,0.08426666666666667
2023-10-18,Energy,0.1568409090909091,0.048572727272727274
2023-10-19,Energy,-0.0931846153846154,-0.14125384615384617
2023-10-20,Energy,0.16658888888888887,0.10705555555555556
2023-10-23,Energy,0.024844444444444443,0.000602777777777773
2023-10-24,Energy,0.06041492537313434,0.015008955223880597
2023-10-25,Energy,0.11881891891891892,0.07434324324324325
2023-10-26,Energy,0.12756,0.14930800000000002
2023-10-27,Energy,0.08682439024390244,0.017985365853658532
2023-10-30,Energy,0.14465645161290322,0.04748548387096774
2023-10-31,Energy,0.07360303030303032,0.04999090909090909
2023-11-01,Energy,0.1638090909090909,0.18744545454545455
2023-11-02,Energy,0.20222962962962962,0.20705555555555558
2023-11-03,Energy,0.09427749999999999,0.03427
2023-11-06,Energy,0.18652,0.08556
2023-11-07,Energy,0.14386666666666667,0.049548148148148154
2023-11-08,Energy,0.16203793103448277,0.009824137931034472
2023-11-09,Energy,0.10814090909090908,0.023886363636363636
2023-11-10,Energy,0.100548,0.04746399999999999
2023-11-13,Energy,0.12418421052631577,0.026578947368421053
2023-11-14,Energy,0.14912,0.04756333333333333
2023-11-15,Energy,0.14007777777777777,0.05262962962962962
2023-11-16,Energy,0.11200769230769231,0.09292307692307691
2023-11-17,Energy,-0.000906666666666663,0.03206666666666667
2023-11-20,Energy,0.1674,0.07502857142857143
2023-11-21,Energy,0.06806363636363637,-0.021254545454545457
2023-11-22,Energy,0.165025,0.127465
2023-11-24,Energy,0.08533333333333333,0.07019166666666667
2023-11-27,Energy,0.17116666666666663,0.04402777777777778
2023-11-28,Energy,0.1891866666666667,0.011520000000000008
2023-11-29,Energy,-0.017638888888888885,-0.07506666666666667
2023-11-30,Energy,0.07934583333333334,0.017483333333333333
2023-12-01,Energy,0.16204444444444444,0.04282777777777778
2023-12-04,Energy,0.0,-0.015677777777777777
2023-12-05,Energy,0.043647058823529414,0.1545176470588235
2023-12-06,Energy,0.008570588235294115,0.012064705882352937
2023-12-07,Energy,0.19262333333333334,0.11602333333333333
2023-12-08,Energy,0.03411904761904762,-0.041619047619047625
2023-12-11,Energy,0.09034062500000001,-0.029178124999999992
2023-12-12,Energy,0.11033692307692308,0.04470307692307692
2023-12-13,Energy,0.05327000000000002,0.0971975
2023-12-14,Energy,0.15573461538461536,0.1768769230769231
2023-12-15,Energy,0.14343333333333333,0.14288333333333333
2023-12-18,Energy,0.051572222222222235,0.07429999999999999
2023-12-19,Energy,0.10070588235294119,0.10014705882352941
2020-01-03,Financials,0.158925,0.08656666666666668
2020-01-06,Financials,0.0374375,0.051062500000000004
2020-01-07,Financials,0.19928333333333334,0.08673333333333333
2020-01-08,Financials,0.08967272727272727,0.06833636363636364
2020-01-09,Financials,0.448825,0.326075
2020-01-10,Financials,0.16655454545454546,0.09145454545454546
2020-01-13,Financials,0.2603285714285714,0.1971
2020-01-14,Financials,0.18907272727272728,0.10446363636363637
2020-01-15,Financials,0.06746052631578948,0.07052894736842105
2020-01-16,Financials,0.06528611111111111,0.03610277777777778
2020-01-17,Financials,0.1740782608695652,0.16273260869565218
2020-01-21,Financials,0.13106470588235294,0.1897
2020-01-22,Financials,0.1926413793103448,0.12292068965517242
2020-01-23,Financials,0.038275,-0.08174999999999999
2020-01-24,Financials,0.02494285714285715,0.10409285714285714
2020-01-27,Financials,-0.044199999999999996,-0.04533333333333333
2020-01-28,Financials,0.024440000000000007,-0.0804
2020-01-29,Financials,0.14629000000000003,0.12050000000000001
2020-01-30,Financials,0.2164428571428572,0.013814285714285713
2020-01-31,Financials,0.021988888888888888,0.03584444444444444
2020-02-03,Financials,0.1269,0.15265833333333334
2020-02-04,Financials,0.030666666666666665,0.11853333333333334
2020-02-05,Financials,0.3552166666666667,0.21019999999999997
2020-02-06,Financials,-0.21815,0.004200000000000001
2020-02-07,Financials,0.2979909090909091,0.11858181818181818
2020-02-10,Financials,0.06042222222222223,-0.020766666666666666
2020-02-11,Financials,0.31679999999999997,0.27
2020-02-12,Financials,0.24335454545454543,0.21819999999999998
2020-02-13,Financials,0.13443333333333332,0.22801666666666667
2020-02-14,Financials,0.08479999999999999,0.11058333333333333
2020-02-18,Financials,0.14668571428571428,0.14092857142857143
2020-02-19,Financials,-0.016915,0.04071
2020-02-20,Financials,0.074925,0.1746125
2020-02-21,Financials,0.13509302325581396,0.09131627906976743
2020-02-24,Financials,0.19013157894736843,0.13543684210526316
2020-02-25,Financials,0.0035200000000000045,-0.04972
2020-02-26,Financials,0.16087333333333334,0.10294666666666666
2020-02-27,Financials,0.17864000000000002,0.07190666666666666
2020-02-28,Financials,0.048600000000000004,-0.031099999999999996
2020-03-02,Financials,-0.00951250000000001,-0.039775
2020-03-03,Financials,0.17951818181818185,0.10066363636363639
2020-03-04,Financials,-0.05026875,-0.06326874999999998
2020-03-05,Financials,0.15397142857142856,0.06411428571428571
2020-03-06,Financials,0.10143529411764705,0.03458823529411764
2020-03-09,Financials,0.0019294117647058854,-0.006464705882352941
2020-03-10,Financials,0.189504,0.122492
2020-03-11,Financials,0.13994761904761902,0.13894761904761904
2020-03-12,Financials,0.16499999999999998,0.12957000000000002
2020-03-13,Financials,0.02204545454545454,0.06050454545454545
2020-03-16,Financials,-0.17792,0.029779999999999994
2020-03-17,Financials,-0.059732,-0.070892
2020-03-18,Financials,-0.05712000000000001,0.017780000000000004
2020-03-19,Financials,0.07137692307692309,-0.027515384615384615
2020-03-20,Financials,-0.22765,-0.17499
2020-03-23,Financials,-0.07465833333333334,-0.005858333333333336
2020-03-24,Financials,-0.011744444444444446,-0.030627777777777778
2020-03-25,Financials,0.31497142857142857,0.36245714285714287
2020-03-26,Financials,-0.015207692307692307,0.05196153846153846
2020-03-27,Financials,0.2026764705882353,0.024229411764705885
2020-03-30,Financials,0.2601555555555556,0.1775111111111111
2020-03-31,Financials,-0.12402142857142857,-0.10082142857142855
2020-04-01,Financials,0.009942857142857142,0.012871428571428567
2020-04-02,Financials,-0.116065,-0.05456
2020-04-03,Financials,0.0952625,0.079675
2020-04-06,Financials,0.03108235294117647,-0.05674117647058823
2020-04-07,Financials,0.1651741935483871,0.09886129032258063
2020-04-08,Financials,0.11199629629629629,0.10368148148148147
2020-04-09,Financials,0.2041666666666667,0.1042
2020-04-13,Financials,0.11847692307692308,0.16312692307692306
2020-04-14,Financials,0.0497925,-0.0017425000000000045
2020-04-15,Financials,0.1930047619047619,0.15284444444444442
2020-04-16,Financials,0.09441290322580645,-0.017225806451612907
2020-04-17,Financials,0.06952537313432834,0.03822686567164179
2020-04-20,Financials,0.06537142857142857,0.11710000000000001
2020-04-21,Financials,0.1461684210526316,0.07474210526315789
2020-04-22,Financials,-0.12486666666666665,-0.05427777777777777
2020-04-23,Financials,0.08312000000000001,0.10618
2020-04-24,Financials,0.21544,0.11815
2020-04-27,Financials,-0.050866666666666664,-0.04614444444444445
2020-04-28,Financials,0.064804,0.137548
2020-04-29,Financials,0.2741833333333333,0.24053333333333335
2020-04-30,Financials,0.15479545454545454,0.14160454545454548
2020-05-01,Financials,0.07629565217391304,0.016039130434782608
2020-05-04,Financials,-0.04909444444444444,-0.00784444444444444
2020-05-05,Financials,0.04869565217391305,0.0022304347826086987
2020-05-06,Financials,0.0798,0.07238636363636362
2020-05-07,Financials,0.04640000000000001,0.08702631578947369
2020-05-08,Financials,-0.05979285714285715,0.02106428571428572
2020-05-11,Financials,0.018346666666666664,0.09137333333333333
2020-05-12,Financials,0.18143888888888887,0.01586666666666667
2020-05-13,Financials,-0.15892,-0.17399
2020-05-14,Financials,0.15458235294117648,-0.0027411764705882304
2020-05-15,Financials,0.08498,0.07952666666666666
2020-05-18,Financials,0.18306857142857144,-0.002934285714285713
2020-05-19,Financials,0.08155714285714287,0.09766857142857144
2020-05-20,Financials,0.070315,0.044265000000000006
2020-05-21,Financials,0.22071666666666667,0.1735833333333333
2020-05-22,Financials,0.0581,0.030500000000000003
2020-05-26,Financials,0.25435,0.1703625
2020-05-27,Financials,0.13775357142857142,0.22478928571428572
2020-05-28,Financials,0.24619600000000003,0.20908000000000002
2020-05-29,Financials,0.0824875,0.05407916666666668
2020-06-01,Financials,0.033780000000000004,0.038164
2020-06-02,Financials,0.07001739130434782,0.13269130434782608
2020-06-03,Financials,0.13721923076923076,0.10369615384615383
2020-06-04,Financials,0.20953076923076924,0.17608076923076924
2020-06-05,Financials,0.158025,0.15881
2020-06-08,Financials,0.358645,0.30138
2020-06-09,Financials,0.16657692307692307,-0.006561538461538465
2020-06-10,Financials,0.08667619047619049,0.12537142857142855
2020-06-11,Financials,0.14232105263157893,0.12316315789473685
2020-06-12,Financials,0.05376428571428572,0.008678571428571424
2020-06-15,Financials,0.022616666666666674,0.09386666666666665
2020-06-16,Financials,0.08902857142857143,-0.0015642857142857216
2020-06-17,Financials,0.03377,-0.009330000000000001
2020-06-18,Financials,0.02928,0.035519999999999996
2020-06-19,Financials,-0.08302222222222223,-0.0007888888888888945
2020-06-22,Financials,-0.1188,-0.05022499999999999
2020-06-23,Financials,-0.08058888888888889,-0.07276666666666667
2020-06-24,Financials,0.07363333333333334,0.05126666666666666
2020-06-25,Financials,0.060320000000000006,-0.09842999999999999
2020-06-26,Financials,-0.08683636363636364,0.029013636363636363
2020-06-29,Financials,-0.04568666666666666,-0.03875333333333333
2020-06-30,Financials,0.1613777777777778,0.07653888888888889
2020-07-01,Financials,0.004659090909090914,0.03699545454545455
2020-07-02,Financials,-0.19,-0.08694285714285714
2020-07-06,Financials,0.08888750000000001,0.12789583333333332
2020-07-07,Financials,-0.0026933333333333345,0.15493333333333334
2020-07-08,Financials,0.054899999999999984,-0.04550000000000002
2020-07-09,Financials,0.311425,0.10223750000000001
2020-07-10,Financials,0.20059444444444444,0.11749444444444444
2020-07-13,Financials,0.06405789473684209,0.19922105263157897
2020-07-14,Financials,0.050744444444444446,0.03156111111111111
2020-07-15,Financials,0.03379787234042553,0.04355106382978723
2020-07-16,Financials,0.2526022727272727,0.16789772727272728
2020-07-17,Financials,0.03676842105263159,-0.10042105263157894
2020-07-20,Financials,-0.03019999999999999,-0.021416666666666667
2020-07-21,Financials,0.1467153846153846,0.18243846153846152
2020-07-22,Financials,0.2635166666666667,0.151925
2020-07-23,Financials,0.05984666666666665,-0.01568666666666667
2020-07-24,Financials,0.008310000000000007,0.037930000000000005
2020-07-27,Financials,-0.023156249999999996,0.018287499999999998
2020-07-28,Financials,0.10867857142857143,0.06330000000000001
2020-07-29,Financials,0.057100000000000005,0.0042000000000000075
2020-07-30,Financials,0.04750769230769231,-0.05027692307692307
2020-07-31,Financials,0.1734,0.1032111111111111
2020-08-03,Financials,0.009849999999999998,0.09133333333333332
2020-08-04,Financials,0.049130769230769235,-0.0423076923076923
2020-08-05,Financials,0.0495090909090909,0.016336363636363635
2020-08-06,Financials,0.1340230769230769,0.09450769230769232
2020-08-07,Financials,0.013762500000000004,0.0938375
2020-08-10,Financials,0.007914285714285716,-0.10650000000000001
2020-08-11,Financials,0.24530000000000002,0.11665
2020-08-12,Financials,0.08648095238095238,0.0359
2020-08-13,Financials,0.06619090909090909,0.002490909090909092
2020-08-14,Financials,-0.13872500000000001,-0.05061666666666668
2020-08-17,Financials,0.051949999999999996,0.04650000000000001
2020-08-18,Financials,0.03428333333333334,0.012825000000000003
2020-08-19,Financials,0.08031666666666666,0.11245833333333333
2020-08-20,Financials,0.003049999999999997,0.03175
2020-08-21,Financials,0.1853375,0.1207875
2020-08-24,Financials,0.18156000000000003,0.25814
2020-08-25,Financials,0.3066111111111111,0.19904444444444447
2020-08-26,Financials,0.20626666666666668,0.06945000000000001
2020-08-27,Financials,0.08832727272727271,0.007018181818181815
2020-08-28,Financials,-0.08549999999999999,-0.075925
2020-08-31,Financials,-0.047150000000000004,0.05740833333333333
2020-09-01,Financials,0.10846249999999999,0.0743625
2020-09-02,Financials,0.07126666666666666,0.0006333333333333283
2020-09-03,Financials,0.12596999999999997,0.07283999999999999
2020-09-04,Financials,0.17808333333333334,-0.006749999999999998
2020-09-08,Financials,-0.16563125,-0.06337499999999999
2020-09-09,Financials,0.06313125,0.0333625
2020-09-10,Financials,-0.15628333333333333,-0.10053333333333332
2020-09-11,Financials,-0.0058625,0.17701250000000002
2020-09-14,Financials,-0.0999,-0.04451666666666667
2020-09-15,Financials,0.023419999999999996,0.029339999999999988
2020-09-16,Financials,0.29308,0.08784
2020-09-17,Financials,-0.022729999999999993,-0.04264
2020-09-18,Financials,0.10400000000000001,0.10919000000000001
2020-09-21,Financials,0.14173750000000002,-0.025487500000000003
2020-09-22,Financials,0.054459999999999995,0.07984
2020-09-23,Financials,0.15836666666666668,0.12591666666666668
2020-09-24,Financials,0.2348222222222222,0.25474444444444444
2020-09-25,Financials,0.15348571428571428,0.09822857142857143
2020-09-28,Financials,0.08038,0.0178
2020-09-29,Financials,0.2548823529411765,0.22392941176470588
2020-09-30,Financials,0.005750000000000005,-0.06354166666666666
2020-10-01,Financials,-0.024238095238095232,0.021095238095238104
2020-10-02,Financials,0.1271235294117647,0.05686470588235294
2020-10-05,Financials,0.21211111111111108,0.0563888888888889
2020-10-06,Financials,0.15565,0.01685
2020-10-07,Financials,0.2624625,0.179975
2020-10-08,Financials,0.14795833333333333,-0.028958333333333336
2020-10-09,Financials,0.20722272727272728,0.26468636363636366
2020-10-12,Financials,0.2822692307692308,0.08704615384615384
2020-10-13,Financials,0.244409375,0.261390625
2020-10-14,Financials,0.09762812500000001,0.09613124999999999
2020-10-15,Financials,0.14635384615384617,0.00846346153846154
2020-10-16,Financials,0.223872,0.06742
2020-10-19,Financials,0.5195285714285715,0.2572
2020-10-20,Financials,0.10516153846153846,0.10251538461538462
2020-10-21,Financials,0.1863857142857143,0.10028571428571428
2020-10-22,Financials,0.04219285714285714,0.014621428571428573
2020-10-23,Financials,0.021049999999999996,0.09243571428571429
2020-10-26,Financials,0.4289666666666667,0.18779999999999997
2020-10-27,Financials,0.043347058823529405,-0.004576470588235293
2020-10-28,Financials,0.13182857142857143,0.032585714285714294
2020-10-29,Financials,0.038610344827586206,-0.04400344827586207
2020-10-30,Financials,0.1177666666666667,0.03436666666666667
2020-11-02,Financials,0.09259375,0.1050625
2020-11-03,Financials,0.0498,0.001207692307692305
2020-11-04,Financials,0.0673157894736842,0.06670526315789474
2020-11-05,Financials,0.20744166666666666,0.09087916666666666
2020-11-06,Financials,0.13489,0.057420000000000006
2020-11-09,Financials,0.1728888888888889,0.01058888888888889
2020-11-10,Financials,0.04599166666666666,0.04037083333333333
2020-11-11,Financials,0.19096666666666665,0.10541111111111111
2020-11-12,Financials,0.22212500000000002,0.16133750000000002
2020-11-13,Financials,0.13295384615384617,-0.0042230769230769275
2020-11-16,Financials,0.06941818181818182,-0.060599999999999994
2020-11-17,Financials,0.1408157894736842,0.11022105263157894
2020-11-18,Financials,-0.06083636363636364,-0.21536363636363634
2020-11-19,Financials,0.11909999999999998,0.06554545454545456
2020-11-20,Financials,0.20896153846153845,0.07173846153846154
2020-11-23,Financials,0.11783333333333333,0.047566666666666674
2020-11-24,Financials,0.04893478260869565,0.020291304347826087
2020-11-25,Financials,0.16905625,0.11494375
2020-11-27,Financials,-0.015592307692307694,0.07905384615384616
2020-11-30,Financials,0.2783142857142857,0.27254285714285714
2020-12-01,Financials,0.0015333333333333449,-0.10663333333333334
2020-12-02,Financials,0.4565,0.143525
2020-12-03,Financials,0.06706666666666666,-0.015333333333333334
2020-12-04,Financials,0.21504545454545457,0.12416363636363638
2020-12-07,Financials,-0.022850000000000002,-0.018320000000000003
2020-12-08,Financials,0.0682,0.061754166666666666
2020-12-09,Financials,0.03364117647058823,0.07743529411764707
2020-12-10,Financials,0.08219090909090909,0.14734545454545456
2020-12-11,Financials,0.13643999999999998,0.029466666666666662
2020-12-14,Financials,0.136075,0.022299999999999993
2020-12-15,Financials,0.1217142857142857,0.07947142857142857
2020-12-16,Financials,0.1939,0.07618333333333334
2020-12-17,Financials,0.21593333333333334,0.1857777777777778
2020-12-18,Financials,0.34694,0.17835499999999999
2020-12-21,Financials,0.0,0.1832666666666667
2020-12-22,Financials,-0.07077000000000001,0.026274
2020-12-23,Financials,0.17908,0.1786
2020-12-24,Financials,0.14218,0.09724000000000001
2020-12-28,Financials,0.21075,0.21645000000000003
2020-12-29,Financials,0.1365904761904762,0.1264190476190476
2020-12-30,Financials,-0.33083999999999997,-0.25134
2020-12-31,Financials,0.043899999999999995,0.27645
2021-01-04,Financials,0.297625,0.11412500000000002
2021-01-05,Financials,0.23720769230769234,0.3082307692307692
2021-01-06,Financials,0.2179846153846154,0.2737923076923077
2021-01-07,Financials,0.1369111111111111,0.1329111111111111
2021-01-08,Financials,0.07555882352941176,0.1424470588235294
2021-01-11,Financials,0.13079000000000002,0.09539
2021-01-12,Financials,0.04956333333333334,0.020396666666666667
2021-01-13,Financials,0.062036,0.09214399999999999
2021-01-14,Financials,0.10214,0.11423333333333334
2021-01-15,Financials,0.15883,0.21034999999999998
2021-01-19,Financials,0.21887999999999996,0.03212285714285715
2021-01-20,Financials,0.1500741935483871,0.11613870967741935
2021-01-21,Financials,0.05693714285714285,0.13392285714285715
2021-01-22,Financials,0.09524285714285716,0.15699285714285713
2021-01-25,Financials,0.07039,0.16039
2021-01-26,Financials,0.1394529411764706,0.13377058823529414
2021-01-27,Financials,0.21048125,0.012406250000000004
2021-01-28,Financials,-0.03816666666666667,-0.016044444444444448
2021-01-29,Financials,0.09372500000000002,-0.042368750000000004
2021-02-01,Financials,0.1287875,0.09823749999999999
2021-02-02,Financials,0.08357222222222221,0.059605555555555564
2021-02-03,Financials,0.1773875,0.13876875
2021-02-04,Financials,0.19563076923076922,0.16425384615384614
2021-02-05,Financials,-0.03991818181818181,-0.10729090909090909
2021-02-08,Financials,0.09854444444444445,0.13832222222222224
2021-02-09,Financials,0.028637500000000003,0.06036875
2021-02-10,Financials,0.014399999999999993,-0.04755714285714285
2021-02-11,Financials,0.0045272727272727305,0.06430909090909091
2021-02-12,Financials,0.21666666666666667,0.13528333333333334
2021-02-16,Financials,0.0,0.011500000000000002
2021-02-17,Financials,0.070175,0.07841666666666666
2021-02-18,Financials,0.22183529411764707,0.1380823529411765
2021-02-19,Financials,0.07094545454545455,0.01160909090909091
2021-02-22,Financials,0.17825714285714286,0.23687142857142857
2021-02-23,Financials,-0.022766666666666668,0.005066666666666668
2021-02-24,Financials,0.032312499999999994,0.08328125
2021-02-25,Financials,0.05144285714285714,0.10496428571428572
2021-02-26,Financials,0.18031250000000001,0.13114375
2021-03-01,Financials,0.0454875,0.006662499999999998
2021-03-02,Financials,0.0717,0.05400588235294118
2021-03-03,Financials,0.22295833333333334,0.12914166666666668
2021-03-04,Financials,0.010063157894736842,-0.047610526315789485
2021-03-05,Financials,0.08030769230769232,0.06007692307692307
2021-03-08,Financials,0.14128333333333334,0.15050833333333333
2021-03-09,Financials,0.09998,0.1467
2021-03-10,Financials,0.030599999999999995,0.05906363636363636
2021-03-11,Financials,0.3045166666666667,0.1297
2021-03-12,Financials,0.06344545454545454,0.03682727272727272
2021-03-15,Financials,0.1252888888888889,0.12369999999999999
2021-03-16,Financials,0.23609999999999998,0.11745833333333333
2021-03-17,Financials,0.037766666666666664,0.12469999999999999
2021-03-18,Financials,0.16988999999999999,0.19396
2021-03-19,Financials,0.028176923076923075,-0.10003076923076923
2021-03-22,Financials,0.03445,-0.028522222222222227
2021-03-23,Financials,0.24904166666666663,0.114375
2021-03-24,Financials,0.18735714285714286,0.1257142857142857
2021-03-25,Financials,0.10644545454545455,0.07162727272727273
2021-03-26,Financials,0.02056315789473685,0.007468421052631575
2021-03-29,Financials,0.27049285714285715,0.21260714285714283
2021-03-30,Financials,0.03499333333333333,-0.09488999999999999
2021-03-31,Financials,0.04052333333333335,-0.02508666666666666
2021-04-01,Financials,0.16022857142857141,0.08218571428571428
2021-04-05,Financials,0.20166666666666666,0.17326666666666668
2021-04-06,Financials,0.20495652173913043,0.16078695652173913
2021-04-07,Financials,-0.03852380952380953,0.02647142857142857
2021-04-08,Financials,0.16374444444444444,0.17033333333333334
2021-04-09,Financials,0.027266666666666668,0.01982
2021-04-12,Financials,0.06554285714285714,0.1675095238095238
2021-04-13,Financials,0.124615,0.15977249999999998
2021-04-14,Financials,0.19236451612903227,0.1996258064516129
2021-04-15,Financials,0.20395666666666665,0.20360333333333333
2021-04-16,Financials,0.1647241379310345,0.3309448275862069
2021-04-19,Financials,0.21335277777777778,0.2378305555555556
2021-04-20,Financials,0.16065454545454547,0.10503181818181817
2021-04-21,Financials,0.19993125,0.14364375000000001
2021-04-22,Financials,0.1123076923076923,0.10494615384615386
2021-04-23,Financials,0.09199411764705881,0.08082941176470587
2021-04-26,Financials,0.21663000000000002,0.00789
2021-04-27,Financials,0.21474761904761908,0.10522857142857142
2021-04-28,Financials,0.16174375000000002,0.06410625
2021-04-29,Financials,0.025266666666666663,0.06634000000000001
2021-04-30,Financials,0.11769090909090908,0.24655454545454542
2021-05-03,Financials,0.09061666666666668,0.09929166666666667
2021-05-04,Financials,0.16378571428571426,0.02644285714285715
2021-05-05,Financials,0.16237,0.08952
2021-05-06,Financials,0.13540999999999997,0.27329
2021-05-07,Financials,0.16049999999999998,0.12461818181818182
2021-05-10,Financials,0.041179999999999994,-0.016429999999999993
2021-05-11,Financials,0.062200000000000005,0.007700000000000002
2021-05-12,Financials,0.004559999999999997,-0.0581
2021-05-13,Financials,0.03782666666666667,-0.05499333333333334
2021-05-14,Financials,0.06576666666666667,-0.09162222222222222
2021-05-17,Financials,0.03893333333333334,0.03270666666666667
2021-05-18,Financials,0.17376111111111112,0.08932777777777777
2021-05-19,Financials,0.142975,0.22321249999999998
2021-05-20,Financials,0.28224,0.11037
2021-05-21,Financials,0.08444545454545455,0.1657909090909091
2021-05-24,Financials,-0.001563636363636367,-0.05745454545454545
2021-05-25,Financials,0.0389875,0.044393749999999996
2021-05-26,Financials,0.2032642857142857,0.058199999999999995
2021-05-27,Financials,0.09516999999999998,-0.06621
2021-05-28,Financials,0.05684285714285714,-0.03271428571428572
2021-06-01,Financials,0.17506363636363637,0.0713090909090909
2021-06-02,Financials,0.1553388888888889,0.11575000000000002
2021-06-03,Financials,0.22818235294117648,0.18943529411764706
2021-06-04,Financials,0.008483333333333334,0.04724999999999999
2021-06-07,Financials,0.267075,0.10186250000000001
2021-06-08,Financials,0.1343,0.024581249999999995
2021-06-09,Financials,0.189425,0.098475
2021-06-10,Financials,0.22390909090909092,0.28059999999999996
2021-06-11,Financials,0.09150769230769232,0.021738461538461533
2021-06-14,Financials,0.30934,0.20049999999999998
2021-06-15,Financials,0.01781818181818182,0.004681818181818182
2021-06-16,Financials,0.11162000000000001,0.15088
2021-06-17,Financials,-3.333333333333429e-05,0.058058333333333344
2021-06-18,Financials,0.062257894736842095,-0.0767421052631579
2021-06-21,Financials,0.13705714285714285,0.11343571428571428
2021-06-22,Financials,0.050125,0.13953333333333331
2021-06-23,Financials,-0.13670000000000002,-0.026658333333333336
2021-06-24,Financials,0.12126153846153846,0.1630076923076923
2021-06-25,Financials,0.14802666666666667,0.09007000000000001
2021-06-28,Financials,-0.06282941176470587,0.0493294117647059
2021-06-29,Financials,0.06958235294117647,0.07359411764705882
2021-06-30,Financials,0.1306642857142857,0.169325
2021-07-01,Financials,0.10970869565217392,0.13070434782608698
2021-07-02,Financials,0.08056363636363638,0.13565454545454544
2021-07-06,Financials,0.12915000000000001,0.22282857142857143
2021-07-07,Financials,-0.05804736842105263,-0.004494736842105259
2021-07-08,Financials,-0.05668461538461537,0.10830769230769231
2021-07-09,Financials,0.05789259259259259,0.061559259259259265
2021-07-12,Financials,0.19207916666666666,0.16018333333333334
2021-07-13,Financials,0.11016666666666668,0.050741666666666664
2021-07-14,Financials,0.18,0.08583023255813954
2021-07-15,Financials,0.19339411764705883,0.2054029411764706
2021-07-16,Financials,0.06192571428571428,-0.0009257142857142893
2021-07-19,Financials,0.093,0.217075
2021-07-20,Financials,0.020869230769230772,-0.009630769230769233
2021-07-21,Financials,0.21042916666666667,0.20379999999999998
2021-07-22,Financials,0.2901588235294118,0.1643764705882353
2021-07-23,Financials,0.13835555555555554,0.02512222222222222
2021-07-26,Financials,0.10167142857142857,0.14977857142857146
2021-07-27,Financials,0.054493749999999994,0.035687500000000004
2021-07-28,Financials,0.1913235294117647,0.08213529411764706
2021-07-29,Financials,0.08663333333333334,0.06571428571428571
2021-07-30,Financials,0.3465833333333333,0.20835
2021-08-02,Financials,-0.05146666666666667,-0.15426666666666666
2021-08-03,Financials,0.25458333333333333,0.14661666666666667
2021-08-04,Financials,0.09348,0.10796000000000001
2021-08-05,Financials,0.029076923076923077,0.10196153846153846
2021-08-06,Financials,-0.03815999999999999,0.063415
2021-08-09,Financials,-0.008050000000000002,0.06374999999999999
2021-08-10,Financials,0.12248,0.18933333333333333
2021-08-11,Financials,0.15541538461538462,0.04133846153846154
2021-08-12,Financials,0.10385833333333334,0.1360583333333333
2021-08-13,Financials,0.1419,0.08547222222222223
2021-08-16,Financials,0.09328333333333333,0.05908333333333334
2021-08-17,Financials,0.098225,-0.072675
2021-08-18,Financials,-0.00260000000000001,-0.06287777777777777
2021-08-19,Financials,0.021769230769230756,0.013215384615384625
2021-08-20,Financials,0.1649153846153846,0.09666153846153845
2021-08-23,Financials,-0.10994999999999999,0.03096666666666667
2021-08-24,Financials,0.17100714285714286,0.03495
2021-08-25,Financials,0.15989230769230772,0.0959
2021-08-26,Financials,0.1769666666666667,0.06828333333333333
2021-08-27,Financials,-0.12625,-0.06443
2021-08-30,Financials,0.09975384615384617,0.06022307692307692
2021-08-31,Financials,0.10115,0.19155
2021-09-01,Financials,0.21183636363636363,0.1205181818181818
2021-09-02,Financials,0.11482727272727272,0.20698181818181816
2021-09-03,Financials,0.17472,0.122265
2021-09-07,Financials,0.13394,0.15693000000000001
2021-09-08,Financials,0.08009473684210526,0.02186315789473683
2021-09-09,Financials,0.11055384615384616,0.039946153846153847
2021-09-10,Financials,-0.09960454545454546,-0.1937590909090909
2021-09-13,Financials,-0.0551181818181818,0.07922727272727272
2021-09-14,Financials,0.07018888888888888,0.045616666666666666
2021-09-15,Financials,0.04815454545454546,0.12350909090909092
2021-09-16,Financials,0.12185789473684211,-0.006305263157894735
2021-09-17,Financials,0.0795,0.043937500000000004
2021-09-20,Financials,0.13570833333333335,0.12594999999999998
2021-09-21,Financials,-0.1045,-0.07763
2021-09-22,Financials,0.03831111111111111,-0.01823888888888889
2021-09-23,Financials,0.06864166666666667,-0.003933333333333335
2021-09-24,Financials,0.09175555555555555,0.1002888888888889
2021-09-27,Financials,0.122,0.05983333333333334
2021-09-28,Financials,0.1608923076923077,0.15211923076923076
2021-09-29,Financials,0.20844117647058824,0.16140588235294118
2021-09-30,Financials,0.026699999999999998,-0.054933333333333334
2021-10-01,Financials,0.07157,0.07568
2021-10-04,Financials,0.17169,0.11508
2021-10-05,Financials,0.07438333333333333,0.11017500000000001
2021-10-06,Financials,0.09985555555555556,0.1693611111111111
2021-10-07,Financials,0.0534375,-0.028606250000000014
2021-10-08,Financials,0.0903,0.043925000000000006
2021-10-11,Financials,0.10194285714285714,0.12177142857142857
2021-10-12,Financials,0.12201515151515152,0.055312121212121215
2021-10-13,Financials,0.029900000000000003,0.10814545454545454
2021-10-14,Financials,0.20645172413793103,0.2573310344827586
2021-10-15,Financials,0.25429999999999997,0.20512181818181818
2021-10-18,Financials,0.25686944444444443,0.22118055555555557
2021-10-19,Financials,0.041989655172413785,-0.06088275862068966
2021-10-20,Financials,-0.19595,0.009600000000000011
2021-10-21,Financials,-0.015400000000000006,-0.0027222222222222123
2021-10-22,Financials,0.025056250000000006,-0.018375000000000002
2021-10-25,Financials,-0.011269999999999992,0.054790000000000005
2021-10-26,Financials,0.06474444444444444,0.1297611111111111
2021-10-27,Financials,0.17583333333333334,0.20313333333333333
2021-10-28,Financials,0.06714347826086957,0.0477391304347826
2021-10-29,Financials,0.22246666666666667,0.07305
2021-11-01,Financials,0.15447857142857144,0.15448571428571428
2021-11-02,Financials,0.17695,0.16615714285714286
2021-11-03,Financials,0.004066666666666666,0.061000000000000006
2021-11-04,Financials,0.13712222222222226,0.15941111111111111
2021-11-05,Financials,0.24116923076923077,0.13326923076923078
2021-11-08,Financials,0.10532857142857142,0.0839142857142857
2021-11-09,Financials,-0.020691304347826088,-0.03439565217391304
2021-11-10,Financials,-0.002115384615384613,0.006823076923076928
2021-11-11,Financials,0.00011764705882352299,-0.022641176470588237
2021-11-12,Financials,0.021178571428571435,0.11088571428571428
2021-11-15,Financials,0.0,0.13676666666666668
2021-11-16,Financials,0.3039733333333333,0.22788666666666665
2021-11-17,Financials,0.16341538461538463,0.20435384615384616
2021-11-18,Financials,0.03970333333333332,-0.04738666666666667
2021-11-19,Financials,0.27784285714285717,0.2156857142857143
2021-11-22,Financials,0.12701904761904761,0.11662857142857141
2021-11-23,Financials,0.2770166666666667,0.22349444444444444
2021-11-24,Financials,0.017099999999999997,0.04290000000000001
2021-11-26,Financials,0.018230769230769234,0.00793846153846154
2021-11-29,Financials,-0.06121333333333334,-0.20258666666666666
2021-11-30,Financials,0.021025000000000002,0.0023499999999999945
2021-12-01,Financials,0.20725384615384618,0.08233846153846154
2021-12-02,Financials,-0.059637499999999996,-0.1236125
2021-12-03,Financials,0.12992941176470588,0.058394117647058826
2021-12-06,Financials,0.13615,0.005520000000000002
2021-12-07,Financials,0.05650000000000001,0.030719047619047618
2021-12-08,Financials,0.03890952380952381,0.07562857142857143
2021-12-09,Financials,0.06731538461538461,0.014984615384615383
2021-12-10,Financials,0.2178105263157895,0.06541052631578947
2021-12-13,Financials,0.03935000000000001,0.003609999999999994
2021-12-14,Financials,0.2934842105263158,0.20454736842105264
2021-12-15,Financials,0.1238909090909091,0.03413636363636364
2021-12-16,Financials,0.06307142857142856,0.05376428571428571
2021-12-17,Financials,-0.05255833333333334,0.05734583333333334
2021-12-20,Financials,0.10075384615384617,0.06604615384615384
2021-12-21,Financials,-0.055578947368421054,-0.08179473684210527
2021-12-22,Financials,0.17470833333333333,0.07200000000000001
2021-12-23,Financials,0.13172857142857142,0.04445714285714286
2021-12-27,Financials,0.07258125,0.05626875
2021-12-28,Financials,0.15480666666666665,0.05115333333333332
2021-12-29,Financials,0.12040000000000001,0.24596666666666667
2021-12-30,Financials,-0.025144444444444452,0.0309
2021-12-31,Financials,0.3012181818181818,0.11257272727272727
2022-01-03,Financials,0.10033333333333334,0.11733999999999999
2022-01-04,Financials,0.10250625,0.16963750000000002
2022-01-05,Financials,0.09119545454545454,0.1517409090909091
2022-01-06,Financials,0.13391666666666668,0.10806666666666669
2022-01-07,Financials,0.10856,0.06115333333333333
2022-01-10,Financials,0.057166666666666664,0.10139999999999999
2022-01-11,Financials,0.15908108108108107,0.1056108108108108
2022-01-12,Financials,0.10383333333333333,0.2746
2022-01-13,Financials,0.20503030303030303,0.20500303030303033
2022-01-14,Financials,0.14502727272727273,0.037899999999999996
2022-01-18,Financials,0.06667500000000001,0.025426923076923073
2022-01-19,Financials,0.10122765957446808,0.05275744680851064
2022-01-20,Financials,0.09355000000000001,0.16043870967741933
2022-01-21,Financials,0.1295090909090909,0.11751363636363638
2022-01-24,Financials,0.18262962962962964,0.22192592592592592
2022-01-25,Financials,0.22257368421052628,0.08495263157894736
2022-01-26,Financials,0.19192,0.13856000000000002
2022-01-27,Financials,0.10518125,0.0422625
2022-01-28,Financials,0.1755307692307692,0.17982307692307692
2022-01-31,Financials,0.10993953488372094,0.0923046511627907
2022-02-01,Financials,0.0555,0.06856
2022-02-02,Financials,0.08115238095238093,0.015723809523809525
2022-02-03,Financials,0.23635384615384616,0.16676923076923078
2022-02-04,Financials,0.1191,0.129625
2022-02-07,Financials,0.11572352941176471,0.19734117647058824
2022-02-08,Financials,0.010412500000000005,0.061024999999999996
2022-02-09,Financials,0.19701764705882355,0.22051764705882354
2022-02-10,Financials,0.18297857142857143,0.11202857142857144
2022-02-11,Financials,0.017925,-0.003493750000000004
2022-02-14,Financials,0.0013583333333333364,-0.03930833333333334
2022-02-15,Financials,-0.054176,-0.045608
2022-02-16,Financials,0.10584666666666667,0.11350666666666667
2022-02-17,Financials,0.052457142857142855,0.020076190476190473
2022-02-18,Financials,-0.11075357142857144,-0.14435357142857144
2022-02-22,Financials,0.06444444444444446,0.010533333333333332
2022-02-23,Financials,-0.07188333333333335,-0.06461666666666667
2022-02-24,Financials,-0.005517647058823523,0.07688235294117647
2022-02-25,Financials,0.01280526315789473,0.036826315789473686
2022-02-28,Financials,-0.0033187500000000057,0.027068749999999996
2022-03-01,Financials,-0.08195428571428572,0.010002857142857141
2022-03-02,Financials,-0.09956551724137933,-0.02507586206896553
2022-03-03,Financials,0.16823846153846153,0.15223076923076923
2022-03-04,Financials,0.2265181818181818,0.07917272727272727
2022-03-07,Financials,0.10241428571428571,-0.02325
2022-03-08,Financials,-0.013606666666666668,0.02170666666666667
2022-03-09,Financials,0.1602923076923077,0.16080769230769232
2022-03-10,Financials,0.1278375,0.09524999999999999
2022-03-11,Financials,0.012138095238095241,0.03281904761904762
2022-03-14,Financials,0.0968090909090909,0.035036363636363636
2022-03-15,Financials,0.18622608695652174,0.13217391304347825
2022-03-16,Financials,0.027570000000000004,-0.09711
2022-03-17,Financials,0.20940714285714288,0.05782142857142858
2022-03-18,Financials,0.09586875,0.029124999999999998
2022-03-21,Financials,0.118,0.11736250000000001
2022-03-22,Financials,0.04358235294117646,0.03856470588235295
2022-03-23,Financials,0.14959999999999998,0.09055
2022-03-24,Financials,0.36433333333333334,0.19271111111111114
2022-03-25,Financials,-0.013605263157894735,0.06961052631578947
2022-03-28,Financials,0.12200625,0.07325
2022-03-29,Financials,0.026596000000000005,0.08081200000000001
2022-03-30,Financials,-0.0020000000000000018,0.13437333333333334
2022-03-31,Financials,0.130875,0.06509166666666666
2022-04-01,Financials,0.009566666666666659,0.05502666666666667
2022-04-04,Financials,0.10756206896551725,0.18611724137931032
2022-04-05,Financials,-0.007845833333333331,0.01393333333333333
2022-04-06,Financials,0.17221666666666666,0.023394444444444443
2022-04-07,Financials,0.13216153846153844,0.11664615384615384
2022-04-08,Financials,0.08766818181818183,0.03670454545454546
2022-04-11,Financials,0.05430967741935483,0.12986129032258062
2022-04-12,Financials,-0.007175000000000003,0.0548625
2022-04-13,Financials,0.05006923076923077,0.07603076923076924
2022-04-14,Financials,0.17810555555555554,0.19176944444444446
2022-04-18,Financials,0.12910722891566265,0.12839156626506024
2022-04-19,Financials,0.17052592592592594,0.20245185185185186
2022-04-20,Financials,0.21717391304347822,0.24418260869565217
2022-04-21,Financials,0.07442727272727273,0.061127272727272725
2022-04-22,Financials,-0.08120000000000001,0.05312857142857143
2022-04-25,Financials,0.1367,0.19089473684210528
2022-04-26,Financials,0.12482333333333333,0.03942333333333334
2022-04-27,Financials,0.18392857142857144,0.12491071428571429
2022-04-28,Financials,0.13654230769230769,0.11774615384615385
2022-04-29,Financials,0.06315,0.17950555555555558
2022-05-02,Financials,0.2873,0.09079999999999999
2022-05-03,Financials,0.1639142857142857,-0.060571428571428575
2022-05-04,Financials,0.2380307692307692,0.024284615384615384
2022-05-05,Financials,0.0,0.053442857142857146
2022-05-06,Financials,0.0872,0.05986923076923077
2022-05-09,Financials,-0.10498500000000002,-0.12646000000000002
2022-05-10,Financials,0.05966923076923077,0.09532307692307693
2022-05-11,Financials,0.07749999999999999,0.0007846153846153836
2022-05-12,Financials,0.07052142857142857,0.08442142857142855
2022-05-13,Financials,0.09854545454545455,-0.018772727272727274
2022-05-16,Financials,0.0747142857142857,0.06888571428571429
2022-05-17,Financials,0.015954545454545447,-0.09166363636363636
2022-05-18,Financials,0.05733157894736842,0.05132631578947368
2022-05-19,Financials,0.09826666666666668,-0.030158333333333332
2022-05-20,Financials,0.13088888888888892,0.09269444444444444
2022-05-23,Financials,0.14121,-0.021160000000000005
2022-05-24,Financials,0.023000000000000003,0.10990952380952382
2022-05-25,Financials,0.21541538461538462,0.06648461538461539
2022-05-26,Financials,0.05,0.029099999999999994
2022-05-27,Financials,0.19228823529411765,0.08575294117647059
2022-05-31,Financials,0.09694285714285714,0.09547142857142857
2022-06-01,Financials,0.0768764705882353,-0.02011764705882353
2022-06-02,Financials,0.09420666666666667,0.17552000000000004
2022-06-03,Financials,0.008518181818181808,-0.037954545454545456
2022-06-06,Financials,-0.10314444444444443,0.0037333333333333394
2022-06-07,Financials,0.2535,0.2482785714285714
2022-06-08,Financials,0.14393076923076922,0.025023076923076922
2022-06-09,Financials,0.05544,0.07089999999999999
2022-06-10,Financials,-0.0037090909090909145,0.06050909090909091
2022-06-13,Financials,0.09725714285714286,0.10615000000000001
2022-06-14,Financials,0.07934285714285715,0.11532142857142857
2022-06-15,Financials,-0.0746130434782609,-0.0699695652173913
2022-06-16,Financials,0.06188666666666666,0.08925999999999998
2022-06-17,Financials,-0.07205555555555558,0.017105555555555554
2022-06-21,Financials,0.014469230769230778,-0.03340769230769231
2022-06-22,Financials,0.0007230769230769288,0.044469230769230775
2022-06-23,Financials,0.17042500000000002,0.1202
2022-06-24,Financials,0.003836000000000006,0.040352
2022-06-27,Financials,0.1756,0.20964090909090907
2022-06-28,Financials,0.02225185185185186,0.02680740740740741
2022-06-29,Financials,0.1264307692307692,0.030115384615384613
2022-06-30,Financials,0.06311333333333334,0.0753
2022-07-01,Financials,0.14423333333333332,0.057577777777777776
2022-07-05,Financials,0.06377999999999999,0.039299999999999995
2022-07-06,Financials,0.14538125000000002,0.072375
2022-07-07,Financials,0.058309090909090894,-0.04018181818181818
2022-07-08,Financials,0.14851764705882353,0.045752941176470587
2022-07-11,Financials,-0.04858461538461538,-0.04117692307692308
2022-07-12,Financials,0.05761388888888889,0.012127777777777779
2022-07-13,Financials,-0.19137272727272728,-0.21041363636363633
2022-07-14,Financials,-0.05163913043478261,-0.11540000000000002
2022-07-15,Financials,-0.048038,-0.14049
2022-07-18,Financials,0.0652,0.05573454545454546
2022-07-19,Financials,0.08408727272727273,0.08567272727272729
2022-07-20,Financials,0.0028312499999999866,0.06720625
2022-07-21,Financials,0.10607,0.07139999999999999
2022-07-22,Financials,0.12985,0.0225125
2022-07-25,Financials,-0.008675000000000002,0.09634375
2022-07-26,Financials,0.09576111111111112,-0.017266666666666677
2022-07-27,Financials,0.05419,0.1065
2022-07-28,Financials,0.19718,0.06434999999999999
2022-07-29,Financials,-0.00397272727272727,-0.009090909090909089
2022-08-01,Financials,0.10705454545454546,0.02940909090909091
2022-08-02,Financials,0.18765555555555558,0.0589
2022-08-03,Financials,0.10054166666666668,-0.015041666666666667
2022-08-04,Financials,0.18003750000000002,0.1341
2022-08-05,Financials,0.05495555555555555,0.07064444444444444
2022-08-08,Financials,0.29519999999999996,0.2000666666666667
2022-08-09,Financials,0.09809999999999999,0.0547625
2022-08-10,Financials,0.1453,0.0114
2022-08-11,Financials,0.07463124999999998,0.08097500000000002
2022-08-12,Financials,0.0639625,-0.027862500000000012
2022-08-15,Financials,0.23537,0.21116000000000001
2022-08-16,Financials,0.10563636363636363,0.03983636363636363
2022-08-17,Financials,0.033716666666666666,0.0017166666666666673
2022-08-18,Financials,0.04217777777777779,0.06780000000000001
2022-08-19,Financials,0.2006285714285714,0.13175
2022-08-22,Financials,0.011150000000000004,0.13248
2022-08-23,Financials,0.042137499999999994,0.11001875
2022-08-24,Financials,0.24894285714285713,0.1338857142857143
2022-08-25,Financials,0.06748000000000001,0.08816
2022-08-26,Financials,0.11574999999999999,0.16402142857142857
2022-08-29,Financials,0.027822222222222217,0.06662222222222221
2022-08-30,Financials,0.06609230769230769,0.01866153846153846
2022-08-31,Financials,-0.00726,-0.034589999999999996
2022-09-01,Financials,0.07254615384615386,0.08966923076923076
2022-09-02,Financials,0.2987076923076923,0.12913846153846154
2022-09-06,Financials,0.048113333333333334,0.09871333333333335
2022-09-07,Financials,0.09807894736842106,0.027205263157894732
2022-09-08,Financials,0.005544444444444445,0.02098888888888889
2022-09-09,Financials,0.18958750000000002,0.10246250000000001
2022-09-12,Financials,0.16965,0.06478999999999999
2022-09-13,Financials,0.013568749999999997,0.0238
2022-09-14,Financials,0.13304545454545452,0.04078181818181818
2022-09-15,Financials,-0.02499999999999999,0.0414857142857143
2022-09-16,Financials,0.12282857142857143,0.04567857142857142
2022-09-19,Financials,0.032869230769230776,-0.029523076923076926
2022-09-20,Financials,0.0655142857142857,-0.011528571428571431
2022-09-21,Financials,-0.01752857142857142,-0.13087142857142858
2022-09-22,Financials,-0.01788,0.024399999999999998
2022-09-23,Financials,-0.03968,-0.033159999999999995
2022-09-26,Financials,0.14266666666666666,-0.003391666666666668
2022-09-27,Financials,0.1619,0.13100625
2022-09-28,Financials,-0.002974999999999994,-0.04544499999999999
2022-09-29,Financials,0.10387058823529412,-0.020435294117647072
2022-09-30,Financials,0.05245652173913043,0.011969565217391304
2022-10-03,Financials,0.2699857142857143,0.14584285714285716
2022-10-04,Financials,0.2685666666666667,0.12165
2022-10-05,Financials,0.33864285714285713,0.23094761904761904
2022-10-06,Financials,0.14754545454545454,-0.006936363636363644
2022-10-07,Financials,0.06455263157894736,0.034536842105263164
2022-10-10,Financials,0.1307,-0.03882
2022-10-11,Financials,0.04836538461538461,-0.006938461538461545
2022-10-12,Financials,-0.27490476190476193,-0.036719047619047616
2022-10-13,Financials,-0.06375,0.02165833333333333
2022-10-14,Financials,0.03291764705882354,0.005070588235294114
2022-10-17,Financials,0.11383333333333333,0.04186363636363637
2022-10-18,Financials,0.10611515151515152,0.15165151515151515
2022-10-19,Financials,0.1976925,0.1622825
2022-10-20,Financials,0.033822222222222226,0.09487407407407408
2022-10-21,Financials,0.07056363636363637,0.07554545454545455
2022-10-24,Financials,-0.04089285714285714,0.10609999999999999
2022-10-25,Financials,0.022299999999999997,0.059964285714285706
2022-10-26,Financials,0.19228333333333333,0.1855111111111111
2022-10-27,Financials,0.08086470588235294,-0.016882352941176473
2022-10-28,Financials,0.17120000000000002,0.08657058823529414
2022-10-31,Financials,-0.00013333333333333098,0.04453333333333334
2022-11-01,Financials,0.15689333333333336,0.13634
2022-11-02,Financials,0.12175555555555556,-0.07469999999999999
2022-11-03,Financials,0.1843181818181818,0.08263636363636363
2022-11-04,Financials,-0.021477777777777776,0.013855555555555555
2022-11-07,Financials,0.10542857142857143,0.1777
2022-11-08,Financials,-0.016880000000000006,0.11562000000000001
2022-11-09,Financials,0.03902857142857143,0.016628571428571437
2022-11-10,Financials,0.13006666666666666,0.10188333333333333
2022-11-11,Financials,0.014222222222222223,0.0503
2022-11-14,Financials,0.050312499999999996,0.095125
2022-11-15,Financials,0.1562125,0.06995625
2022-11-16,Financials,0.10634285714285714,0.21622857142857144
2022-11-17,Financials,0.03266666666666666,0.15797999999999998
2022-11-18,Financials,0.1612230769230769,0.12433076923076923
2022-11-21,Financials,0.1512,0.092
2022-11-22,Financials,0.06458947368421052,0.12547368421052632
2022-11-23,Financials,0.08718000000000001,0.038790000000000005
2022-11-25,Financials,0.0852857142857143,0.003771428571428576
2022-11-28,Financials,0.09436923076923077,0.11386153846153847
2022-11-29,Financials,0.07735833333333333,0.021400000000000002
2022-11-30,Financials,0.427375,0.1635625
2022-12-01,Financials,0.048589999999999994,0.06164000000000001
2022-12-02,Financials,-0.08841874999999999,-0.071675
2022-12-05,Financials,0.16445,0.17727500000000002
2022-12-06,Financials,0.19261818181818183,0.17742727272727274
2022-12-07,Financials,-0.19953888888888888,-0.13987222222222226
2022-12-08,Financials,-0.18265714285714285,-0.09673214285714284
2022-12-09,Financials,0.06586923076923076,0.010376923076923079
2022-12-12,Financials,0.0,-0.07104545454545455
2022-12-13,Financials,0.049956521739130434,0.12452608695652176
2022-12-14,Financials,0.10977500000000001,0.126075
2022-12-15,Financials,0.03126363636363636,0.017618181818181797
2022-12-16,Financials,0.2833857142857143,0.23049285714285714
2022-12-19,Financials,-0.1739625,-0.0617875
2022-12-20,Financials,0.04379,0.059105
2022-12-21,Financials,0.16861764705882354,0.1825176470588235
2022-12-22,Financials,0.053185714285714294,0.0757
2022-12-23,Financials,0.28870833333333334,0.2504583333333334
2022-12-27,Financials,0.25407,0.06280999999999999
2022-12-28,Financials,0.130025,0.06041666666666667
2022-12-29,Financials,0.09520909090909092,0.06222727272727273
2022-12-30,Financials,0.028741666666666665,0.005600000000000003
2023-01-03,Financials,0.17020000000000002,0.13873333333333335
2023-01-04,Financials,0.07197222222222223,0.04580555555555556
2023-01-05,Financials,0.18344999999999997,0.1227
2023-01-06,Financials,0.13186666666666666,0.03692666666666667
2023-01-09,Financials,0.03695384615384616,-0.026046153846153847
2023-01-10,Financials,0.08128,0.076884
2023-01-11,Financials,0.11403600000000001,-0.012403999999999993
2023-01-12,Financials,0.03115,0.020804166666666676
2023-01-13,Financials,0.06258260869565217,0.07302608695652175
2023-01-17,Financials,0.10211666666666668,0.06925625
2023-01-18,Financials,0.076131,-0.003766999999999999
2023-01-19,Financials,0.16269230769230772,0.09394230769230769
2023-01-20,Financials,0.0819090909090909,0.07845454545454546
2023-01-23,Financials,0.08401666666666667,0.07079583333333335
2023-01-24,Financials,0.06251428571428572,0.05411904761904762
2023-01-25,Financials,0.12803,0.09889
2023-01-26,Financials,0.051231818181818184,0.11152727272727271
2023-01-27,Financials,0.18361714285714287,0.1329742857142857
2023-01-30,Financials,0.19848620689655172,0.07070689655172414
2023-01-31,Financials,0.19543499999999997,0.018460000000000015
2023-02-01,Financials,0.06366666666666666,0.04790833333333334
2023-02-02,Financials,0.0,0.06771666666666668
2023-02-03,Financials,0.1263857142857143,0.0949904761904762
2023-02-06,Financials,0.14710666666666666,0.14952
2023-02-07,Financials,-0.022152631578947365,0.007005263157894734
2023-02-08,Financials,0.19779473684210525,0.1253578947368421
2023-02-09,Financials,0.017625000000000002,0.011362500000000001
2023-02-10,Financials,-0.09060666666666665,0.015613333333333333
2023-02-13,Financials,0.1862,0.13433333333333333
2023-02-14,Financials,0.13314444444444445,0.08515555555555555
2023-02-15,Financials,0.08291,0.12258499999999999
2023-02-16,Financials,-0.013273333333333344,-0.19173333333333334
2023-02-17,Financials,0.06422666666666667,0.0036399999999999983
2023-02-21,Financials,0.11729285714285713,0.09395714285714285
2023-02-22,Financials,-0.013005555555555551,-0.015383333333333336
2023-02-23,Financials,0.07934375,0.025250000000000005
2023-02-24,Financials,0.1579857142857143,0.11881428571428572
2023-02-27,Financials,0.06572666666666666,0.1321
2023-02-28,Financials,0.04153809523809524,0.09414285714285715
2023-03-01,Financials,0.057843749999999985,0.010518750000000007
2023-03-02,Financials,0.04792105263157894,0.03793157894736841
2023-03-03,Financials,0.14202142857142858,0.13778571428571426
2023-03-06,Financials,0.06276666666666665,-0.0214
2023-03-07,Financials,0.10982352941176471,-0.03792941176470588
2023-03-08,Financials,0.21345333333333333,0.051500000000000004
2023-03-09,Financials,0.05893478260869566,0.08847391304347826
2023-03-10,Financials,0.023833333333333328,0.06700666666666666
2023-03-13,Financials,0.03296086956521739,-0.037569565217391306
2023-03-14,Financials,-0.1190088888888889,-0.03775555555555555
2023-03-15,Financials,0.0525,0.15762222222222222
2023-03-16,Financials,-0.029253846153846148,-0.030034615384615382
2023-03-17,Financials,-0.061746153846153846,-0.09608461538461538
2023-03-20,Financials,-0.08700357142857143,-0.07403928571428572
2023-03-21,Financials,0.12215500000000001,-0.0846
2023-03-22,Financials,0.08803157894736842,0.05831578947368422
2023-03-23,Financials,0.09237619047619046,0.11286666666666667
2023-03-24,Financials,-0.002752380952380956,0.06363809523809523
2023-03-27,Financials,-0.09083333333333334,-0.0790375
2023-03-28,Financials,0.11788275862068966,0.05756206896551725
2023-03-29,Financials,0.21373125,0.0798625
2023-03-30,Financials,-0.031549999999999995,0.10608500000000001
2023-03-31,Financials,0.22996470588235293,0.07386470588235294
2023-04-03,Financials,0.1295230769230769,0.059330769230769236
2023-04-04,Financials,0.11325357142857143,0.03704285714285715
2023-04-05,Financials,-0.10221379310344827,0.02471724137931034
2023-04-06,Financials,-0.01113157894736842,0.03344736842105264
2023-04-10,Financials,0.09032666666666667,-0.0049399999999999895
2023-04-11,Financials,0.04792093023255814,0.024395348837209306
2023-04-12,Financials,0.06842142857142856,0.0913
2023-04-13,Financials,0.0643793103448276,0.10687586206896552
2023-04-14,Financials,0.07681388888888889,0.02629166666666667
2023-04-17,Financials,0.09141090909090908,0.07630727272727274
2023-04-18,Financials,0.11417323943661974,0.09054647887323944
2023-04-19,Financials,0.10018478260869566,0.11705217391304348
2023-04-20,Financials,0.1194516129032258,0.16019032258064514
2023-04-21,Financials,0.02875581395348837,0.08175813953488373
2023-04-24,Financials,0.11096250000000003,0.1252375
2023-04-25,Financials,0.0774735294117647,0.07823529411764707
2023-04-26,Financials,0.029348148148148148,0.039670370370370384
2023-04-27,Financials,0.17143939393939395,0.16253030303030305
2023-04-28,Financials,0.22986111111111107,0.14341666666666666
2023-05-01,Financials,0.013770588235294109,-0.038129411764705884
2023-05-02,Financials,-0.11378400000000001,-0.011759999999999998
2023-05-03,Financials,0.05918636363636364,0.0010500000000000004
2023-05-04,Financials,0.09376428571428572,0.09821428571428571
2023-05-05,Financials,0.07901363636363637,0.08900454545454545
2023-05-08,Financials,0.3446909090909091,0.11652727272727273
2023-05-09,Financials,0.08839444444444444,0.042505555555555546
2023-05-10,Financials,-0.08263333333333334,-0.08176111111111112
2023-05-11,Financials,0.025506666666666677,-0.022246666666666668
2023-05-12,Financials,-0.01747272727272727,-0.03585454545454545
2023-05-15,Financials,0.02468666666666667,0.03030666666666667
2023-05-16,Financials,-0.06888214285714285,-0.029650000000000003
2023-05-17,Financials,-0.0007083333333333363,-0.0944
2023-05-18,Financials,0.06711428571428571,0.08277142857142857
2023-05-19,Financials,0.16766666666666666,0.11414999999999999
2023-05-22,Financials,0.042404166666666666,-0.002191666666666673
2023-05-23,Financials,0.06220869565217391,0.07605217391304347
2023-05-24,Financials,0.12453571428571429,0.11239285714285716
2023-05-25,Financials,0.027424999999999998,-0.08581875
2023-05-26,Financials,0.10585333333333333,-0.029926666666666667
2023-05-30,Financials,0.08793076923076923,0.0999846153846154
2023-05-31,Financials,0.009890625000000004,0.027278125000000004
2023-06-01,Financials,0.05579583333333334,0.03922083333333334
2023-06-02,Financials,0.15261818181818182,0.07972727272727273
2023-06-05,Financials,-0.01733636363636364,-0.07514090909090908
2023-06-06,Financials,0.05033793103448276,-0.02424137931034483
2023-06-07,Financials,0.12058888888888891,0.21153888888888886
2023-06-08,Financials,0.099615,0.033385000000000005
2023-06-09,Financials,0.06435714285714285,0.08963333333333334
2023-06-12,Financials,-0.009738095238095235,0.05638095238095238
2023-06-13,Financials,0.055344444444444446,0.04566666666666667
2023-06-14,Financials,0.25356666666666666,0.23771111111111112
2023-06-15,Financials,0.106204,-0.008211999999999997
2023-06-16,Financials,0.16659333333333332,0.11298000000000001
2023-06-20,Financials,0.073155,0.058255
2023-06-21,Financials,0.10930294117647059,0.0491764705882353
2023-06-22,Financials,0.006596000000000008,-0.019347999999999997
2023-06-23,Financials,0.10902666666666665,0.03444666666666666
2023-06-26,Financials,-0.019415384615384612,0.010169230769230765
2023-06-27,Financials,0.10306756756756756,0.04801621621621621
2023-06-28,Financials,0.22865555555555556,0.14895
2023-06-29,Financials,-0.0010440000000000093,0.079736
2023-06-30,Financials,0.06524130434782609,0.17855217391304348
2023-07-03,Financials,0.005833333333333325,0.08085714285714285
2023-07-05,Financials,0.05080882352941177,0.06924999999999999
2023-07-06,Financials,0.14350000000000002,0.07314166666666667
2023-07-07,Financials,0.08758846153846153,-0.05461153846153847
2023-07-10,Financials,0.06406896551724138,0.10538275862068965
2023-07-11,Financials,-0.03878372093023256,0.034872093023255814
2023-07-12,Financials,0.10108064516129031,0.16093548387096773
2023-07-13,Financials,0.08292413793103448,0.02584137931034483
2023-07-14,Financials,0.01317878787878788,0.01633333333333333
2023-07-17,Financials,0.1714383333333334,0.143035
2023-07-18,Financials,0.034295454545454546,0.03600909090909091
2023-07-19,Financials,0.11221527777777777,0.0981625
2023-07-20,Financials,0.11775492957746479,0.0990943661971831
2023-07-21,Financials,0.10927567567567567,0.17968108108108108
2023-07-24,Financials,0.11499999999999999,0.006266666666666668
2023-07-25,Financials,0.09983000000000002,0.08227333333333335
2023-07-26,Financials,0.09524516129032258,0.16158709677419356
2023-07-27,Financials,0.08896,0.062139999999999994
2023-07-28,Financials,0.1519923076923077,0.17046153846153844
2023-07-31,Financials,0.08887222222222221,0.05756111111111111
2023-08-01,Financials,0.10262666666666667,0.15069666666666667
2023-08-02,Financials,0.04701363636363636,0.10645000000000002
2023-08-03,Financials,0.0008875000000000063,-0.08349375
2023-08-04,Financials,0.10997692307692307,0.0687923076923077
2023-08-07,Financials,0.06980833333333332,0.1022
2023-08-08,Financials,-0.007223999999999991,-0.014831999999999994
2023-08-09,Financials,-0.10617631578947369,-0.20163684210526314
2023-08-10,Financials,0.06496315789473685,-0.027847368421052638
2023-08-11,Financials,0.153,-0.020742857142857143
2023-08-14,Financials,0.17763,0.10469999999999999
2023-08-15,Financials,0.05511851851851852,0.09345185185185186
2023-08-16,Financials,-0.11798148148148149,-0.13314074074074073
2023-08-17,Financials,0.001287499999999997,0.009881250000000005
2023-08-18,Financials,0.11697777777777778,0.020255555555555554
2023-08-21,Financials,0.10457000000000001,0.075375
2023-08-22,Financials,0.16463125,0.114296875
2023-08-23,Financials,0.014255555555555558,0.03386666666666667
2023-08-24,Financials,0.11225161290322579,0.11681935483870969
2023-08-25,Financials,-0.019759999999999996,0.07446
2023-08-28,Financials,0.019783333333333333,-0.010750000000000001
2023-08-29,Financials,0.1535911764705882,0.05261470588235294
2023-08-30,Financials,-0.04926153846153847,-0.09204615384615386
2023-08-31,Financials,0.03205882352941177,0.07742941176470589
2023-09-01,Financials,0.122225,0.046885
2023-09-05,Financials,0.03592307692307692,0.004238461538461537
2023-09-06,Financials,0.12644324324324324,0.061221621621621626
2023-09-07,Financials,0.33201875000000003,0.1779125
2023-09-08,Financials,0.19991199999999998,0.070128
2023-09-11,Financials,0.06256363636363636,0.02275454545454546
2023-09-12,Financials,0.0958,0.0785375
2023-09-13,Financials,0.25473999999999997,0.20227500000000004
2023-09-14,Financials,0.059576190476190484,0.06481904761904761
2023-09-15,Financials,0.18762926829268292,0.13994634146341464
2023-09-18,Financials,0.058371428571428574,0.1219047619047619
2023-09-19,Financials,0.21815714285714288,0.1384047619047619
2023-09-20,Financials,0.043518749999999995,0.007031250000000003
2023-09-21,Financials,0.06679444444444445,0.08721666666666666
2023-09-22,Financials,0.03032857142857143,-0.005647619047619049
2023-09-25,Financials,-0.018199999999999997,-0.0001357142857142906
2023-09-26,Financials,0.09735714285714286,0.03817142857142858
2023-09-27,Financials,0.04678148148148148,0.03424444444444445
2023-09-28,Financials,0.0981157894736842,0.043778947368421056
2023-09-29,Financials,0.14726190476190476,0.08916666666666667
2023-10-02,Financials,0.1602083333333333,-0.04195833333333333
2023-10-03,Financials,0.0728774193548387,0.044564516129032256
2023-10-04,Financials,0.198136,0.090448
2023-10-05,Financials,0.17351,0.06737
2023-10-06,Financials,0.08255,0.049375
2023-10-09,Financials,0.12395999999999999,0.134255
2023-10-10,Financials,0.08186785714285714,0.08563928571428571
2023-10-11,Financials,-0.04949047619047618,0.18263809523809524
2023-10-12,Financials,0.021833333333333333,0.04588571428571429
2023-10-13,Financials,0.07364473684210528,0.09158684210526315
2023-10-16,Financials,0.07338235294117647,0.07401960784313726
2023-10-17,Financials,0.043829629629629635,0.14793888888888887
2023-10-18,Financials,0.1174511111111111,0.08510666666666666
2023-10-19,Financials,-0.027178125000000004,-0.05368593749999999
2023-10-20,Financials,0.05290000000000001,0.1269939393939394
2023-10-23,Financials,0.102275,0.08952500000000001
2023-10-24,Financials,0.03996666666666667,-0.014809523809523809
2023-10-25,Financials,0.0954125,0.11288749999999999
2023-10-26,Financials,0.14297500000000002,0.07333999999999999
2023-10-27,Financials,0.20816250000000003,0.14606249999999998
2023-10-30,Financials,0.07736153846153847,0.057115384615384616
2023-10-31,Financials,0.08115333333333333,0.07705333333333333
2023-11-01,Financials,0.08125999999999999,0.11068666666666667
2023-11-02,Financials,0.13135454545454547,0.04890909090909091
2023-11-03,Financials,0.16371176470588236,0.07990000000000001
2023-11-06,Financials,0.23924444444444445,0.06758888888888889
2023-11-07,Financials,0.05462608695652173,0.055295652173913044
2023-11-08,Financials,0.097275,0.044087499999999995
2023-11-09,Financials,0.03751818181818181,0.009127272727272727
2023-11-10,Financials,0.06632916666666666,0.07285000000000001
2023-11-13,Financials,0.07854545454545456,-0.018263636363636364
2023-11-14,Financials,0.00018148148148148206,0.024425925925925924
2023-11-15,Financials,0.09610833333333334,0.12814583333333332
2023-11-16,Financials,0.18785555555555555,0.16279999999999997
2023-11-17,Financials,0.042707142857142846,0.026007142857142857
2023-11-20,Financials,0.10456153846153847,0.09413076923076923
2023-11-21,Financials,0.038747619047619045,0.003004761904761904
2023-11-22,Financials,0.059625000000000004,0.058983333333333325
2023-11-24,Financials,0.013889473684210528,0.050647368421052635
2023-11-27,Financials,0.11142800000000001,0.10051600000000001
2023-11-28,Financials,0.08418750000000001,0.08290416666666667
2023-11-29,Financials,0.1494,0.06054545454545455
2023-11-30,Financials,0.046450000000000005,0.12820555555555557
2023-12-01,Financials,0.2099875,0.1059875
2023-12-04,Financials,0.04080555555555556,0.04518888888888889
2023-12-05,Financials,0.09154642857142857,0.16758571428571428
2023-12-06,Financials,0.13081,0.190915
2023-12-07,Financials,-0.028262499999999996,0.002356249999999998
2023-12-08,Financials,0.10185,0.12582
2023-12-11,Financials,0.07054166666666667,0.10253333333333332
2023-12-12,Financials,0.08512619047619048,0.0517
2023-12-13,Financials,0.18535714285714286,0.1558571428571429
2023-12-14,Financials,0.03510454545454545,0.08166818181818182
2023-12-15,Financials,-0.0001777777777777767,0.007344444444444443
2023-12-18,Financials,0.21041176470588235,0.1854
2023-12-19,Financials,0.08958,0.08639199999999998
2020-01-03,Healthcare,0.2266608695652174,0.16031739130434783
2020-01-06,Healthcare,0.20578333333333335,0.06265000000000001
2020-01-07,Healthcare,0.25876666666666664,0.14614166666666664
2020-01-08,Healthcare,0.1337066666666667,0.1004
2020-01-09,Healthcare,0.12036153846153846,0.14705384615384617
2020-01-10,Healthcare,0.178925,0.055712500000000005
2020-01-13,Healthcare,0.18625000000000003,0.026350000000000002
2020-01-14,Healthcare,0.12892083333333335,0.06658333333333333
2020-01-15,Healthcare,0.27444444444444444,0.04581111111111111
2020-01-16,Healthcare,0.22993333333333332,0.23234166666666667
2020-01-17,Healthcare,0.19982500000000003,0.20634999999999998
2020-01-21,Healthcare,0.13057272727272728,0.0809181818181818
2020-01-22,Healthcare,0.05649523809523809,0.014619047619047611
2020-01-23,Healthcare,0.13008461538461538,0.14326153846153847
2020-01-24,Healthcare,0.04077499999999999,0.040245
2020-01-27,Healthcare,0.13547142857142855,0.026792857142857143
2020-01-28,Healthcare,0.2142304347826087,0.10865217391304346
2020-01-29,Healthcare,0.07864166666666665,-0.018341666666666662
2020-01-30,Healthcare,0.095625,0.05890833333333334
2020-01-31,Healthcare,0.09251875,0.08633125
2020-02-03,Healthcare,0.156504,0.027527999999999997
2020-02-04,Healthcare,0.12924117647058825,0.09963529411764707
2020-02-05,Healthcare,0.10331153846153847,0.04273461538461538
2020-02-06,Healthcare,0.132496,0.071108
2020-02-07,Healthcare,0.20896,0.09446
2020-02-10,Healthcare,0.19783200000000004,0.172984
2020-02-11,Healthcare,0.06103999999999999,0.06649999999999999
2020-02-12,Healthcare,0.05787647058823529,-0.014417647058823532
2020-02-13,Healthcare,0.1308,0.14899333333333334
2020-02-14,Healthcare,0.08452857142857143,0.08264999999999999
2020-02-18,Healthcare,0.2882285714285714,0.19531428571428572
2020-02-19,Healthcare,0.07485333333333334,0.025560000000000003
2020-02-20,Healthcare,0.13834736842105264,0.0017000000000000027
2020-02-21,Healthcare,0.11242727272727272,0.16277272727272726
2020-02-24,Healthcare,0.17519285714285715,0.11468571428571428
2020-02-25,Healthcare,0.10665714285714285,0.05827857142857142
2020-02-26,Healthcare,0.18072083333333333,0.06896666666666666
2020-02-27,Healthcare,0.108028125,0.0798125
2020-02-28,Healthcare,0.0943945945945946,0.09516216216216215
2020-03-02,Healthcare,-0.033544444444444446,-0.0907074074074074
2020-03-03,Healthcare,0.09999130434782608,0.08201086956521739
2020-03-04,Healthcare,0.17703684210526316,0.03202105263157894
2020-03-05,Healthcare,0.3469,0.13699999999999998
2020-03-06,Healthcare,0.10830454545454545,0.010095454545454545
2020-03-09,Healthcare,0.1485842105263158,0.05685263157894737
2020-03-10,Healthcare,0.08331470588235294,0.09655882352941178
2020-03-11,Healthcare,0.11613157894736843,0.06718421052631579
2020-03-12,Healthcare,0.23366363636363638,0.09989545454545455
2020-03-13,Healthcare,-0.13356666666666667,-0.02877619047619047
2020-03-16,Healthcare,-0.03353333333333334,0.14268
2020-03-17,Healthcare,0.01788571428571429,0.050247619047619055
2020-03-18,Healthcare,0.2287,0.11493500000000001
2020-03-19,Healthcare,0.134236,0.09326799999999999
2020-03-20,Healthcare,0.14136249999999997,0.07905416666666668
2020-03-23,Healthcare,0.054773684210526315,0.023552631578947367
2020-03-24,Healthcare,0.06008,0.10534666666666669
2020-03-25,Healthcare,0.10125333333333335,0.06268666666666665
2020-03-26,Healthcare,0.11007083333333334,-0.002520833333333331
2020-03-27,Healthcare,0.13440000000000002,0.06093157894736842
2020-03-30,Healthcare,0.21191818181818184,0.14812727272727275
2020-03-31,Healthcare,0.10877058823529412,0.12450588235294117
2020-04-01,Healthcare,0.06922222222222224,0.07880555555555555
2020-04-02,Healthcare,0.13954615384615385,-0.003961538461538459
2020-04-03,Healthcare,0.1894851851851852,0.18836296296296298
2020-04-06,Healthcare,0.22895714285714286,0.13160714285714284
2020-04-07,Healthcare,0.1559,0.11172173913043477
2020-04-08,Healthcare,0.087140625,0.09075625000000001
2020-04-09,Healthcare,0.21077894736842104,0.15324736842105263
2020-04-13,Healthcare,0.0409,0.0324625
2020-04-14,Healthcare,0.1648,0.023266
2020-04-15,Healthcare,0.21070000000000005,0.17803571428571427
2020-04-16,Healthcare,-0.017430769230769232,-0.0394076923076923
2020-04-17,Healthcare,0.24278793103448276,0.14439827586206896
2020-04-20,Healthcare,0.24413298969072167,0.17498659793814433
2020-04-21,Healthcare,0.027970149253731345,0.06102985074626865
2020-04-22,Healthcare,0.06600000000000002,0.07656666666666669
2020-04-23,Healthcare,0.19254333333333334,0.12672333333333333
2020-04-24,Healthcare,0.05875254237288135,0.05002542372881356
2020-04-27,Healthcare,-0.015562,-0.064394
2020-04-28,Healthcare,0.04554655172413794,0.05311379310344828
2020-04-29,Healthcare,0.08741136363636365,0.03586818181818182
2020-04-30,Healthcare,0.18859807692307692,0.14601730769230772
2020-05-01,Healthcare,0.15014457831325298,0.14563614457831328
2020-05-04,Healthcare,0.05589404761904762,0.08229761904761904
2020-05-05,Healthcare,0.037260784313725495,0.041986274509803925
2020-05-06,Healthcare,0.18548857142857142,0.10996
2020-05-07,Healthcare,0.154290625,0.062303125
2020-05-08,Healthcare,0.14684583333333331,0.11256666666666666
2020-05-11,Healthcare,0.014909375000000004,0.0573625
2020-05-12,Healthcare,0.09202857142857143,0.07313035714285714
2020-05-13,Healthcare,0.10092608695652175,0.008634782608695655
2020-05-14,Healthcare,0.11815384615384615,0.03645769230769231
2020-05-15,Healthcare,0.10067586206896552,0.022137931034482757
2020-05-18,Healthcare,0.022358974358974344,-0.042753846153846156
2020-05-19,Healthcare,0.16054375,0.09512812500000001
2020-05-20,Healthcare,0.18006250000000001,0.15781875
2020-05-21,Healthcare,0.020943333333333345,0.1541066666666667
2020-05-22,Healthcare,0.10843809523809525,0.10956190476190475
2020-05-26,Healthcare,0.17977727272727273,0.08347272727272727
2020-05-27,Healthcare,0.08083114754098362,0.08756065573770491
2020-05-28,Healthcare,-0.02313333333333332,-0.03213749999999999
2020-05-29,Healthcare,-0.06066499999999999,0.044114999999999994
2020-06-01,Healthcare,0.18188400000000002,0.16722
2020-06-02,Healthcare,0.145585,0.06730666666666667
2020-06-03,Healthcare,0.040452,0.058660000000000004
2020-06-04,Healthcare,0.163105,0.058475
2020-06-05,Healthcare,0.1335904761904762,0.08576190476190476
2020-06-08,Healthcare,0.21839999999999998,0.060375
2020-06-09,Healthcare,0.0636969696969697,0.031975757575757574
2020-06-10,Healthcare,0.03560833333333333,0.04474999999999999
2020-06-11,Healthcare,0.11557083333333333,0.12212083333333333
2020-06-12,Healthcare,0.2633,0.2906125
2020-06-15,Healthcare,0.017650000000000002,0.08784
2020-06-16,Healthcare,0.13337894736842107,0.045331578947368424
2020-06-17,Healthcare,0.0874181818181818,-0.007000000000000006
2020-06-18,Healthcare,0.007266666666666668,-0.055988888888888894
2020-06-19,Healthcare,0.3147875,0.1499875
2020-06-22,Healthcare,0.11374444444444445,0.10132222222222222
2020-06-23,Healthcare,0.195825,0.10179166666666667
2020-06-24,Healthcare,0.009121428571428574,0.028928571428571425
2020-06-25,Healthcare,0.028137499999999996,0.03465
2020-06-26,Healthcare,0.18076666666666666,0.04480833333333333
2020-06-29,Healthcare,-0.04773999999999999,-0.025959999999999993
2020-06-30,Healthcare,0.1273576923076923,0.10767692307692307
2020-07-01,Healthcare,0.13111250000000002,0.011800000000000001
2020-07-02,Healthcare,0.26903125,0.191675
2020-07-06,Healthcare,0.0803375,0.05495
2020-07-07,Healthcare,0.09541785714285712,0.04648928571428572
2020-07-08,Healthcare,0.1426181818181818,0.073
2020-07-09,Healthcare,0.11411176470588236,0.07192941176470588
2020-07-10,Healthcare,0.04294285714285714,0.10802857142857145
2020-07-13,Healthcare,0.08959642857142856,0.06373214285714288
2020-07-14,Healthcare,0.16881428571428572,0.14667857142857144
2020-07-15,Healthcare,0.175125,0.1572
2020-07-16,Healthcare,0.38642000000000004,0.23952
2020-07-17,Healthcare,0.17073846153846153,0.13246923076923076
2020-07-20,Healthcare,0.0038454545454545356,0.09876363636363635
2020-07-21,Healthcare,0.1775142857142857,0.06758571428571429
2020-07-22,Healthcare,0.23441333333333333,0.10912000000000001
2020-07-23,Healthcare,0.48172000000000004,0.10368
2020-07-24,Healthcare,-0.023285714285714274,-0.01688571428571429
2020-07-27,Healthcare,0.23593999999999998,0.03642
2020-07-28,Healthcare,-0.009057142857142856,0.01089285714285714
2020-07-29,Healthcare,0.09824999999999999,0.09152142857142857
2020-07-30,Healthcare,0.04108181818181819,-0.011454545454545455
2020-07-31,Healthcare,-0.04128181818181818,0.0003454545454545453
2020-08-03,Healthcare,0.07062571428571428,-0.0004085714285714327
2020-08-04,Healthcare,0.059991666666666665,0.0700875
2020-08-05,Healthcare,0.03553636363636364,0.006772727272727269
2020-08-06,Healthcare,-0.023299999999999987,0.12943333333333334
2020-08-07,Healthcare,0.29910909090909094,0.20533636363636365
2020-08-10,Healthcare,0.3014615384615385,0.08116923076923076
2020-08-11,Healthcare,0.084725,0.01145
2020-08-12,Healthcare,0.05666666666666667,0.1651
2020-08-13,Healthcare,0.050575,0.019375
2020-08-14,Healthcare,-0.13394,-0.1499
2020-08-17,Healthcare,0.0,0.006866666666666667
2020-08-18,Healthcare,0.270075,0.015300000000000001
2020-08-19,Healthcare,-0.14966666666666667,-0.03195
2020-08-20,Healthcare,0.13088823529411767,0.1769235294117647
2020-08-21,Healthcare,0.0058142857142857085,0.029757142857142864
2020-08-24,Healthcare,0.30724,0.011879999999999991
2020-08-25,Healthcare,0.22888333333333333,0.17378333333333332
2020-08-26,Healthcare,0.130955,0.10497500000000001
2020-08-27,Healthcare,0.09138,0.07935999999999999
2020-08-28,Healthcare,0.12482499999999999,0.062338888888888895
2020-08-31,Healthcare,-0.028292857142857137,0.09126428571428571
2020-09-01,Healthcare,0.2239375,0.0813875
2020-09-02,Healthcare,0.07868095238095238,0.034585714285714296
2020-09-03,Healthcare,-0.0891875,-0.0220375
2020-09-04,Healthcare,0.0636,0.000379999999999997
2020-09-08,Healthcare,-0.016172727272727252,0.03658181818181819
2020-09-09,Healthcare,0.08064666666666667,0.09074000000000002
2020-09-10,Healthcare,0.19854444444444447,0.16527777777777775
2020-09-11,Healthcare,0.6369,0.3839
2020-09-14,Healthcare,-0.045200000000000004,-0.034307142857142855
2020-09-15,Healthcare,0.11198205128205128,0.1979179487179487
2020-09-16,Healthcare,0.06772857142857143,0.0665
2020-09-17,Healthcare,0.0,0.0017333333333333333
2020-09-18,Healthcare,0.07246923076923076,0.04443076923076924
2020-09-21,Healthcare,-0.0562076923076923,0.032146153846153845
2020-09-22,Healthcare,-0.28933333333333333,-0.03604444444444444
2020-09-23,Healthcare,0.42038000000000003,0.37278
2020-09-24,Healthcare,0.19546,0.08076
2020-09-25,Healthcare,-0.15705,-0.166075
2020-09-28,Healthcare,0.29502,0.2827
2020-09-29,Healthcare,0.03715,-0.046950000000000006
2020-09-30,Healthcare,0.17220909090909092,0.03138181818181818
2020-10-01,Healthcare,0.1971125,0.1253125
2020-10-02,Healthcare,0.11117692307692308,0.053215384615384616
2020-10-05,Healthcare,-0.07860000000000002,-0.11158333333333333
2020-10-06,Healthcare,0.098455,0.070455
2020-10-07,Healthcare,0.033549999999999996,-0.0089875
2020-10-08,Healthcare,0.17339333333333332,0.08992
2020-10-09,Healthcare,-0.024999999999999998,-0.049277777777777775
2020-10-12,Healthcare,0.1135142857142857,0.05319999999999999
2020-10-13,Healthcare,0.09564705882352942,0.07610588235294116
2020-10-14,Healthcare,-0.018949999999999995,0.01658749999999999
2020-10-15,Healthcare,0.08185454545454546,0.07769090909090909
2020-10-16,Healthcare,0.18913000000000002,0.10887
2020-10-19,Healthcare,0.11146875,0.05875625000000001
2020-10-20,Healthcare,0.11742999999999999,0.063635
2020-10-21,Healthcare,0.28567777777777775,0.18345555555555557
2020-10-22,Healthcare,0.2591333333333333,0.12183333333333334
2020-10-23,Healthcare,0.08291428571428572,-0.03558571428571428
2020-10-26,Healthcare,0.1100086956521739,0.13912173913043482
2020-10-27,Healthcare,0.047412499999999996,0.05335624999999999
2020-10-28,Healthcare,0.13244166666666668,0.12011666666666665
2020-10-29,Healthcare,0.1175695652173913,0.09417391304347826
2020-10-30,Healthcare,0.1864894736842105,0.1365263157894737
2020-11-02,Healthcare,0.05661333333333334,0.07333333333333333
2020-11-03,Healthcare,0.09311818181818182,0.1282590909090909
2020-11-04,Healthcare,0.18863999999999997,0.06442
2020-11-05,Healthcare,0.2722307692307692,0.11616153846153845
2020-11-06,Healthcare,-0.07708181818181817,-0.0009909090909090903
2020-11-09,Healthcare,0.0,0.008166666666666668
2020-11-10,Healthcare,0.1642,0.22889090909090906
2020-11-11,Healthcare,0.15381,0.08477
2020-11-12,Healthcare,0.0,0.09255000000000001
2020-11-13,Healthcare,-0.05103333333333334,0.08020000000000001
2020-11-16,Healthcare,0.33355,0.18232500000000001
2020-11-17,Healthcare,0.04498095238095239,0.02126666666666667
2020-11-18,Healthcare,-0.08019,-0.09324000000000002
2020-11-19,Healthcare,0.22266666666666668,0.2049222222222222
2020-11-20,Healthcare,0.0755875,0.0483125
2020-11-23,Healthcare,0.039992307692307695,0.04260769230769231
2020-11-24,Healthcare,0.23415,0.125025
2020-11-25,Healthcare,0.1589,0.06563333333333334
2020-11-27,Healthcare,0.06698333333333333,-0.02273333333333333
2020-11-30,Healthcare,-0.0508857142857143,-0.09117142857142858
2020-12-01,Healthcare,0.19434545454545457,0.031836363636363635
2020-12-02,Healthcare,0.08038,0.2314
2020-12-03,Healthcare,0.24268333333333333,0.01806666666666665
2020-12-04,Healthcare,0.40829999999999994,0.25603333333333333
2020-12-07,Healthcare,0.1563875,0.126525
2020-12-08,Healthcare,0.030171428571428578,0.011971428571428574
2020-12-09,Healthcare,0.13388333333333333,0.0709
2020-12-10,Healthcare,-0.16463333333333333,-0.0058
2020-12-11,Healthcare,0.09071666666666667,0.06938333333333334
2020-12-14,Healthcare,0.1908153846153846,0.14150000000000001
2020-12-15,Healthcare,0.11269166666666668,0.0908
2020-12-16,Healthcare,0.3664428571428572,0.06945714285714286
2020-12-17,Healthcare,0.2709,0.18006666666666668
2020-12-18,Healthcare,0.08636153846153846,0.19495384615384614
2020-12-21,Healthcare,0.2784,0.009099999999999997
2020-12-22,Healthcare,0.26448333333333335,0.16995000000000002
2020-12-23,Healthcare,-0.04805,-0.06984444444444446
2020-12-24,Healthcare,0.10988666666666666,0.13447333333333333
2020-12-28,Healthcare,0.35910000000000003,0.41523333333333334
2020-12-29,Healthcare,0.29116,0.13515999999999997
2020-12-30,Healthcare,0.0289,0.01622857142857143
2020-12-31,Healthcare,0.3021,0.22525
2021-01-04,Healthcare,0.2327875,0.12960000000000002
2021-01-05,Healthcare,0.20736666666666667,0.10290833333333334
2021-01-06,Healthcare,0.3437333333333333,0.07045
2021-01-07,Healthcare,0.13683333333333333,0.041
2021-01-08,Healthcare,-0.02043333333333334,-0.05569999999999999
2021-01-11,Healthcare,0.0,0.0284
2021-01-12,Healthcare,0.07948000000000001,0.06582
2021-01-13,Healthcare,0.1648916666666667,0.18021666666666666
2021-01-14,Healthcare,0.18328000000000003,0.04222
2021-01-15,Healthcare,0.17995714285714287,0.0803857142857143
2021-01-19,Healthcare,0.16444,0.14938
2021-01-20,Healthcare,0.08115833333333333,0.06146666666666667
2021-01-21,Healthcare,0.545975,0.29257500000000003
2021-01-22,Healthcare,0.050575,0.0019
2021-01-25,Healthcare,0.0,0.0
2021-01-26,Healthcare,0.023851999999999995,0.068892
2021-01-27,Healthcare,-0.043875,0.048925
2021-01-28,Healthcare,0.18551666666666666,0.12448333333333335
2021-01-29,Healthcare,0.19748749999999998,0.1407
2021-02-01,Healthcare,-0.12521666666666667,0.008266666666666672
2021-02-02,Healthcare,0.1552181818181818,0.1745
2021-02-03,Healthcare,0.0627375,0.032600000000000004
2021-02-04,Healthcare,0.13360416666666666,0.13324166666666667
2021-02-05,Healthcare,0.007773684210526319,-0.03242631578947369
2021-02-08,Healthcare,0.20644999999999997,0.17681
2021-02-09,Healthcare,-0.04989999999999999,0.008050000000000002
2021-02-10,Healthcare,0.3154571428571428,0.24808571428571427
2021-02-11,Healthcare,0.12467857142857143,0.07945714285714287
2021-02-12,Healthcare,-0.006549999999999993,0.0281125
2021-02-16,Healthcare,0.08522857142857145,0.08324285714285715
2021-02-17,Healthcare,0.001760000000000006,-0.08096
2021-02-18,Healthcare,0.1634357142857143,0.14166428571428571
2021-02-19,Healthcare,0.1013888888888889,0.09131111111111112
2021-02-22,Healthcare,0.384425,0.3315
2021-02-23,Healthcare,0.18170999999999998,0.07125999999999999
2021-02-24,Healthcare,0.0956,0.04857777777777778
2021-02-25,Healthcare,0.22486,0.08656
2021-02-26,Healthcare,0.2682888888888889,0.11651111111111111
2021-03-01,Healthcare,-0.09216666666666667,0.011533333333333331
2021-03-02,Healthcare,0.18164285714285716,0.14434285714285716
2021-03-03,Healthcare,0.11396250000000001,0.06765
2021-03-04,Healthcare,0.29364999999999997,0.06763333333333332
2021-03-05,Healthcare,-0.06475833333333332,0.05301666666666666
2021-03-08,Healthcare,-0.08265,-0.021533333333333335
2021-03-09,Healthcare,0.10955555555555556,0.08797777777777777
2021-03-10,Healthcare,0.0,0.07191666666666667
2021-03-11,Healthcare,0.17024,0.07827999999999999
2021-03-12,Healthcare,-0.03887222222222223,-0.05867222222222222
2021-03-15,Healthcare,-0.12040000000000001,-0.123
2021-03-16,Healthcare,0.23155263157894734,0.1061842105263158
2021-03-17,Healthcare,0.1546833333333333,0.05681666666666666
2021-03-18,Healthcare,0.04208888888888889,0.053377777777777774
2021-03-19,Healthcare,0.1363142857142857,0.10584285714285714
2021-03-22,Healthcare,0.2987,0.14668333333333336
2021-03-23,Healthcare,0.07026666666666667,-0.08942222222222222
2021-03-24,Healthcare,0.11172499999999999,0.10584999999999999
2021-03-25,Healthcare,0.14995,0.06084999999999999
2021-03-26,Healthcare,0.18635000000000002,0.164
2021-03-29,Healthcare,0.015237500000000001,0.054112499999999994
2021-03-30,Healthcare,0.29909166666666664,0.22061666666666668
2021-03-31,Healthcare,0.03524285714285714,0.07260000000000001
2021-04-01,Healthcare,0.07577777777777778,0.13757777777777777
2021-04-05,Healthcare,0.011171428571428579,0.08158571428571429
2021-04-06,Healthcare,0.17679230769230772,0.15164615384615385
2021-04-07,Healthcare,0.12273333333333332,0.11916666666666666
2021-04-08,Healthcare,0.249525,0.19542500000000002
2021-04-09,Healthcare,0.12443,-0.02029
2021-04-12,Healthcare,0.22394999999999998,-0.083575
2021-04-13,Healthcare,0.14565833333333333,0.12090833333333334
2021-04-14,Healthcare,0.021199999999999997,0.028691666666666667
2021-04-15,Healthcare,-0.02664166666666666,-0.018858333333333328
2021-04-16,Healthcare,0.09871111111111112,0.04195555555555555
2021-04-19,Healthcare,-0.125,-0.13405
2021-04-20,Healthcare,0.02324666666666667,0.025373333333333335
2021-04-21,Healthcare,0.08443076923076923,0.05547692307692308
2021-04-22,Healthcare,0.1987625,0.072525
2021-04-23,Healthcare,0.06233333333333335,-0.009299999999999996
2021-04-26,Healthcare,0.2787,0.18245
2021-04-27,Healthcare,0.27057333333333333,0.09325333333333334
2021-04-28,Healthcare,0.14382857142857142,0.055428571428571424
2021-04-29,Healthcare,0.005387500000000002,0.005181250000000002
2021-04-30,Healthcare,0.16478,0.18761142857142857
2021-05-03,Healthcare,0.11292608695652175,0.05165217391304348
2021-05-04,Healthcare,0.20268823529411767,0.0743764705882353
2021-05-05,Healthcare,0.11484545454545456,0.17274545454545456
2021-05-06,Healthcare,0.1432375,0.211225
2021-05-07,Healthcare,0.0,0.0077399999999999995
2021-05-10,Healthcare,0.17,0.0129
2021-05-11,Healthcare,0.05856153846153847,0.005392307692307692
2021-05-12,Healthcare,0.13396666666666665,0.009899999999999999
2021-05-13,Healthcare,0.46421999999999997,0.1591
2021-05-14,Healthcare,-0.02864444444444444,0.005733333333333334
2021-05-17,Healthcare,0.15411666666666668,0.13525
2021-05-18,Healthcare,0.07759999999999999,-0.02680769230769231
2021-05-19,Healthcare,0.10953333333333333,0.09341666666666666
2021-05-20,Healthcare,-0.17,0.009049999999999999
2021-05-21,Healthcare,0.17911666666666667,0.07589999999999998
2021-05-24,Healthcare,0.3228,0.025857142857142856
2021-05-25,Healthcare,0.2601615384615385,0.08806923076923077
2021-05-26,Healthcare,0.22548333333333334,0.043416666666666666
2021-05-27,Healthcare,0.0,0.0066166666666666665
2021-05-28,Healthcare,0.1721,0.025939999999999984
2021-06-01,Healthcare,0.01392500000000002,0.10597500000000003
2021-06-02,Healthcare,0.18237499999999998,0.08712142857142859
2021-06-03,Healthcare,0.13238333333333333,0.10826666666666666
2021-06-04,Healthcare,0.13787142857142856,0.0019071428571428612
2021-06-07,Healthcare,-0.03005,0.1106
2021-06-08,Healthcare,0.09708571428571429,-0.03121428571428572
2021-06-09,Healthcare,0.123475,0.00615
2021-06-10,Healthcare,-0.05702499999999999,0.050124999999999996
2021-06-11,Healthcare,0.16924999999999998,0.20507
2021-06-14,Healthcare,0.07538888888888888,0.045488888888888884
2021-06-15,Healthcare,0.16877857142857144,0.09741428571428572
2021-06-16,Healthcare,0.25498,0.18456
2021-06-17,Healthcare,0.0,0.0
2021-06-18,Healthcare,0.04526666666666667,0.15998333333333334
2021-06-21,Healthcare,0.27308333333333334,0.13266666666666668
2021-06-22,Healthcare,0.3309166666666667,0.14869166666666667
2021-06-23,Healthcare,0.148,0.0
2021-06-24,Healthcare,0.31096666666666667,0.23803333333333332
2021-06-25,Healthcare,0.14643333333333333,0.17085000000000003
2021-06-28,Healthcare,0.19014000000000003,0.03502
2021-06-29,Healthcare,0.16774,0.041999999999999996
2021-06-30,Healthcare,-0.027575000000000002,0.07848750000000002
2021-07-01,Healthcare,0.18432857142857142,0.2311142857142857
2021-07-02,Healthcare,0.148,0.0071
2021-07-06,Healthcare,0.5733,0.24459999999999998
2021-07-07,Healthcare,0.05378333333333335,0.06873333333333333
2021-07-08,Healthcare,0.3030333333333333,0.07611666666666665
2021-07-09,Healthcare,0.05352857142857143,0.023464285714285715
2021-07-12,Healthcare,0.0,0.09961428571428572
2021-07-13,Healthcare,0.13623333333333332,0.09194444444444444
2021-07-14,Healthcare,0.059199999999999996,-0.013900000000000001
2021-07-15,Healthcare,0.11608571428571428,0.06451428571428572
2021-07-16,Healthcare,-0.07655,-0.18705000000000002
2021-07-19,Healthcare,0.6597,0.3726
2021-07-20,Healthcare,0.06314,0.08081
2021-07-21,Healthcare,-0.014671428571428571,0.06662857142857143
2021-07-22,Healthcare,0.0,0.0013
2021-07-23,Healthcare,0.030227272727272728,0.060927272727272726
2021-07-26,Healthcare,0.0,0.11455
2021-07-27,Healthcare,0.3431166666666667,0.21278333333333332
2021-07-28,Healthcare,-0.17424999999999996,0.0005500000000000088
2021-07-29,Healthcare,0.07477142857142859,-0.029085714285714288
2021-07-30,Healthcare,0.10398333333333333,0.11109666666666668
2021-08-02,Healthcare,0.12743,0.048
2021-08-03,Healthcare,0.17242142857142856,0.07847142857142857
2021-08-04,Healthcare,0.16638,0.10159
2021-08-05,Healthcare,0.22823,0.01036
2021-08-06,Healthcare,0.21266249999999998,0.13565
2021-08-09,Healthcare,0.06363333333333333,0.12788333333333335
2021-08-10,Healthcare,0.1762,0.109525
2021-08-11,Healthcare,0.07778571428571428,0.03718571428571428
2021-08-12,Healthcare,0.2394,0.1844
2021-08-13,Healthcare,0.25476,0.14904
2021-08-16,Healthcare,0.13935,0.185975
2021-08-17,Healthcare,0.1673846153846154,0.0485
2021-08-18,Healthcare,0.26639999999999997,-0.07415000000000001
2021-08-19,Healthcare,0.2493857142857143,0.06464285714285714
2021-08-20,Healthcare,0.07144999999999999,-0.02730000000000002
2021-08-23,Healthcare,0.17,0.3023
2021-08-24,Healthcare,0.016739999999999998,0.07148000000000002
2021-08-25,Healthcare,0.20728,0.04495999999999999
2021-08-26,Healthcare,0.0327125,0.027725
2021-08-27,Healthcare,0.14174000000000003,0.17770000000000002
2021-08-30,Healthcare,0.1927333333333333,0.2252333333333333
2021-08-31,Healthcare,0.3213555555555556,0.17363333333333333
2021-09-01,Healthcare,-0.04242222222222222,-0.04027777777777777
2021-09-02,Healthcare,0.06835,0.012668749999999989
2021-09-03,Healthcare,0.15243636363636365,0.09877272727272728
2021-09-08,Healthcare,0.0008928571428571555,0.010199999999999999
2021-09-09,Healthcare,-0.03521666666666667,-0.08598333333333334
2021-09-10,Healthcare,-0.012041176470588229,0.11152352941176472
2021-09-13,Healthcare,-0.07955,-0.080025
2021-09-14,Healthcare,0.26134347826086957,0.0796
2021-09-15,Healthcare,0.2865,0.017200000000000003
2021-09-16,Healthcare,0.21185,0.04533333333333334
2021-09-17,Healthcare,0.17942,0.045910000000000006
2021-09-20,Healthcare,0.04329999999999999,-0.038544444444444444
2021-09-21,Healthcare,0.038357142857142874,-0.03964761904761904
2021-09-22,Healthcare,0.15253333333333333,0.0228
2021-09-23,Healthcare,-0.06276666666666667,-0.1867
2021-09-24,Healthcare,0.15836250000000002,0.0219375
2021-09-27,Healthcare,0.08518333333333333,-0.04355
2021-09-28,Healthcare,0.2600363636363637,0.14125454545454547
2021-09-29,Healthcare,0.16184117647058824,0.08209411764705882
2021-09-30,Healthcare,0.2515181818181818,0.06580909090909091
2021-10-01,Healthcare,0.05955,0.008491666666666666
2021-10-04,Healthcare,0.09540344827586207,0.04020000000000001
2021-10-05,Healthcare,0.062053125,0.09336875
2021-10-06,Healthcare,0.07610624999999999,0.1099
2021-10-07,Healthcare,0.08836153846153846,0.13578461538461536
2021-10-08,Healthcare,0.13494615384615385,0.10883846153846154
2021-10-11,Healthcare,0.031409999999999993,-0.04414
2021-10-12,Healthcare,0.057466666666666666,0.03836111111111111
2021-10-13,Healthcare,0.16842666666666664,0.015033333333333333
2021-10-14,Healthcare,-0.026477777777777784,-0.034577777777777784
2021-10-15,Healthcare,0.0,0.00495
2021-10-18,Healthcare,0.13997777777777778,0.058100000000000006
2021-10-19,Healthcare,0.19915454545454547,0.059454545454545454
2021-10-20,Healthcare,0.07110714285714285,0.1684857142857143
2021-10-21,Healthcare,0.11546666666666668,0.09292380952380952
2021-10-22,Healthcare,0.23254545454545458,0.07418181818181818
2021-10-25,Healthcare,0.11023749999999999,0.118175
2021-10-26,Healthcare,0.05696875,0.030931249999999997
2021-10-27,Healthcare,-0.017316666666666668,-0.011466666666666667
2021-10-28,Healthcare,0.13755833333333334,0.0002666666666666668
2021-10-29,Healthcare,0.08925,0.16318461538461537
2021-11-01,Healthcare,0.046253333333333334,0.1290333333333333
2021-11-02,Healthcare,0.29411818181818183,0.21132727272727275
2021-11-03,Healthcare,0.14586428571428572,0.07007142857142858
2021-11-04,Healthcare,0.11947999999999999,0.1816
2021-11-05,Healthcare,0.21830624999999998,0.115575
2021-11-08,Healthcare,0.2584238095238095,0.21744761904761903
2021-11-09,Healthcare,0.1336304347826087,0.059082608695652176
2021-11-10,Healthcare,0.1393727272727273,0.024563636363636374
2021-11-11,Healthcare,-0.07735,0.046312500000000006
2021-11-12,Healthcare,0.17486000000000002,0.024269999999999996
2021-11-15,Healthcare,0.172125,0.1736
2021-11-16,Healthcare,0.09496428571428572,-0.007649999999999999
2021-11-17,Healthcare,0.2196625,0.0842875
2021-11-18,Healthcare,0.30673,0.062490000000000004
2021-11-19,Healthcare,-0.03739000000000001,-0.01708
2021-11-22,Healthcare,0.22334285714285715,0.04012857142857144
2021-11-23,Healthcare,0.02397142857142858,0.08787857142857144
2021-11-24,Healthcare,0.14487,0.07347
2021-11-26,Healthcare,-0.05077499999999997,0.05875
2021-11-29,Healthcare,-0.07578000000000001,-0.14952
2021-11-30,Healthcare,0.1161578947368421,0.0467421052631579
2021-12-01,Healthcare,0.09176000000000002,0.12723999999999996
2021-12-02,Healthcare,-0.008182352941176484,-0.08559411764705882
2021-12-03,Healthcare,-0.027766666666666672,-0.02894166666666667
2021-12-06,Healthcare,0.241825,0.1853375
2021-12-07,Healthcare,0.06186315789473684,0.13950526315789472
2021-12-08,Healthcare,0.03203076923076924,0.10791538461538462
2021-12-09,Healthcare,0.12152000000000003,0.04115999999999999
2021-12-10,Healthcare,0.018099999999999995,0.004216666666666665
2021-12-13,Healthcare,0.005223076923076912,0.02955384615384615
2021-12-14,Healthcare,0.18554444444444446,0.13143333333333335
2021-12-15,Healthcare,0.08293333333333335,0.06827499999999999
2021-12-16,Healthcare,0.019811111111111113,-0.017144444444444448
2021-12-17,Healthcare,0.09277857142857142,0.07210000000000001
2021-12-20,Healthcare,0.39405,0.1620125
2021-12-21,Healthcare,0.12989285714285714,0.08514999999999999
2021-12-22,Healthcare,0.20880624999999997,0.114575
2021-12-23,Healthcare,0.036585714285714284,0.0022214285714285764
2021-12-27,Healthcare,0.1578217391304348,0.16086956521739132
2021-12-28,Healthcare,0.2081277777777778,0.20818333333333333
2021-12-29,Healthcare,0.12066249999999998,0.19717500000000002
2021-12-30,Healthcare,0.36819999999999997,0.17800000000000002
2021-12-31,Healthcare,0.16349999999999998,0.15920666666666666
2022-01-03,Healthcare,0.1662,0.12578
2022-01-04,Healthcare,0.2069,0.112975
2022-01-05,Healthcare,0.06352,0.03511
2022-01-06,Healthcare,-0.06763333333333332,0.006133333333333342
2022-01-07,Healthcare,0.2601625,0.127025
2022-01-10,Healthcare,0.13243333333333332,0.05047777777777777
2022-01-11,Healthcare,0.22949375,0.06943125
2022-01-12,Healthcare,0.13001428571428572,0.05670000000000001
2022-01-13,Healthcare,0.1187375,0.07630624999999999
2022-01-14,Healthcare,0.12877857142857144,0.06717142857142858
2022-01-18,Healthcare,0.23234615384615387,0.19111538461538463
2022-01-19,Healthcare,0.12982413793103448,0.12152758620689656
2022-01-20,Healthcare,0.056025000000000005,0.07347499999999998
2022-01-21,Healthcare,0.022280000000000005,-0.021153333333333333
2022-01-24,Healthcare,-0.08576923076923076,0.05867692307692308
2022-01-25,Healthcare,0.017900000000000003,-0.01945
2022-01-26,Healthcare,-0.06694444444444445,0.018744444444444446
2022-01-27,Healthcare,0.11399999999999999,0.128805
2022-01-28,Healthcare,0.18589473684210525,0.12936315789473685
2022-01-31,Healthcare,0.0840529411764706,0.14269411764705883
2022-02-01,Healthcare,0.13327307692307694,0.05619615384615385
2022-02-02,Healthcare,0.06881538461538461,0.032265384615384626
2022-02-03,Healthcare,0.06701612903225808,0.14174193548387098
2022-02-04,Healthcare,0.09622352941176471,0.17453529411764704
2022-02-07,Healthcare,-0.08055000000000001,0.05488
2022-02-08,Healthcare,0.18755238095238097,0.18676666666666666
2022-02-09,Healthcare,0.12065909090909091,0.10965909090909091
2022-02-10,Healthcare,0.2525555555555556,0.24152777777777779
2022-02-11,Healthcare,-0.0244,0.002056249999999999
2022-02-14,Healthcare,0.23331999999999997,0.14764
2022-02-15,Healthcare,-0.046043749999999994,0.01708750000000001
2022-02-16,Healthcare,0.08552000000000001,0.10595999999999998
2022-02-17,Healthcare,0.18387857142857142,0.09993571428571427
2022-02-18,Healthcare,0.12319285714285713,0.07198571428571429
2022-02-22,Healthcare,0.17295625,0.19408125
2022-02-23,Healthcare,0.06761428571428572,0.057342857142857154
2022-02-24,Healthcare,0.045533333333333335,0.00795
2022-02-25,Healthcare,0.2720666666666667,0.06413333333333333
2022-02-28,Healthcare,-0.03182,-0.0032300000000000132
2022-03-01,Healthcare,0.16816428571428574,0.09305
2022-03-02,Healthcare,0.062336363636363634,0.031636363636363636
2022-03-03,Healthcare,0.09695000000000001,-0.004339999999999994
2022-03-04,Healthcare,-0.030939999999999995,-0.10928
2022-03-07,Healthcare,0.15008749999999998,0.15913750000000002
2022-03-08,Healthcare,0.14492857142857146,0.12633571428571427
2022-03-09,Healthcare,-0.020036363636363626,0.053581818181818175
2022-03-10,Healthcare,0.10663846153846154,-0.005669230769230773
2022-03-11,Healthcare,0.0884,0.07709333333333333
2022-03-14,Healthcare,0.109525,0.06215000000000001
2022-03-15,Healthcare,0.1804625,0.029250000000000005
2022-03-16,Healthcare,-0.10178000000000001,-0.05807
2022-03-17,Healthcare,0.02733125,0.0652875
2022-03-18,Healthcare,-0.021853846153846147,-0.015415384615384617
2022-03-21,Healthcare,0.23785,0.020183333333333334
2022-03-22,Healthcare,0.20235625000000002,0.19442500000000001
2022-03-23,Healthcare,-0.08335454545454543,0.03274545454545456
2022-03-24,Healthcare,0.16504285714285719,0.05884285714285714
2022-03-25,Healthcare,0.05341,0.005670000000000003
2022-03-28,Healthcare,-0.001514285714285706,0.02512857142857142
2022-03-29,Healthcare,-0.0069833333333333275,0.04032500000000001
2022-03-30,Healthcare,0.14445000000000002,0.15562
2022-03-31,Healthcare,0.07678750000000001,0.05762499999999999
2022-04-01,Healthcare,0.05842222222222223,0.1803888888888889
2022-04-04,Healthcare,0.3523,0.2249
2022-04-05,Healthcare,0.103555,0.03543500000000001
2022-04-06,Healthcare,0.20088461538461538,0.17591538461538464
2022-04-07,Healthcare,0.057800000000000004,0.010685714285714286
2022-04-08,Healthcare,0.15566,-0.06332
2022-04-11,Healthcare,0.3821928571428571,0.10185
2022-04-12,Healthcare,0.11962857142857143,0.1608857142857143
2022-04-13,Healthcare,0.0996375,0.006843750000000003
2022-04-14,Healthcare,0.057675000000000004,0.08491666666666668
2022-04-18,Healthcare,-0.0017000000000000051,0.048100000000000004
2022-04-19,Healthcare,0.044955555555555554,0.007599999999999999
2022-04-20,Healthcare,0.10620526315789473,0.09108947368421054
2022-04-21,Healthcare,0.26539375,0.211875
2022-04-22,Healthcare,0.1209,0.12698823529411762
2022-04-25,Healthcare,0.11888888888888889,0.21424444444444446
2022-04-26,Healthcare,0.2185076923076923,0.14287692307692307
2022-04-27,Healthcare,-0.00916,0.058432000000000005
2022-04-28,Healthcare,0.10202499999999999,0.07166000000000002
2022-04-29,Healthcare,0.07247419354838709,0.12246451612903225
2022-05-02,Healthcare,0.0971,0.11682173913043478
2022-05-03,Healthcare,0.23284615384615387,0.09544615384615383
2022-05-04,Healthcare,-0.05103333333333334,-0.12086666666666664
2022-05-05,Healthcare,0.033716666666666666,-0.05293333333333334
2022-05-06,Healthcare,0.11195714285714287,0.1925714285714286
2022-05-09,Healthcare,0.0284125,-0.00146249999999999
2022-05-10,Healthcare,0.131675,0.22409999999999997
2022-05-11,Healthcare,0.09364615384615385,0.044169230769230766
2022-05-12,Healthcare,-0.05098666666666666,0.05124666666666667
2022-05-13,Healthcare,0.01996428571428573,-0.010921428571428573
2022-05-16,Healthcare,-0.025116666666666666,0.03799166666666667
2022-05-17,Healthcare,0.075475,0.076295
2022-05-18,Healthcare,-0.04549285714285715,0.008692857142857136
2022-05-19,Healthcare,0.1751090909090909,0.15437272727272727
2022-05-20,Healthcare,0.13583636363636364,0.04625454545454546
2022-05-23,Healthcare,-0.030915384615384615,0.02725384615384616
2022-05-24,Healthcare,0.16873529411764707,0.1602529411764706
2022-05-25,Healthcare,0.016608333333333346,0.14769166666666667
2022-05-26,Healthcare,-0.14931250000000001,0.0145125
2022-05-27,Healthcare,0.16027083333333333,0.01732083333333333
2022-05-31,Healthcare,-0.023657142857142845,-0.08110714285714285
2022-06-01,Healthcare,0.25979444444444444,0.17517777777777777
2022-06-02,Healthcare,0.13267777777777778,0.049688888888888894
2022-06-03,Healthcare,0.041009090909090905,-0.028145454545454543
2022-06-06,Healthcare,0.07898000000000001,0.08091000000000001
2022-06-07,Healthcare,0.11544545454545457,0.12655
2022-06-08,Healthcare,0.321,0.08242000000000001
2022-06-09,Healthcare,0.3124166666666666,0.11088333333333333
2022-06-10,Healthcare,0.0289,0.00018571428571428583
2022-06-13,Healthcare,-0.002433333333333336,0.04593333333333333
2022-06-14,Healthcare,0.24288666666666667,0.17986000000000002
2022-06-15,Healthcare,-0.02802727272727273,0.03046363636363636
2022-06-16,Healthcare,0.04536,0.02226666666666666
2022-06-17,Healthcare,0.30465,0.21352500000000002
2022-06-21,Healthcare,0.22171818181818181,0.08348181818181817
2022-06-22,Healthcare,0.2036111111111111,0.13555
2022-06-23,Healthcare,0.07103000000000001,0.09718000000000002
2022-06-24,Healthcare,-0.10815999999999999,-0.07715333333333335
2022-06-27,Healthcare,0.2448181818181818,0.1993636363636364
2022-06-28,Healthcare,0.1605318181818182,0.1560090909090909
2022-06-29,Healthcare,-0.15405714285714284,0.0523
2022-06-30,Healthcare,0.3062875,0.18884374999999998
2022-07-01,Healthcare,0.08130000000000001,0.07346250000000001
2022-07-05,Healthcare,0.0536,0.094625
2022-07-06,Healthcare,0.13791666666666666,0.07448333333333333
2022-07-07,Healthcare,0.08690769230769232,0.0515846153846154
2022-07-08,Healthcare,0.20338461538461539,-0.017115384615384612
2022-07-11,Healthcare,0.2459444444444444,0.31806666666666666
2022-07-12,Healthcare,0.046924,0.07391600000000001
2022-07-13,Healthcare,0.09737058823529411,0.08578823529411765
2022-07-14,Healthcare,0.048604,0.113064
2022-07-15,Healthcare,-0.05076153846153845,0.008530769230769234
2022-07-18,Healthcare,0.04854117647058824,0.10330588235294118
2022-07-19,Healthcare,0.14633333333333334,0.18203809523809525
2022-07-20,Healthcare,0.005945000000000006,0.03697500000000001
2022-07-21,Healthcare,0.20273125,0.168515625
2022-07-22,Healthcare,-0.0730142857142857,0.03567142857142857
2022-07-25,Healthcare,0.24006153846153847,0.09303846153846156
2022-07-26,Healthcare,0.05454666666666667,0.1342866666666667
2022-07-27,Healthcare,0.16759,0.13084
2022-07-28,Healthcare,0.04871818181818182,0.12692272727272727
2022-07-29,Healthcare,0.13813478260869563,0.1282173913043478
2022-08-01,Healthcare,0.09910000000000001,0.15213333333333334
2022-08-02,Healthcare,0.0955388888888889,0.05579444444444445
2022-08-03,Healthcare,0.1539625,0.05915000000000001
2022-08-04,Healthcare,0.13485555555555556,0.10027777777777776
2022-08-05,Healthcare,-0.03093529411764706,0.04511764705882353
2022-08-08,Healthcare,0.12014,0.12099
2022-08-09,Healthcare,-0.09851111111111112,0.04923333333333334
2022-08-10,Healthcare,0.11268,0.02308
2022-08-11,Healthcare,-0.01495,0.1119
2022-08-12,Healthcare,-0.004935714285714279,0.0931642857142857
2022-08-15,Healthcare,-0.05486,0.07388000000000002
2022-08-16,Healthcare,0.02579166666666666,0.10165833333333331
2022-08-17,Healthcare,0.10101,0.13055999999999998
2022-08-18,Healthcare,0.06363333333333333,0.13251666666666664
2022-08-19,Healthcare,0.06743333333333333,-0.01665
2022-08-22,Healthcare,-0.0046222222222222316,-0.12310000000000001
2022-08-23,Healthcare,0.3039,0.17365
2022-08-24,Healthcare,0.220125,0.246325
2022-08-25,Healthcare,0.1701875,0.10105
2022-08-26,Healthcare,0.00666666666666668,-0.019906666666666666
2022-08-29,Healthcare,0.17742,0.07744999999999999
2022-08-30,Healthcare,0.15919999999999998,0.12185454545454545
2022-08-31,Healthcare,0.12480000000000001,-0.0006499999999999931
2022-09-01,Healthcare,-0.1635181818181818,-0.14445454545454545
2022-09-02,Healthcare,0.12937857142857143,0.07852142857142859
2022-09-06,Healthcare,0.18328,0.049339999999999995
2022-09-07,Healthcare,0.3033076923076923,0.17826923076923076
2022-09-08,Healthcare,-0.02562307692307693,0.034469230769230766
2022-09-09,Healthcare,0.18001818181818183,0.12169545454545455
2022-09-12,Healthcare,0.05628181818181818,0.027536363636363637
2022-09-13,Healthcare,0.2675090909090909,0.11106969696969696
2022-09-14,Healthcare,0.08956923076923078,0.09729230769230769
2022-09-15,Healthcare,0.107475,0.052975
2022-09-16,Healthcare,0.012253333333333331,0.12347333333333332
2022-09-19,Healthcare,0.0723,0.07466923076923077
2022-09-20,Healthcare,0.033490476190476196,0.03286190476190477
2022-09-21,Healthcare,-0.07704166666666666,-0.023266666666666658
2022-09-22,Healthcare,-0.0808857142857143,-0.06552857142857144
2022-09-23,Healthcare,0.15237333333333333,0.04748666666666667
2022-09-26,Healthcare,0.14291818181818183,0.06472727272727273
2022-09-27,Healthcare,0.09397692307692308,0.03733846153846155
2022-09-28,Healthcare,0.1728909090909091,0.1740909090909091
2022-09-29,Healthcare,0.17445454545454545,0.1630909090909091
2022-09-30,Healthcare,0.16065999999999997,0.07992
2022-10-03,Healthcare,0.0,0.008383333333333335
2022-10-04,Healthcare,0.05486250000000001,0.048543750000000004
2022-10-05,Healthcare,-0.07905,-0.059783333333333334
2022-10-06,Healthcare,0.10311428571428571,0.10362857142857143
2022-10-07,Healthcare,-0.2632,-0.12175000000000001
2022-10-10,Healthcare,0.13193333333333332,0.05078333333333334
2022-10-11,Healthcare,0.34629444444444446,0.16175
2022-10-12,Healthcare,0.16473846153846153,0.03508846153846154
2022-10-13,Healthcare,0.11267619047619049,0.13676666666666668
2022-10-14,Healthcare,-0.19929999999999998,0.0033000000000000065
2022-10-17,Healthcare,0.1488636363636364,0.24445454545454545
2022-10-18,Healthcare,0.11683846153846153,0.09771538461538462
2022-10-19,Healthcare,0.0531846153846154,0.09050000000000001
2022-10-20,Healthcare,0.050045454545454546,-0.015277272727272728
2022-10-21,Healthcare,0.0650375,-0.045268749999999996
2022-10-24,Healthcare,0.0974363636363636,0.05516363636363637
2022-10-25,Healthcare,0.043736363636363636,0.08642727272727273
2022-10-26,Healthcare,0.05711428571428572,0.12140714285714285
2022-10-27,Healthcare,0.07991666666666668,0.152
2022-10-28,Healthcare,0.20995217391304347,0.10654782608695651
2022-10-31,Healthcare,0.11539166666666666,0.08017916666666666
2022-11-01,Healthcare,0.0,0.07382000000000001
2022-11-02,Healthcare,0.19469999999999998,0.21483846153846153
2022-11-03,Healthcare,0.036761538461538464,0.16384615384615384
2022-11-04,Healthcare,-0.09567272727272727,-0.01661818181818182
2022-11-07,Healthcare,0.03948,0.17564666666666667
2022-11-08,Healthcare,0.05160000000000001,-0.03304375
2022-11-09,Healthcare,0.014944999999999991,0.153875
2022-11-10,Healthcare,0.06434117647058823,0.05612352941176471
2022-11-11,Healthcare,0.1250625,0.1941125
2022-11-14,Healthcare,0.36906,0.31214000000000003
2022-11-15,Healthcare,0.15493888888888888,0.1185388888888889
2022-11-16,Healthcare,0.2843200000000001,0.2149
2022-11-17,Healthcare,0.112475,0.080725
2022-11-18,Healthcare,0.020229999999999998,-0.02966
2022-11-21,Healthcare,0.11296923076923077,-0.024746153846153845
2022-11-22,Healthcare,0.19905294117647057,0.1350058823529412
2022-11-23,Healthcare,0.11349615384615384,0.0771846153846154
2022-11-25,Healthcare,0.15600624999999999,0.061325
2022-11-28,Healthcare,0.12767333333333333,-0.002520000000000002
2022-11-29,Healthcare,0.20151666666666668,0.16202916666666667
2022-11-30,Healthcare,0.20703846153846153,0.10316923076923076
2022-12-01,Healthcare,0.1948294117647059,0.12776470588235292
2022-12-02,Healthcare,0.19382666666666667,0.15266000000000002
2022-12-05,Healthcare,-0.12593,0.023520000000000006
2022-12-06,Healthcare,0.08974375,0.03881249999999999
2022-12-07,Healthcare,0.03517333333333334,0.03779333333333333
2022-12-08,Healthcare,0.020037500000000003,0.028831250000000003
2022-12-09,Healthcare,0.021525000000000006,0.04118333333333334
2022-12-12,Healthcare,0.1036529411764706,0.13945882352941177
2022-12-13,Healthcare,0.049124242424242424,0.10388484848484848
2022-12-14,Healthcare,0.03171785714285715,0.08074642857142857
2022-12-15,Healthcare,0.07120000000000001,0.12972
2022-12-16,Healthcare,0.21299473684210526,0.19153684210526314
2022-12-19,Healthcare,0.07100666666666668,0.028226666666666664
2022-12-20,Healthcare,0.07485,0.02144500000000001
2022-12-21,Healthcare,0.16772222222222222,0.11737777777777778
2022-12-22,Healthcare,0.1968625,0.1385625
2022-12-23,Healthcare,0.05918461538461538,0.14532307692307692
2022-12-27,Healthcare,0.04880000000000002,0.1976
2022-12-28,Healthcare,0.12814,0.09229499999999999
2022-12-29,Healthcare,0.17215,0.017866666666666666
2022-12-30,Healthcare,0.12771666666666667,0.04849166666666666
2023-01-03,Healthcare,0.12007142857142858,0.1470857142857143
2023-01-04,Healthcare,0.24755714285714286,0.24764285714285714
2023-01-05,Healthcare,0.18300769230769232,0.07998461538461539
2023-01-06,Healthcare,0.1359,0.12769166666666668
2023-01-09,Healthcare,0.09438888888888888,0.008822222222222223
2023-01-10,Healthcare,0.18853571428571428,0.13314285714285715
2023-01-11,Healthcare,0.0535,0.038353846153846155
2023-01-12,Healthcare,0.057376923076923075,0.08546923076923077
2023-01-13,Healthcare,0.10598571428571428,0.11135714285714285
2023-01-17,Healthcare,0.2725875,0.0965125
2023-01-18,Healthcare,0.27607878787878787,0.1313030303030303
2023-01-19,Healthcare,0.10381999999999998,-0.010299999999999998
2023-01-20,Healthcare,-0.07624,0.06577
2023-01-23,Healthcare,0.06385,0.16936428571428572
2023-01-24,Healthcare,0.24318333333333333,0.18770555555555557
2023-01-25,Healthcare,0.074675,0.2292625
2023-01-26,Healthcare,-0.05305517241379311,-0.07549655172413793
2023-01-27,Healthcare,0.116,0.08644444444444445
2023-01-30,Healthcare,0.0337,0.07937499999999999
2023-01-31,Healthcare,0.09132105263157896,2.6315789473681312e-05
2023-02-01,Healthcare,0.014447826086956517,-0.0011782608695652106
2023-02-02,Healthcare,0.07900384615384616,0.06633076923076922
2023-02-03,Healthcare,0.20832758620689656,0.16304137931034485
2023-02-06,Healthcare,-0.04715882352941175,0.059552941176470586
2023-02-07,Healthcare,0.014281818181818184,0.04188181818181819
2023-02-08,Healthcare,0.13701538461538462,0.12766153846153847
2023-02-09,Healthcare,0.12006666666666667,0.17046666666666668
2023-02-10,Healthcare,0.10916551724137931,0.24637241379310348
2023-02-13,Healthcare,0.11148,0.040400000000000005
2023-02-14,Healthcare,0.12078333333333331,0.10111666666666667
2023-02-15,Healthcare,0.24040833333333333,0.1476333333333333
2023-02-16,Healthcare,0.06512857142857142,0.17904285714285714
2023-02-17,Healthcare,0.12256818181818181,0.11493636363636363
2023-02-21,Healthcare,0.11034285714285715,0.11222142857142857
2023-02-22,Healthcare,0.01427692307692308,0.012176923076923077
2023-02-23,Healthcare,0.10245000000000001,0.08571999999999999
2023-02-24,Healthcare,0.10144,0.14320000000000002
2023-02-27,Healthcare,0.18766666666666668,0.08123333333333332
2023-02-28,Healthcare,0.09626521739130435,0.09404782608695653
2023-03-01,Healthcare,0.0704909090909091,0.04592727272727273
2023-03-02,Healthcare,0.03066,0.026080000000000002
2023-03-03,Healthcare,0.06605384615384616,0.14737692307692307
2023-03-06,Healthcare,0.26543333333333335,0.0722
2023-03-07,Healthcare,0.07906086956521739,0.016339130434782613
2023-03-08,Healthcare,0.21466249999999998,0.1523375
2023-03-09,Healthcare,0.08545294117647059,0.05538823529411765
2023-03-10,Healthcare,0.1458235294117647,0.09964705882352941
2023-03-13,Healthcare,0.14783333333333332,0.09292222222222221
2023-03-14,Healthcare,0.15185555555555555,0.11421666666666669
2023-03-15,Healthcare,0.02413333333333334,0.01872666666666667
2023-03-16,Healthcare,0.13205714285714285,0.15894285714285714
2023-03-17,Healthcare,0.008555555555555558,0.10102222222222222
2023-03-20,Healthcare,0.044099999999999986,-0.06063749999999999
2023-03-21,Healthcare,0.123285,0.09094
2023-03-22,Healthcare,0.14226153846153847,0.11613846153846154
2023-03-23,Healthcare,0.014959999999999998,0.01707
2023-03-24,Healthcare,0.2206636363636364,0.07621818181818182
2023-03-27,Healthcare,0.06086363636363636,0.1551090909090909
2023-03-28,Healthcare,0.15319090909090913,0.08589545454545454
2023-03-29,Healthcare,0.20988461538461542,0.10156923076923077
2023-03-30,Healthcare,0.09710833333333334,0.09045000000000002
2023-03-31,Healthcare,-0.016092307692307697,0.03914615384615386
2023-04-03,Healthcare,0.12392727272727275,0.04096363636363637
2023-04-04,Healthcare,-0.0023375000000000062,-0.0018062499999999919
2023-04-05,Healthcare,0.12857333333333335,0.19842
2023-04-06,Healthcare,0.029660000000000013,0.09610666666666669
2023-04-10,Healthcare,0.027038888888888887,0.06557777777777778
2023-04-11,Healthcare,0.03238571428571429,0.06602499999999999
2023-04-12,Healthcare,0.001530769230769233,0.014184615384615386
2023-04-13,Healthcare,0.065315,0.053680000000000005
2023-04-14,Healthcare,-0.03988181818181817,0.010163636363636375
2023-04-17,Healthcare,0.006888235294117646,-0.00040000000000000165
2023-04-18,Healthcare,0.10430666666666667,0.10198
2023-04-19,Healthcare,0.12564615384615385,0.10400000000000001
2023-04-20,Healthcare,0.17026060606060606,0.13966666666666666
2023-04-21,Healthcare,0.10802142857142857,0.11755000000000002
2023-04-24,Healthcare,0.06924999999999999,0.14852500000000002
2023-04-25,Healthcare,0.15271200000000001,0.14273600000000003
2023-04-26,Healthcare,0.19542916666666668,0.1589125
2023-04-27,Healthcare,0.014705882352941176,0.11151176470588237
2023-04-28,Healthcare,0.14577173913043479,0.09050434782608695
2023-05-01,Healthcare,-0.09257142857142857,0.05828095238095238
2023-05-02,Healthcare,0.08058571428571429,0.07321904761904761
2023-05-03,Healthcare,0.004607142857142865,0.035078571428571424
2023-05-04,Healthcare,0.003233333333333332,0.001722222222222229
2023-05-05,Healthcare,0.07281538461538463,0.034623076923076916
2023-05-08,Healthcare,0.12034285714285715,0.01107142857142857
2023-05-09,Healthcare,0.16203571428571428,0.07995714285714287
2023-05-10,Healthcare,0.18432857142857142,0.06897142857142856
2023-05-11,Healthcare,0.04536111111111111,0.08054444444444446
2023-05-12,Healthcare,0.34793333333333337,0.11891666666666667
2023-05-15,Healthcare,0.05673333333333334,0.04477777777777778
2023-05-16,Healthcare,0.03668823529411764,0.07517647058823529
2023-05-17,Healthcare,-0.04363200000000001,-0.07435200000000002
2023-05-18,Healthcare,-0.11089444444444443,-0.13295
2023-05-19,Healthcare,0.09048421052631579,0.09811578947368421
2023-05-22,Healthcare,0.017160000000000005,0.05082
2023-05-23,Healthcare,0.09268947368421052,0.13658421052631578
2023-05-24,Healthcare,0.10302727272727275,0.10772727272727271
2023-05-25,Healthcare,-0.05202142857142857,-0.044707142857142855
2023-05-26,Healthcare,0.06452000000000001,0.07016
2023-05-30,Healthcare,0.11009999999999999,0.1657
2023-05-31,Healthcare,0.18886666666666668,0.16908333333333334
2023-06-01,Healthcare,0.1365625,0.055606249999999996
2023-06-02,Healthcare,0.006316666666666671,0.015177777777777778
2023-06-05,Healthcare,0.07088,0.17945000000000003
2023-06-06,Healthcare,0.04918750000000001,0.0255125
2023-06-07,Healthcare,0.1706857142857143,0.028785714285714283
2023-06-08,Healthcare,0.2865642857142857,0.19097857142857144
2023-06-09,Healthcare,0.24054,0.12486666666666665
2023-06-12,Healthcare,0.020338461538461545,0.03286923076923077
2023-06-13,Healthcare,0.178755,0.12420499999999998
2023-06-14,Healthcare,0.07892500000000002,0.2463625
2023-06-15,Healthcare,0.29582,0.1803
2023-06-16,Healthcare,-0.0605142857142857,0.05197142857142857
2023-06-20,Healthcare,0.04270000000000001,0.06265384615384616
2023-06-21,Healthcare,0.07415238095238094,-0.00051904761904762
2023-06-22,Healthcare,0.10905882352941176,0.04735882352941176
2023-06-23,Healthcare,0.04575384615384615,0.06646923076923077
2023-06-26,Healthcare,0.22490909090909092,0.13245454545454546
2023-06-27,Healthcare,0.10699615384615384,0.0884653846153846
2023-06-28,Healthcare,0.20562857142857144,0.12017142857142858
2023-06-29,Healthcare,0.07655,0.005475
2023-06-30,Healthcare,0.16888823529411767,0.07499411764705884
2023-07-03,Healthcare,0.04308888888888889,0.03422222222222222
2023-07-05,Healthcare,0.16258,0.16614400000000004
2023-07-06,Healthcare,0.166325,0.11013125
2023-07-07,Healthcare,0.312,0.12094615384615384
2023-07-10,Healthcare,0.16256666666666666,0.14105
2023-07-11,Healthcare,0.09307000000000001,0.05870499999999999
2023-07-12,Healthcare,-0.034193333333333326,0.08200000000000002
2023-07-13,Healthcare,0.27222142857142856,-0.0013142857142857173
2023-07-14,Healthcare,0.12074285714285715,0.15880714285714287
2023-07-17,Healthcare,0.11025,0.1128714285714286
2023-07-18,Healthcare,0.12610666666666667,0.10465333333333333
2023-07-19,Healthcare,0.12179999999999999,0.031723076923076916
2023-07-20,Healthcare,0.0071416666666666755,0.00945
2023-07-21,Healthcare,0.0852448275862069,0.08906206896551724
2023-07-24,Healthcare,0.000730000000000014,-0.030284999999999996
2023-07-25,Healthcare,0.12803928571428572,0.10634999999999999
2023-07-26,Healthcare,0.03394285714285714,0.0032571428571428578
2023-07-27,Healthcare,0.0275875,0.08839999999999999
2023-07-28,Healthcare,0.25007666666666667,0.23048
2023-07-31,Healthcare,-0.05060999999999999,0.17498
2023-08-01,Healthcare,0.15695,0.09010384615384616
2023-08-02,Healthcare,0.07075000000000001,0.06276666666666667
2023-08-03,Healthcare,0.1287625,0.18865625
2023-08-04,Healthcare,0.08694864864864865,0.13778648648648648
2023-08-07,Healthcare,-0.00909354838709678,0.01700967741935484
2023-08-08,Healthcare,0.15314615384615385,0.17303846153846153
2023-08-09,Healthcare,0.18955384615384616,0.08090769230769232
2023-08-10,Healthcare,0.22100555555555557,0.2415166666666667
2023-08-11,Healthcare,0.1795,0.12955
2023-08-14,Healthcare,0.056938461538461535,0.05160000000000001
2023-08-15,Healthcare,0.17800000000000002,0.145575
2023-08-16,Healthcare,0.05516666666666667,0.054560000000000004
2023-08-17,Healthcare,-0.004499999999999996,0.003685714285714286
2023-08-18,Healthcare,0.1395,0.030255555555555553
2023-08-21,Healthcare,0.17967142857142857,0.14932857142857145
2023-08-22,Healthcare,0.05456799999999999,0.06028000000000001
2023-08-23,Healthcare,-0.0561875,0.043725000000000014
2023-08-24,Healthcare,0.13036250000000002,0.22622916666666668
2023-08-25,Healthcare,0.06974444444444444,0.15555555555555556
2023-08-28,Healthcare,0.03169333333333334,0.07665333333333332
2023-08-29,Healthcare,0.16466521739130435,0.09667391304347825
2023-08-30,Healthcare,0.095812,0.100288
2023-08-31,Healthcare,0.06914000000000002,0.027460000000000005
2023-09-01,Healthcare,0.17223846153846153,0.07306923076923076
2023-09-05,Healthcare,0.02530526315789474,0.042168421052631584
2023-09-06,Healthcare,0.004723076923076922,0.027246153846153847
2023-09-07,Healthcare,0.19068000000000002,0.11234999999999999
2023-09-08,Healthcare,-0.011314285714285706,-0.03927142857142858
2023-09-11,Healthcare,0.3073444444444444,0.16165000000000002
2023-09-12,Healthcare,0.12167368421052631,0.16446315789473684
2023-09-13,Healthcare,0.006707692307692321,0.08996923076923077
2023-09-14,Healthcare,0.14271250000000002,0.1633
2023-09-15,Healthcare,0.08913333333333334,0.02623333333333334
2023-09-18,Healthcare,0.0004375000000000004,0.05689374999999999
2023-09-19,Healthcare,0.08391428571428572,0.17745714285714284
2023-09-20,Healthcare,0.0343875,0.018199999999999997
2023-09-21,Healthcare,-0.10767857142857143,0.03552857142857142
2023-09-22,Healthcare,0.19632999999999998,0.04292000000000001
2023-09-25,Healthcare,-0.15067500000000003,-0.052
2023-09-26,Healthcare,0.06418000000000003,0.07926666666666667
2023-09-27,Healthcare,0.11489285714285714,0.048857142857142856
2023-09-28,Healthcare,0.24580000000000002,0.1494
2023-09-29,Healthcare,0.10673636363636363,0.048027272727272724
2023-10-02,Healthcare,0.02901250000000001,0.05464375
2023-10-03,Healthcare,0.044360714285714295,0.006417857142857146
2023-10-04,Healthcare,0.19897142857142855,0.15934285714285717
2023-10-05,Healthcare,0.16665555555555556,0.12215555555555557
2023-10-06,Healthcare,-0.03415,-0.0369125
2023-10-09,Healthcare,0.050708333333333334,0.14569166666666666
2023-10-10,Healthcare,0.3378384615384616,0.15364615384615388
2023-10-11,Healthcare,-0.01984,0.11028666666666666
2023-10-12,Healthcare,0.034563157894736844,0.023073684210526312
2023-10-13,Healthcare,0.028430769230769235,0.050130769230769236
2023-10-16,Healthcare,0.03489285714285715,0.10544285714285714
2023-10-17,Healthcare,-0.01668749999999998,0.22416875
2023-10-18,Healthcare,0.1614578947368421,0.08098947368421053
2023-10-19,Healthcare,0.015899999999999997,-0.04126969696969698
2023-10-20,Healthcare,0.14999600000000002,0.09417199999999999
2023-10-23,Healthcare,0.04832777777777778,0.00908888888888889
2023-10-24,Healthcare,0.04295416666666668,0.004208333333333332
2023-10-25,Healthcare,0.11902941176470587,0.1354
2023-10-26,Healthcare,0.10089999999999999,0.06894545454545455
2023-10-27,Healthcare,0.21071600000000001,0.14311200000000002
2023-10-30,Healthcare,0.13821739130434785,0.0984304347826087
2023-10-31,Healthcare,0.061609523809523815,0.015742857142857142
2023-11-01,Healthcare,0.10963421052631579,0.18971315789473683
2023-11-02,Healthcare,0.07768000000000001,0.14367000000000002
2023-11-03,Healthcare,0.139732,0.172332
2023-11-06,Healthcare,0.1216,0.24591
2023-11-07,Healthcare,0.13257142857142856,0.048023809523809524
2023-11-08,Healthcare,0.20162999999999998,0.190615
2023-11-09,Healthcare,0.0899529411764706,0.03992941176470589
2023-11-10,Healthcare,0.22466086956521736,0.1804913043478261
2023-11-13,Healthcare,0.0873846153846154,0.13875384615384614
2023-11-14,Healthcare,0.15311052631578947,0.03764210526315789
2023-11-15,Healthcare,0.07396666666666668,0.075
2023-11-16,Healthcare,0.11783999999999999,0.16924
2023-11-17,Healthcare,0.011411111111111113,-0.010799999999999995
2023-11-20,Healthcare,0.11624615384615386,0.20453846153846156
2023-11-21,Healthcare,0.18164615384615385,0.08354615384615385
2023-11-22,Healthcare,0.08192500000000001,0.10045
2023-11-24,Healthcare,0.157725,0.090925
2023-11-27,Healthcare,0.07183846153846153,0.09296153846153846
2023-11-28,Healthcare,0.24546363636363636,0.07988181818181818
2023-11-29,Healthcare,0.10907777777777776,0.05193333333333334
2023-11-30,Healthcare,0.1157,0.019366666666666664
2023-12-01,Healthcare,0.11087272727272728,0.1149409090909091
2023-12-04,Healthcare,0.0,0.05450000000000001
2023-12-05,Healthcare,0.08464666666666668,-0.016586666666666663
2023-12-06,Healthcare,0.1618714285714286,0.12845714285714285
2023-12-07,Healthcare,0.17996666666666666,0.09832666666666667
2023-12-08,Healthcare,0.11607407407407407,0.014796296296296304
2023-12-11,Healthcare,-0.019875000000000004,0.0071312500000000004
2023-12-12,Healthcare,0.18672000000000002,0.08560571428571428
2023-12-13,Healthcare,0.06061818181818182,0.06306818181818181
2023-12-14,Healthcare,0.08258235294117648,0.1773941176470588
2023-12-15,Healthcare,0.144675,0.19792500000000002
2023-12-18,Healthcare,0.0,0.009
2023-12-19,Healthcare,0.15268529411764706,0.0945735294117647
2020-01-03,Industrials,0.05055384615384616,0.04774615384615385
2020-01-06,Industrials,-0.13294285714285714,-0.2018142857142857
2020-01-07,Industrials,0.08877857142857144,0.026128571428571425
2020-01-08,Industrials,0.07422307692307693,0.005653846153846153
2020-01-09,Industrials,0.03559999999999999,0.018458333333333337
2020-01-10,Industrials,0.044955555555555554,0.014633333333333332
2020-01-13,Industrials,0.09217499999999999,0.041949999999999994
2020-01-14,Industrials,0.12307000000000001,0.06969
2020-01-15,Industrials,0.14794,0.14911999999999997
2020-01-16,Industrials,-0.1182,-0.04709000000000001
2020-01-17,Industrials,0.20829999999999999,-0.033600000000000005
2020-01-21,Industrials,0.18518333333333334,0.062275000000000004
2020-01-22,Industrials,0.10461875,-0.002937499999999999
2020-01-23,Industrials,-0.03488333333333333,-0.027483333333333332
2020-01-24,Industrials,0.04549285714285715,0.0697
2020-01-27,Industrials,0.10126363636363638,0.026636363636363635
2020-01-28,Industrials,0.047605555555555554,0.07682222222222222
2020-01-29,Industrials,-0.03232058823529412,0.008970588235294117
2020-01-30,Industrials,0.021724999999999994,0.04309999999999999
2020-01-31,Industrials,0.1685076923076923,0.08643846153846153
2020-02-03,Industrials,0.010600000000000005,-0.04823461538461538
2020-02-04,Industrials,0.07005,0.06952142857142858
2020-02-05,Industrials,0.15677272727272726,0.1079090909090909
2020-02-06,Industrials,0.10939166666666666,0.08779999999999999
2020-02-07,Industrials,-0.012866666666666667,0.06558333333333334
2020-02-10,Industrials,-0.0037499999999999942,-0.036100000000000014
2020-02-11,Industrials,0.044136842105263155,-0.010489473684210526
2020-02-12,Industrials,-0.04295714285714285,-0.10992857142857142
2020-02-13,Industrials,0.08791428571428571,0.19221428571428573
2020-02-14,Industrials,0.05344285714285714,-0.04977857142857143
2020-02-18,Industrials,0.24696923076923077,0.1862923076923077
2020-02-19,Industrials,0.007639999999999999,0.05716
2020-02-20,Industrials,0.1931166666666667,0.22091666666666668
2020-02-21,Industrials,0.15941,0.07075000000000001
2020-02-24,Industrials,0.10778571428571428,0.11582857142857142
2020-02-25,Industrials,0.08941428571428571,0.06863809523809523
2020-02-26,Industrials,-0.01660000000000001,-0.09246666666666668
2020-02-27,Industrials,0.06340666666666667,0.03995333333333333
2020-02-28,Industrials,0.058533333333333326,0.04276666666666667
2020-03-02,Industrials,0.06338749999999999,-0.01105
2020-03-03,Industrials,-0.010725000000000005,0.1592375
2020-03-04,Industrials,0.18639999999999998,0.09144
2020-03-05,Industrials,0.061674999999999994,0.08531000000000001
2020-03-06,Industrials,0.11830833333333333,0.03403333333333334
2020-03-09,Industrials,0.07754444444444444,-0.0437
2020-03-10,Industrials,-0.00683076923076923,-0.13015384615384615
2020-03-11,Industrials,-0.11635000000000001,0.030233333333333338
2020-03-12,Industrials,0.09668571428571429,-0.011128571428571423
2020-03-13,Industrials,-0.1776888888888889,-0.13454444444444447
2020-03-16,Industrials,0.026922222222222222,0.011688888888888888
2020-03-17,Industrials,0.05222608695652174,0.024839130434782607
2020-03-18,Industrials,0.039271428571428575,-0.017192857142857145
2020-03-19,Industrials,-0.035105882352941174,0.0033000000000000013
2020-03-20,Industrials,0.013093749999999998,0.04371875
2020-03-23,Industrials,0.10448421052631579,0.10392105263157894
2020-03-24,Industrials,-0.06715652173913045,-0.0014217391304347817
2020-03-25,Industrials,0.09224444444444445,0.10651111111111111
2020-03-26,Industrials,0.09174285714285714,0.09132857142857143
2020-03-27,Industrials,0.10041578947368421,0.0007000000000000018
2020-03-30,Industrials,0.17055714285714285,0.04915238095238094
2020-03-31,Industrials,0.033131818181818186,0.03955454545454546
2020-04-01,Industrials,0.0501590909090909,0.06097272727272727
2020-04-02,Industrials,0.05325333333333335,0.048920000000000005
2020-04-03,Industrials,-0.029347368421052632,0.02846315789473684
2020-04-06,Industrials,-0.05797727272727272,0.014693181818181826
2020-04-07,Industrials,0.05548478260869566,0.06640652173913042
2020-04-08,Industrials,0.13078529411764706,0.1866735294117647
2020-04-09,Industrials,0.1784102564102564,0.16732564102564104
2020-04-13,Industrials,0.07331071428571426,0.056796428571428574
2020-04-14,Industrials,0.013011111111111109,0.007191666666666658
2020-04-15,Industrials,0.18384193548387096,0.1339516129032258
2020-04-16,Industrials,0.017450000000000004,-0.05616666666666667
2020-04-17,Industrials,0.020486956521739118,0.053230434782608686
2020-04-20,Industrials,0.18040645161290322,0.16795483870967742
2020-04-21,Industrials,0.05225925925925926,0.02785555555555556
2020-04-22,Industrials,0.03347500000000001,0.028529999999999993
2020-04-23,Industrials,0.09237333333333334,-0.030086666666666675
2020-04-24,Industrials,0.17208333333333334,0.05227500000000001
2020-04-27,Industrials,0.018000000000000002,0.01335
2020-04-28,Industrials,0.09793866666666666,0.035668
2020-04-29,Industrials,0.07532837837837839,0.07267432432432433
2020-04-30,Industrials,0.10010588235294117,0.10607941176470588
2020-05-01,Industrials,0.018314285714285714,0.011704761904761904
2020-05-04,Industrials,-0.09121777777777777,-0.03428222222222222
2020-05-05,Industrials,-0.057231428571428565,-0.04482571428571429
2020-05-06,Industrials,0.10543225806451612,0.08501612903225807
2020-05-07,Industrials,0.12602499999999997,-0.015566666666666664
2020-05-08,Industrials,0.022214285714285718,0.07677857142857143
2020-05-11,Industrials,-0.07305,0.029958333333333333
2020-05-12,Industrials,0.2248157894736842,0.13912631578947368
2020-05-13,Industrials,-0.029728571428571427,-0.05747142857142857
2020-05-14,Industrials,-0.03494736842105263,-0.05316842105263158
2020-05-15,Industrials,0.008359259259259262,-0.008381481481481488
2020-05-18,Industrials,-0.12723157894736842,-0.10738947368421052
2020-05-19,Industrials,0.32832307692307694,0.21816923076923075
2020-05-20,Industrials,-0.004983333333333321,-0.09090833333333333
2020-05-21,Industrials,0.285525,0.26037499999999997
2020-05-22,Industrials,0.020055555555555556,0.058255555555555553
2020-05-26,Industrials,0.20825,-0.030225000000000002
2020-05-27,Industrials,0.1711625,0.11601875
2020-05-28,Industrials,0.21147037037037036,0.16280740740740743
2020-05-29,Industrials,0.11598444444444443,0.058704444444444455
2020-06-01,Industrials,0.11502307692307692,-0.03855384615384616
2020-06-02,Industrials,0.04870526315789473,0.07843684210526317
2020-06-03,Industrials,0.25463571428571424,0.1711357142857143
2020-06-04,Industrials,0.2073243243243243,0.12884594594594595
2020-06-05,Industrials,0.11175500000000001,0.0659
2020-06-08,Industrials,0.245324,0.258424
2020-06-09,Industrials,0.10312400000000001,0.133352
2020-06-10,Industrials,0.09785416666666669,0.10609583333333335
2020-06-11,Industrials,0.103375,0.08195
2020-06-12,Industrials,-0.023388,-0.046196
2020-06-15,Industrials,-0.004359999999999995,0.040593333333333335
2020-06-16,Industrials,0.031763636363636355,-0.006590909090909094
2020-06-17,Industrials,0.09909583333333333,0.18687083333333332
2020-06-18,Industrials,0.0,0.004433333333333333
2020-06-19,Industrials,-0.08709,-0.013269999999999995
2020-06-22,Industrials,0.08808,0.08558
2020-06-23,Industrials,0.15844999999999998,0.08958333333333335
2020-06-24,Industrials,0.24276666666666663,0.35986666666666667
2020-06-25,Industrials,-0.12185384615384616,-0.043653846153846154
2020-06-26,Industrials,0.012304999999999996,0.005230000000000002
2020-06-29,Industrials,0.008291666666666668,0.08574999999999999
2020-06-30,Industrials,0.21039333333333332,0.21175333333333332
2020-07-01,Industrials,0.08153999999999999,0.0322
2020-07-02,Industrials,0.18919166666666665,0.16920000000000002
2020-07-06,Industrials,0.012640000000000004,0.07181333333333333
2020-07-07,Industrials,-0.06646250000000001,-0.023406249999999997
2020-07-08,Industrials,0.085475,0.09268749999999999
2020-07-09,Industrials,0.14571,0.02252
2020-07-10,Industrials,-0.0023599999999999845,-0.13096000000000002
2020-07-13,Industrials,-0.13194444444444445,-0.07754444444444446
2020-07-14,Industrials,0.2612,0.16040000000000001
2020-07-15,Industrials,0.07504705882352941,0.09156470588235294
2020-07-16,Industrials,0.179125,0.1288875
2020-07-17,Industrials,0.003266666666666667,0.0184
2020-07-20,Industrials,-0.0843,-0.02916
2020-07-21,Industrials,0.0033642857142857246,0.09325714285714286
2020-07-22,Industrials,0.13737777777777777,-0.0643
2020-07-23,Industrials,-0.02602857142857143,-0.04697142857142857
2020-07-24,Industrials,0.03320833333333333,0.04293333333333333
2020-07-27,Industrials,-0.007885714285714274,-0.11545000000000001
2020-07-28,Industrials,0.09512307692307694,0.03805384615384616
2020-07-29,Industrials,-0.031113793103448275,-0.10842413793103446
2020-07-30,Industrials,0.05562750000000001,0.04360750000000001
2020-07-31,Industrials,0.12498695652173912,0.06947391304347826
2020-08-03,Industrials,-0.009487499999999996,-0.13143749999999998
2020-08-04,Industrials,-0.052159259259259266,0.017192592592592596
2020-08-05,Industrials,0.015887499999999995,-0.06824999999999999
2020-08-06,Industrials,0.05896666666666667,-0.004550000000000003
2020-08-07,Industrials,0.26996,0.14001999999999998
2020-08-10,Industrials,0.09517499999999998,0.09587499999999999
2020-08-11,Industrials,0.14497,0.13813999999999999
2020-08-12,Industrials,0.017991666666666673,-0.04858333333333333
2020-08-13,Industrials,-0.03221818181818182,0.0018181818181818169
2020-08-14,Industrials,-0.0563125,-0.00582499999999999
2020-08-17,Industrials,0.016583333333333325,0.06094166666666667
2020-08-18,Industrials,0.15567272727272727,0.16204545454545458
2020-08-19,Industrials,0.39005,0.14
2020-08-20,Industrials,0.16081666666666666,0.138725
2020-08-21,Industrials,0.1968285714285714,0.10197857142857143
2020-08-24,Industrials,0.02225,-0.09457857142857143
2020-08-25,Industrials,0.22059374999999998,0.101475
2020-08-26,Industrials,0.109525,0.005637499999999997
2020-08-27,Industrials,0.005687499999999998,-0.1278625
2020-08-28,Industrials,0.10127,0.11630499999999999
2020-08-31,Industrials,0.0222375,0.0169375
2020-09-01,Industrials,0.19943125,0.016168750000000003
2020-09-02,Industrials,0.09885,0.17955000000000002
2020-09-03,Industrials,0.18880000000000002,0.19342499999999999
2020-09-04,Industrials,0.11512,0.1012
2020-09-08,Industrials,0.0,0.01008
2020-09-09,Industrials,0.04275,-0.07579375000000001
2020-09-10,Industrials,0.09905,-0.04667000000000001
2020-09-11,Industrials,0.0482,0.027625
2020-09-14,Industrials,-0.006899999999999996,-0.038100000000000016
2020-09-15,Industrials,0.08791,0.00994
2020-09-16,Industrials,0.012283333333333332,-0.021199999999999997
2020-09-17,Industrials,0.1638166666666667,0.09172916666666668
2020-09-18,Industrials,0.13827407407407408,0.061937037037037034
2020-09-21,Industrials,0.30301666666666666,0.13635
2020-09-22,Industrials,0.013818750000000008,0.07165
2020-09-23,Industrials,0.18928333333333333,0.03975833333333333
2020-09-24,Industrials,0.1357875,0.026600000000000002
2020-09-25,Industrials,-0.03563636363636364,0.010072727272727263
2020-09-28,Industrials,-0.08427272727272729,0.02753181818181818
2020-09-29,Industrials,0.1446,0.12758571428571427
2020-09-30,Industrials,0.102975,0.10522499999999999
2020-10-01,Industrials,0.1733105263157895,0.04326315789473684
2020-10-02,Industrials,0.20649047619047617,0.11999047619047619
2020-10-05,Industrials,0.0771,0.006433333333333333
2020-10-06,Industrials,0.16149999999999998,0.08802352941176472
2020-10-07,Industrials,-0.05371052631578946,-0.055115789473684215
2020-10-08,Industrials,-0.04018333333333335,-0.007816666666666664
2020-10-09,Industrials,0.1248,0.008888888888888885
2020-10-12,Industrials,0.26164166666666666,0.23105833333333334
2020-10-13,Industrials,0.05595294117647059,0.006564705882352952
2020-10-14,Industrials,0.20744374999999998,0.10299375
2020-10-15,Industrials,0.2394625,0.119275
2020-10-16,Industrials,0.1144090909090909,-0.022918181818181817
2020-10-19,Industrials,0.25070500000000007,0.152585
2020-10-20,Industrials,0.22111052631578945,0.11563684210526315
2020-10-21,Industrials,0.09581666666666666,0.0899
2020-10-22,Industrials,0.10855,0.09435
2020-10-23,Industrials,-0.14697,-0.033580000000000006
2020-10-26,Industrials,0.2838142857142857,0.1394
2020-10-27,Industrials,0.1331904761904762,0.058261904761904765
2020-10-28,Industrials,-0.044909523809523816,-0.0304952380952381
2020-10-29,Industrials,0.0035418604651162814,-0.017079069767441855
2020-10-30,Industrials,-0.07302857142857143,0.040557142857142854
2020-11-02,Industrials,0.04812999999999999,0.0013050000000000006
2020-11-03,Industrials,0.17192105263157895,0.05339473684210526
2020-11-04,Industrials,0.167925,0.1645375
2020-11-05,Industrials,0.23037000000000002,0.15560999999999997
2020-11-06,Industrials,0.09205,0.06889166666666667
2020-11-09,Industrials,-0.029927272727272723,0.028018181818181817
2020-11-10,Industrials,0.17329032258064517,0.13687741935483871
2020-11-11,Industrials,0.0950103448275862,0.03286551724137931
2020-11-12,Industrials,0.07143636363636365,0.027254545454545455
2020-11-13,Industrials,-0.013371428571428578,-0.0707
2020-11-16,Industrials,0.08341818181818182,0.13800909090909091
2020-11-17,Industrials,0.137012,0.09003200000000001
2020-11-18,Industrials,0.0815,0.04395555555555555
2020-11-19,Industrials,0.035838461538461534,0.09732692307692307
2020-11-20,Industrials,0.06736,0.03129
2020-11-23,Industrials,0.1381888888888889,0.12085555555555555
2020-11-24,Industrials,0.11950909090909091,0.07978181818181818
2020-11-25,Industrials,0.10085357142857142,0.09396785714285714
2020-11-27,Industrials,0.1965083333333333,0.2161166666666667
2020-11-30,Industrials,0.09205555555555556,0.11775555555555556
2020-12-01,Industrials,0.08519375,-0.036425
2020-12-02,Industrials,0.10263,0.10705
2020-12-03,Industrials,0.0424090909090909,0.0785
2020-12-04,Industrials,0.14596333333333336,0.19960333333333333
2020-12-07,Industrials,-0.048907142857142864,0.06465714285714287
2020-12-08,Industrials,0.10295000000000001,0.048389999999999996
2020-12-09,Industrials,-0.05721052631578948,-0.05315263157894737
2020-12-10,Industrials,-0.13688695652173913,-0.03479130434782608
2020-12-11,Industrials,0.01974615384615385,-0.01206923076923077
2020-12-14,Industrials,0.006205555555555544,-0.031566666666666666
2020-12-15,Industrials,0.12686666666666668,0.13746666666666665
2020-12-16,Industrials,0.1833428571428571,-0.030314285714285717
2020-12-17,Industrials,0.11149285714285714,-0.017214285714285713
2020-12-18,Industrials,0.2675714285714285,0.18047857142857143
2020-12-21,Industrials,0.04385,0.10048333333333333
2020-12-22,Industrials,0.0845763157894737,0.03502631578947368
2020-12-23,Industrials,0.12152727272727272,0.08187272727272726
2020-12-24,Industrials,0.1714,0.10032999999999999
2020-12-28,Industrials,0.306025,0.22744999999999999
2020-12-29,Industrials,0.17915833333333334,0.07219166666666667
2020-12-30,Industrials,0.13626,0.1051
2020-12-31,Industrials,0.09083636363636363,0.07676363636363637
2021-01-04,Industrials,0.0698,0.007949999999999994
2021-01-05,Industrials,0.05292307692307692,0.10593846153846154
2021-01-06,Industrials,0.12849285714285716,0.19542857142857145
2021-01-07,Industrials,0.184925,0.06131500000000001
2021-01-08,Industrials,-0.033342857142857146,0.05577142857142857
2021-01-11,Industrials,-0.04494666666666666,-0.020686666666666666
2021-01-12,Industrials,0.032085,-0.08062
2021-01-13,Industrials,0.1393866666666667,0.10183333333333335
2021-01-14,Industrials,0.10695333333333333,-0.010686666666666667
2021-01-15,Industrials,0.1449125,-0.04842499999999999
2021-01-19,Industrials,0.007663636363636367,-0.07679090909090909
2021-01-20,Industrials,-0.023448000000000007,0.06925999999999999
2021-01-21,Industrials,0.024666666666666667,0.0898
2021-01-22,Industrials,0.020424999999999985,0.14607499999999998
2021-01-25,Industrials,-0.026500000000000006,0.008166666666666655
2021-01-26,Industrials,0.1095923076923077,0.06968846153846155
2021-01-27,Industrials,0.16838684210526314,0.21000789473684212
2021-01-28,Industrials,-0.024834374999999992,-0.07832187499999999
2021-01-29,Industrials,0.10753499999999998,0.032995
2021-02-01,Industrials,0.14192631578947368,-0.018131578947368426
2021-02-02,Industrials,-0.023299999999999998,0.03805263157894738
2021-02-03,Industrials,0.152995,0.15427
2021-02-04,Industrials,0.07071111111111111,0.07412222222222223
2021-02-05,Industrials,0.18462,0.1705
2021-02-08,Industrials,0.009539999999999998,-0.015140000000000004
2021-02-09,Industrials,0.16173157894736842,0.0799157894736842
2021-02-10,Industrials,0.09219166666666667,0.009375000000000003
2021-02-11,Industrials,0.055153333333333346,0.0343
2021-02-12,Industrials,-0.05852222222222222,-0.036000000000000004
2021-02-16,Industrials,0.2303,0.13095454545454543
2021-02-17,Industrials,-0.13394999999999999,-0.10093333333333333
2021-02-18,Industrials,-0.023777777777777787,-0.0690111111111111
2021-02-19,Industrials,0.062085714285714286,0.030385714285714287
2021-02-22,Industrials,0.20214615384615386,0.045261538461538464
2021-02-23,Industrials,0.06768636363636364,0.1233318181818182
2021-02-24,Industrials,0.04432222222222222,0.11113333333333333
2021-02-25,Industrials,-0.022600000000000002,0.002523809523809524
2021-02-26,Industrials,0.016971428571428564,0.03187857142857143
2021-03-01,Industrials,-0.04751666666666665,0.11827500000000002
2021-03-02,Industrials,0.144236,0.18296400000000002
2021-03-03,Industrials,0.04083333333333334,0.0025777777777777748
2021-03-04,Industrials,0.05500625,0.009856249999999997
2021-03-05,Industrials,0.11318888888888888,0.035699999999999996
2021-03-08,Industrials,0.006000000000000005,-0.049229999999999996
2021-03-09,Industrials,0.12482173913043479,0.14901739130434782
2021-03-10,Industrials,0.18882666666666664,0.10181333333333333
2021-03-11,Industrials,-0.05631111111111111,0.0049888888888888925
2021-03-12,Industrials,0.15355238095238097,0.1697142857142857
2021-03-15,Industrials,0.17101818181818182,0.04368181818181818
2021-03-16,Industrials,0.2044642857142857,0.03904285714285714
2021-03-17,Industrials,-0.058837499999999994,-0.030225000000000005
2021-03-18,Industrials,-0.16115714285714283,-0.04935714285714286
2021-03-19,Industrials,0.009057142857142866,-0.04063571428571428
2021-03-22,Industrials,-0.06653333333333332,-0.00043333333333333185
2021-03-23,Industrials,0.077875,0.08929999999999999
2021-03-24,Industrials,0.06341666666666668,0.016583333333333342
2021-03-25,Industrials,-0.005662500000000008,-0.07217499999999999
2021-03-26,Industrials,-0.068,0.07783999999999999
2021-03-29,Industrials,0.16021818181818182,0.10300909090909091
2021-03-30,Industrials,0.1327681818181818,0.035331818181818186
2021-03-31,Industrials,0.05687,-0.08410000000000001
2021-04-01,Industrials,0.17784545454545456,0.2175
2021-04-05,Industrials,0.0484875,0.0696125
2021-04-06,Industrials,0.26889285714285716,0.21769999999999998
2021-04-07,Industrials,-0.028107692307692302,0.06793076923076923
2021-04-08,Industrials,0.07871111111111112,0.1577666666666667
2021-04-09,Industrials,0.029266666666666663,-0.03211666666666666
2021-04-12,Industrials,0.17965625000000002,0.1285125
2021-04-13,Industrials,0.21673333333333333,0.022583333333333334
2021-04-14,Industrials,0.32344285714285714,0.20122857142857145
2021-04-15,Industrials,0.20101538461538462,0.1591076923076923
2021-04-16,Industrials,0.31328333333333336,0.19061666666666666
2021-04-19,Industrials,-0.053524999999999996,-0.049312499999999995
2021-04-20,Industrials,0.2057692307692308,0.05708461538461539
2021-04-21,Industrials,0.01541250000000001,-0.005612499999999996
2021-04-22,Industrials,0.06912499999999999,-0.04227500000000001
2021-04-23,Industrials,0.056400000000000006,0.04329
2021-04-26,Industrials,0.06345999999999999,0.10046999999999999
2021-04-27,Industrials,0.1251,0.09823571428571429
2021-04-28,Industrials,0.14192115384615384,0.06147500000000001
2021-04-29,Industrials,-0.055238709677419354,-0.04774516129032258
2021-04-30,Industrials,0.0746904761904762,0.1188904761904762
2021-05-03,Industrials,0.06016000000000001,-0.023349999999999996
2021-05-04,Industrials,0.0066200000000000035,-0.04512666666666667
2021-05-05,Industrials,-0.004581249999999995,0.0005812500000000054
2021-05-06,Industrials,0.14977600000000002,0.21224
2021-05-07,Industrials,0.1925625,0.1239875
2021-05-10,Industrials,-0.07472222222222223,-0.02595555555555555
2021-05-11,Industrials,0.2406,0.14235714285714285
2021-05-12,Industrials,0.0487923076923077,-0.05077692307692308
2021-05-13,Industrials,0.16469999999999999,0.2087076923076923
2021-05-14,Industrials,0.09145384615384616,0.06746153846153846
2021-05-17,Industrials,0.11334285714285712,0.005614285714285715
2021-05-18,Industrials,-0.030872727272727274,-0.05883636363636364
2021-05-19,Industrials,0.016172727272727273,0.10695454545454544
2021-05-20,Industrials,0.09989999999999999,0.10944999999999999
2021-05-21,Industrials,0.23156666666666667,0.26356666666666667
2021-05-24,Industrials,0.401575,0.091625
2021-05-25,Industrials,0.12840000000000001,0.14805714285714286
2021-05-26,Industrials,0.0,0.0161
2021-05-27,Industrials,0.056442857142857135,0.05042857142857143
2021-05-28,Industrials,0.12043333333333332,0.049019999999999994
2021-06-01,Industrials,0.0903,0.092225
2021-06-02,Industrials,0.22455555555555554,0.09797777777777777
2021-06-03,Industrials,0.10194999999999999,-0.1422
2021-06-04,Industrials,0.18406666666666668,0.1126888888888889
2021-06-07,Industrials,0.18631111111111112,0.20295555555555558
2021-06-08,Industrials,0.18954285714285715,0.2038
2021-06-09,Industrials,0.11381999999999999,0.03884
2021-06-10,Industrials,0.056190000000000004,0.055349999999999996
2021-06-11,Industrials,0.1442625,0.08761250000000001
2021-06-14,Industrials,0.4168,0.09638
2021-06-15,Industrials,0.06364,-0.13984
2021-06-16,Industrials,-0.019828571428571425,-0.09904285714285714
2021-06-17,Industrials,0.18738333333333335,0.15030000000000002
2021-06-18,Industrials,0.0,0.00925
2021-06-21,Industrials,-0.017724999999999998,-0.079025
2021-06-22,Industrials,0.1614357142857143,0.0005214285714285695
2021-06-23,Industrials,-0.02965000000000001,-0.14585
2021-06-24,Industrials,0.08808,0.015480000000000002
2021-06-25,Industrials,0.0289,0.10490000000000001
2021-06-28,Industrials,0.08641666666666666,0.16396666666666668
2021-06-29,Industrials,0.25165714285714286,0.16071428571428573
2021-06-30,Industrials,0.20848333333333335,0.20951666666666666
2021-07-01,Industrials,0.09152,0.0018
2021-07-02,Industrials,0.2395142857142857,0.12274285714285714
2021-07-06,Industrials,0.01896666666666667,0.018533333333333346
2021-07-07,Industrials,0.005025000000000002,0.010975
2021-07-08,Industrials,0.233575,0.095625
2021-07-09,Industrials,0.213625,0.00615
2021-07-12,Industrials,0.08927142857142857,0.0337
2021-07-13,Industrials,0.20373999999999998,0.22383999999999998
2021-07-14,Industrials,-0.1426,-0.04083333333333332
2021-07-15,Industrials,0.08808,0.08066
2021-07-16,Industrials,0.0,-0.04425
2021-07-19,Industrials,0.25020000000000003,0.1576
2021-07-20,Industrials,0.05326363636363636,0.013172727272727268
2021-07-21,Industrials,0.0,0.0
2021-07-22,Industrials,0.14038571428571428,-0.0846
2021-07-23,Industrials,0.18158333333333335,0.07003333333333332
2021-07-26,Industrials,0.155475,0.3980875
2021-07-27,Industrials,-0.06612142857142857,0.06819285714285714
2021-07-28,Industrials,0.12233548387096774,0.09843548387096773
2021-07-29,Industrials,0.2317,0.04260000000000001
2021-07-30,Industrials,0.1302125,0.1887375
2021-08-02,Industrials,0.13823333333333335,0.06814
2021-08-03,Industrials,0.09904117647058823,0.0746470588235294
2021-08-04,Industrials,0.10115,-0.1753
2021-08-05,Industrials,0.15796666666666667,0.22343333333333334
2021-08-06,Industrials,0.09888999999999999,0.05430999999999999
2021-08-09,Industrials,0.01465000000000001,-0.14902500000000002
2021-08-10,Industrials,0.26871999999999996,0.06810000000000001
2021-08-11,Industrials,0.11117142857142857,0.13467142857142858
2021-08-12,Industrials,0.14476923076923076,0.08975384615384616
2021-08-13,Industrials,0.0,0.2977
2021-08-16,Industrials,-0.09866666666666667,-0.15646666666666667
2021-08-17,Industrials,0.12816999999999998,0.06891
2021-08-18,Industrials,0.1858,0.1255666666666667
2021-08-19,Industrials,-0.09202500000000001,-0.1579125
2021-08-20,Industrials,0.14049999999999999,0.14573333333333335
2021-08-23,Industrials,-0.31379999999999997,-0.3264
2021-08-24,Industrials,0.3266166666666666,0.07309999999999998
2021-08-25,Industrials,0.19853333333333334,0.07591666666666667
2021-08-26,Industrials,0.09075,0.24321666666666666
2021-08-27,Industrials,0.0,0.01058
2021-08-30,Industrials,0.23263999999999996,0.07183000000000002
2021-08-31,Industrials,0.09301666666666668,0.06618333333333333
2021-09-01,Industrials,0.30300000000000005,0.13624
2021-09-02,Industrials,0.0,0.0097
2021-09-03,Industrials,0.09672499999999999,0.026300000000000004
2021-09-07,Industrials,0.03136666666666668,-0.013088888888888891
2021-09-08,Industrials,0.18571999999999997,0.060119999999999986
2021-09-09,Industrials,0.24326666666666666,0.16565
2021-09-10,Industrials,0.0,0.0045
2021-09-13,Industrials,-0.0353,0.0051142857142857144
2021-09-14,Industrials,0.10609999999999999,-0.016857142857142855
2021-09-15,Industrials,0.059199999999999996,0.01034
2021-09-16,Industrials,0.065925,-0.08545000000000001
2021-09-17,Industrials,0.10047499999999998,0.01195
2021-09-20,Industrials,0.0,0.0
2021-09-21,Industrials,-0.03357272727272726,-0.11296363636363636
2021-09-22,Industrials,-0.056575,-0.055925
2021-09-23,Industrials,0.06291428571428571,-0.004699999999999998
2021-09-24,Industrials,0.21368,0.10812000000000002
2021-09-27,Industrials,0.018285714285714287,0.023357142857142858
2021-09-28,Industrials,0.03848333333333334,0.06295833333333332
2021-09-29,Industrials,0.28683333333333333,0.30616666666666664
2021-09-30,Industrials,0.14049999999999999,0.12383333333333334
2021-10-01,Industrials,0.14558749999999998,0.0332375
2021-10-04,Industrials,0.21075,0.2154
2021-10-05,Industrials,0.05641111111111111,0.1642777777777778
2021-10-06,Industrials,0.04228571428571428,0.1983285714285714
2021-10-07,Industrials,-0.18934545454545457,-0.20054545454545455
2021-10-08,Industrials,0.0,0.009
2021-10-11,Industrials,0.17143333333333333,-0.09493333333333336
2021-10-12,Industrials,0.4694,0.372275
2021-10-13,Industrials,0.0,0.3559
2021-10-14,Industrials,0.07764285714285714,0.20864285714285716
2021-10-15,Industrials,0.29486,0.30952
2021-10-18,Industrials,0.32362,0.12155999999999997
2021-10-19,Industrials,0.15065714285714285,0.0581
2021-10-20,Industrials,0.127025,0.02655
2021-10-21,Industrials,-0.00019999999999998909,0.00516
2021-10-22,Industrials,-0.02567272727272727,-0.08086363636363636
2021-10-25,Industrials,0.156225,0.008375
2021-10-26,Industrials,0.03492727272727273,0.04258181818181819
2021-10-27,Industrials,0.11756486486486487,0.22743783783783786
2021-10-28,Industrials,0.01379166666666666,0.027566666666666666
2021-10-29,Industrials,0.1611681818181818,0.14098181818181818
2021-11-01,Industrials,0.031136363636363632,0.1889909090909091
2021-11-02,Industrials,0.21230000000000002,0.12843333333333332
2021-11-03,Industrials,0.125475,0.179775
2021-11-04,Industrials,0.09038333333333333,0.009683333333333334
2021-11-05,Industrials,0.05183333333333334,0.19936666666666666
2021-11-08,Industrials,0.21635,0.163575
2021-11-09,Industrials,0.021569230769230764,0.039476923076923076
2021-11-10,Industrials,0.10804090909090909,0.07517272727272727
2021-11-11,Industrials,-0.005081250000000034,-0.1098125
2021-11-12,Industrials,0.183825,0.2058
2021-11-15,Industrials,0.38117999999999996,0.10346
2021-11-16,Industrials,0.25345555555555555,0.05044444444444444
2021-11-17,Industrials,0.1967272727272727,0.1681181818181818
2021-11-18,Industrials,0.10889,0.01058
2021-11-19,Industrials,0.041833333333333333,0.01886666666666666
2021-11-22,Industrials,-0.11036666666666667,-0.00046666666666666645
2021-11-23,Industrials,0.048685714285714284,0.04107142857142857
2021-11-24,Industrials,0.15253333333333333,0.12166666666666666
2021-11-26,Industrials,0.0,0.001925
2021-11-29,Industrials,-0.05738000000000001,-0.07238
2021-11-30,Industrials,0.02026,0.08036000000000001
2021-12-01,Industrials,0.12854000000000002,0.00466
2021-12-02,Industrials,-0.16142499999999999,-0.0735
2021-12-03,Industrials,-0.005099999999999999,-0.0218
2021-12-06,Industrials,0.159225,0.09615
2021-12-07,Industrials,0.3057625,0.020675000000000006
2021-12-08,Industrials,0.2259,0.16478333333333336
2021-12-09,Industrials,0.05725,0.16401666666666667
2021-12-10,Industrials,0.20584999999999998,0.111725
2021-12-13,Industrials,0.174875,0.016125
2021-12-14,Industrials,-0.02744,-0.037559999999999996
2021-12-15,Industrials,0.17517777777777777,0.11604444444444445
2021-12-16,Industrials,0.003250000000000003,0.09628571428571428
2021-12-17,Industrials,-0.029252631578947374,0.04588947368421052
2021-12-20,Industrials,0.008514285714285712,-0.10801428571428572
2021-12-21,Industrials,-0.009976470588235293,-0.0030000000000000053
2021-12-22,Industrials,0.14347999999999997,0.12674666666666667
2021-12-23,Industrials,0.30051666666666665,0.18234999999999998
2021-12-27,Industrials,0.07118571428571428,0.09072857142857142
2021-12-28,Industrials,0.22231818181818183,0.16342727272727273
2021-12-29,Industrials,-0.14401999999999998,0.26735
2021-12-30,Industrials,0.0796125,0.063
2021-12-31,Industrials,0.105375,0.112375
2022-01-03,Industrials,0.0,0.3097
2022-01-04,Industrials,0.16304000000000002,0.14965
2022-01-05,Industrials,0.17431000000000002,0.15214
2022-01-06,Industrials,0.1252375,0.1556875
2022-01-07,Industrials,0.02023,0.04605
2022-01-10,Industrials,0.11126923076923076,0.09188461538461537
2022-01-11,Industrials,0.1634625,0.21913749999999999
2022-01-12,Industrials,0.034935714285714285,0.09359285714285714
2022-01-13,Industrials,0.23193000000000003,0.25915
2022-01-14,Industrials,-0.03304166666666667,0.12314166666666666
2022-01-18,Industrials,0.1386625,0.0900375
2022-01-19,Industrials,0.031022727272727278,0.07102727272727273
2022-01-20,Industrials,0.09833333333333333,0.1293133333333333
2022-01-21,Industrials,0.16567500000000002,0.1481375
2022-01-24,Industrials,0.02936,0.07787999999999999
2022-01-25,Industrials,0.129324,0.07099200000000001
2022-01-26,Industrials,0.1117720930232558,0.04049534883720931
2022-01-27,Industrials,0.036164516129032265,0.015038709677419352
2022-01-28,Industrials,0.13907,0.11810999999999998
2022-01-31,Industrials,0.12090303030303029,0.14253030303030303
2022-02-01,Industrials,0.08342083333333333,0.03525416666666667
2022-02-02,Industrials,0.11977499999999999,0.10348571428571429
2022-02-03,Industrials,0.10095,0.06138333333333334
2022-02-04,Industrials,0.1570111111111111,0.14525555555555553
2022-02-07,Industrials,0.34922000000000003,0.2044
2022-02-08,Industrials,0.14220833333333333,0.01336666666666666
2022-02-09,Industrials,0.0359578947368421,0.025852631578947377
2022-02-10,Industrials,0.06743333333333333,0.0077333333333333325
2022-02-11,Industrials,0.003399999999999998,0.005742857142857142
2022-02-14,Industrials,0.10951111111111111,0.11732222222222223
2022-02-15,Industrials,-0.11302941176470588,-0.12099411764705884
2022-02-16,Industrials,0.03385833333333333,-0.005600000000000001
2022-02-17,Industrials,0.005676923076923079,-0.04376923076923077
2022-02-18,Industrials,0.08456875,0.0369125
2022-02-22,Industrials,0.0021000000000000094,-0.07425
2022-02-23,Industrials,0.07952000000000001,-0.02378666666666667
2022-02-24,Industrials,-0.02521111111111111,-0.08833333333333333
2022-02-25,Industrials,0.04602727272727272,0.03627272727272726
2022-02-28,Industrials,0.02407857142857143,0.03847857142857143
2022-03-01,Industrials,0.06663,-0.006380000000000008
2022-03-02,Industrials,0.0854125,0.0841875
2022-03-03,Industrials,0.045571428571428575,0.0772
2022-03-04,Industrials,0.19897,0.05178000000000001
2022-03-07,Industrials,0.1365818181818182,0.14137272727272726
2022-03-08,Industrials,0.13332,0.12029333333333334
2022-03-09,Industrials,-0.032284615384615384,-0.051930769230769225
2022-03-10,Industrials,0.1484222222222222,0.08956111111111112
2022-03-11,Industrials,0.010542105263157896,0.0877
2022-03-14,Industrials,0.08866,0.05451
2022-03-15,Industrials,0.26825000000000004,0.16375
2022-03-16,Industrials,0.18135,0.06810833333333334
2022-03-17,Industrials,0.028211111111111114,-0.05036666666666667
2022-03-18,Industrials,0.13280555555555554,0.022805555555555558
2022-03-21,Industrials,-0.013122222222222214,0.0652388888888889
2022-03-22,Industrials,-0.11648809523809524,-0.11299285714285714
2022-03-23,Industrials,-0.21531111111111112,-0.09816666666666667
2022-03-24,Industrials,0.01622,0.05241
2022-03-25,Industrials,-0.027977777777777768,0.02074444444444444
2022-03-28,Industrials,0.11592941176470586,0.08596470588235294
2022-03-29,Industrials,0.13826875,0.03796875000000001
2022-03-30,Industrials,0.11329285714285715,0.08225714285714288
2022-03-31,Industrials,0.210625,0.084525
2022-04-01,Industrials,0.18423333333333333,0.21036666666666667
2022-04-04,Industrials,0.04141818181818182,-0.03771818181818182
2022-04-05,Industrials,0.13065333333333334,0.09138666666666667
2022-04-06,Industrials,0.0512,0.0002411764705882414
2022-04-07,Industrials,0.1414421052631579,0.06535263157894738
2022-04-08,Industrials,0.02487272727272728,0.04218181818181818
2022-04-11,Industrials,0.1212,0.152525
2022-04-12,Industrials,0.03618823529411765,0.1005470588235294
2022-04-13,Industrials,-0.007450000000000007,-0.04962000000000001
2022-04-14,Industrials,0.05498000000000001,0.040639999999999996
2022-04-18,Industrials,0.16455,0.127
2022-04-19,Industrials,0.060187500000000005,0.1514375
2022-04-20,Industrials,0.11342999999999999,0.10755999999999999
2022-04-21,Industrials,0.0086857142857143,0.06494285714285715
2022-04-22,Industrials,0.173825,0.0908
2022-04-25,Industrials,-0.0959181818181818,-0.018199999999999997
2022-04-26,Industrials,0.1447166666666667,0.04186666666666666
2022-04-27,Industrials,-0.023899999999999998,-0.06313833333333332
2022-04-28,Industrials,0.063,0.052858064516129025
2022-04-29,Industrials,0.010073913043478253,0.2257695652173913
2022-05-02,Industrials,0.14687777777777777,0.12222777777777777
2022-05-03,Industrials,0.05693571428571428,0.09192857142857143
2022-05-04,Industrials,0.17639999999999997,0.08789999999999999
2022-05-05,Industrials,0.032462500000000005,0.0556375
2022-05-06,Industrials,-0.04919444444444444,-0.015038888888888886
2022-05-09,Industrials,0.1623333333333333,0.12596666666666664
2022-05-10,Industrials,0.07361764705882352,-0.02966470588235294
2022-05-11,Industrials,0.08392499999999999,0.10859166666666668
2022-05-12,Industrials,-0.0013249999999999998,0.07844999999999999
2022-05-13,Industrials,0.034027272727272725,-0.0592
2022-05-16,Industrials,0.040318181818181816,0.060472727272727275
2022-05-17,Industrials,0.09324444444444445,0.03842222222222222
2022-05-18,Industrials,0.04410714285714285,0.011899999999999999
2022-05-19,Industrials,-0.03575625,-0.10144375
2022-05-20,Industrials,0.13404444444444444,0.07094444444444445
2022-05-23,Industrials,0.13566875,0.06385625
2022-05-24,Industrials,0.053620000000000015,0.07764000000000001
2022-05-25,Industrials,0.26704285714285714,0.025814285714285717
2022-05-26,Industrials,0.16055454545454545,0.08248181818181818
2022-05-27,Industrials,0.1172,0.030407142857142855
2022-05-31,Industrials,0.17245555555555556,0.06292222222222221
2022-06-01,Industrials,0.2083363636363636,0.10084545454545454
2022-06-02,Industrials,0.20005384615384614,0.05450769230769232
2022-06-03,Industrials,0.1579142857142857,0.14244285714285718
2022-06-06,Industrials,0.053225,-0.0219875
2022-06-07,Industrials,0.10789166666666668,0.04309166666666667
2022-06-08,Industrials,0.20022500000000001,0.12637500000000002
2022-06-09,Industrials,0.005014285714285717,0.0036285714285714294
2022-06-10,Industrials,0.2816526315789474,0.20147368421052633
2022-06-13,Industrials,0.05514000000000001,-2.0000000000000574e-05
2022-06-14,Industrials,0.05437000000000001,-0.014514999999999995
2022-06-15,Industrials,0.16130714285714287,0.15521428571428572
2022-06-16,Industrials,0.12638888888888888,0.17208888888888887
2022-06-17,Industrials,0.05355882352941178,0.008770588235294124
2022-06-21,Industrials,0.2558333333333333,0.13986666666666667
2022-06-22,Industrials,0.13743333333333332,0.10857222222222224
2022-06-23,Industrials,-0.043784210526315794,-0.04642105263157894
2022-06-24,Industrials,0.16620588235294118,0.11448823529411764
2022-06-27,Industrials,0.08203333333333333,0.2378833333333333
2022-06-28,Industrials,0.15039583333333334,0.14787916666666667
2022-06-29,Industrials,0.11066153846153845,0.08654615384615384
2022-06-30,Industrials,0.23547692307692308,0.1508846153846154
2022-07-01,Industrials,0.26707000000000003,0.11231
2022-07-05,Industrials,0.08223749999999999,0.0557875
2022-07-06,Industrials,0.23385294117647054,0.06410000000000002
2022-07-07,Industrials,0.23225454545454544,0.08585454545454546
2022-07-08,Industrials,0.0647,0.05389444444444443
2022-07-11,Industrials,0.12738,0.11271
2022-07-12,Industrials,0.11905000000000002,0.19966
2022-07-13,Industrials,-0.05658571428571428,-0.008092857142857129
2022-07-14,Industrials,0.13645714285714286,0.11172142857142857
2022-07-15,Industrials,0.13327777777777777,0.1086
2022-07-18,Industrials,-0.013723076923076914,-0.015792307692307685
2022-07-19,Industrials,0.12566785714285716,0.15053214285714286
2022-07-20,Industrials,0.04171111111111111,-0.0007777777777777661
2022-07-21,Industrials,0.048483333333333344,0.08658333333333333
2022-07-22,Industrials,0.021957142857142852,-0.06965714285714286
2022-07-25,Industrials,0.00045714285714285437,0.05078571428571428
2022-07-26,Industrials,0.0526875,0.1028
2022-07-27,Industrials,0.0326590909090909,-0.05381818181818181
2022-07-28,Industrials,0.0,0.0045
2022-07-29,Industrials,0.1161,0.09050909090909091
2022-08-01,Industrials,0.13396666666666665,0.015066666666666667
2022-08-02,Industrials,0.2139,0.06432
2022-08-03,Industrials,-0.044210526315789464,-0.07437368421052631
2022-08-04,Industrials,0.1351,0.14235
2022-08-05,Industrials,0.0,0.0055000000000000005
2022-08-08,Industrials,0.11881666666666668,0.07243333333333334
2022-08-09,Industrials,0.11128750000000001,0.046375
2022-08-10,Industrials,0.05001428571428572,0.16281428571428574
2022-08-11,Industrials,0.154525,0.184525
2022-08-12,Industrials,0.08121666666666667,-0.016916666666666663
2022-08-15,Industrials,0.2140571428571429,0.06412857142857144
2022-08-16,Industrials,0.3357833333333333,0.14326666666666668
2022-08-17,Industrials,-0.15630000000000002,-0.14500000000000002
2022-08-18,Industrials,0.035140000000000005,0.06026
2022-08-19,Industrials,0.1180666666666667,-0.04993333333333333
2022-08-22,Industrials,0.054542857142857136,-0.02552857142857143
2022-08-23,Industrials,0.2529153846153846,0.2552615384615385
2022-08-24,Industrials,0.18076666666666666,0.0112
2022-08-25,Industrials,0.17135714285714285,-0.0005000000000000004
2022-08-26,Industrials,0.1981,0.13821999999999998
2022-08-29,Industrials,-0.040242857142857136,-0.12575714285714285
2022-08-30,Industrials,0.07865454545454545,0.0380909090909091
2022-08-31,Industrials,0.21924545454545455,0.18763636363636363
2022-09-01,Industrials,0.14651666666666666,0.047816666666666674
2022-09-02,Industrials,0.16333636363636364,0.13666363636363638
2022-09-06,Industrials,0.13797500000000001,0.04659999999999999
2022-09-07,Industrials,0.23896875,0.04495
2022-09-08,Industrials,0.11488888888888889,0.07142222222222222
2022-09-09,Industrials,0.09063333333333334,0.10577500000000001
2022-09-12,Industrials,0.05195714285714286,-0.013257142857142853
2022-09-13,Industrials,0.1262888888888889,0.02124444444444444
2022-09-14,Industrials,0.20716,0.07065999999999999
2022-09-15,Industrials,0.11199285714285716,0.03069285714285715
2022-09-16,Industrials,-0.0191375,-0.017225
2022-09-19,Industrials,-0.20705555555555558,-0.19361111111111112
2022-09-20,Industrials,0.2710571428571429,0.15185
2022-09-21,Industrials,0.16541999999999998,0.09135
2022-09-22,Industrials,0.0677,0.028057142857142853
2022-09-23,Industrials,0.020250000000000008,-0.044425
2022-09-26,Industrials,0.1960714285714286,0.20427142857142858
2022-09-27,Industrials,-0.07341999999999999,0.01894000000000002
2022-09-28,Industrials,0.008199999999999999,-0.0172
2022-09-29,Industrials,0.04488000000000001,0.04378
2022-09-30,Industrials,0.07626666666666666,0.002133333333333333
2022-10-03,Industrials,0.1468,0.12276666666666668
2022-10-04,Industrials,0.1714625,0.0632
2022-10-05,Industrials,0.05676000000000001,0.01592
2022-10-06,Industrials,0.2774,0.23445714285714286
2022-10-07,Industrials,0.13502,0.0147
2022-10-10,Industrials,0.07146666666666666,-0.0073555555555555535
2022-10-11,Industrials,0.1628166666666667,0.16440000000000002
2022-10-12,Industrials,0.28212000000000004,0.29212
2022-10-13,Industrials,0.4334,0.13349999999999998
2022-10-14,Industrials,0.13205,0.15705
2022-10-17,Industrials,0.0896875,0.0496625
2022-10-18,Industrials,-0.06193333333333333,-0.0544
2022-10-19,Industrials,0.138725,0.147925
2022-10-20,Industrials,-0.14632499999999998,0.0032749999999999863
2022-10-21,Industrials,0.18213333333333337,0.20013333333333336
2022-10-24,Industrials,0.25155,0.13503333333333337
2022-10-25,Industrials,0.17479499999999998,0.22216
2022-10-26,Industrials,0.03219729729729729,0.06687297297297295
2022-10-27,Industrials,0.06452307692307692,0.0931846153846154
2022-10-28,Industrials,0.19357727272727274,0.19674545454545456
2022-10-31,Industrials,0.17479999999999998,0.14748
2022-11-01,Industrials,0.1754375,0.178875
2022-11-02,Industrials,0.11333333333333334,0.4421333333333333
2022-11-03,Industrials,0.1909,0.1909
2022-11-04,Industrials,0.038716666666666656,-0.1196
2022-11-07,Industrials,0.1975,0.20302499999999998
2022-11-08,Industrials,0.0,0.10835714285714286
2022-11-09,Industrials,0.09462,0.09652
2022-11-10,Industrials,0.105375,0.26595
2022-11-11,Industrials,0.07836666666666668,0.2269
2022-11-14,Industrials,0.34437999999999996,0.1645
2022-11-15,Industrials,0.0348181818181818,0.07015454545454544
2022-11-16,Industrials,0.124575,-0.010900000000000002
2022-11-17,Industrials,0.014975000000000002,-2.5000000000000716e-05
2022-11-18,Industrials,0.21821428571428572,0.14968571428571428
2022-11-21,Industrials,-0.042666666666666665,0.08979999999999999
2022-11-22,Industrials,0.12254285714285715,-0.03392857142857143
2022-11-23,Industrials,0.21479090909090906,0.11212727272727273
2022-11-25,Industrials,0.0,0.02585
2022-11-28,Industrials,0.0,0.3612
2022-11-29,Industrials,0.024081818181818183,0.029572727272727275
2022-11-30,Industrials,0.11987999999999999,0.0973
2022-12-01,Industrials,0.09019285714285714,0.07097142857142857
2022-12-02,Industrials,0.2529,0.24868571428571426
2022-12-05,Industrials,0.062028571428571426,0.009771428571428572
2022-12-06,Industrials,0.07614000000000001,-0.0932
2022-12-07,Industrials,-0.20048,-0.09393999999999998
2022-12-08,Industrials,0.2294,0.0323
2022-12-09,Industrials,0.22562,0.242
2022-12-12,Industrials,0.14728,0.0737
2022-12-13,Industrials,0.061239999999999996,-0.06744
2022-12-14,Industrials,0.246,0.2009857142857143
2022-12-15,Industrials,0.24986000000000003,0.25544
2022-12-16,Industrials,0.1721857142857143,0.06147857142857143
2022-12-19,Industrials,0.06315000000000001,-0.007925000000000001
2022-12-20,Industrials,0.19062727272727276,0.19389090909090909
2022-12-21,Industrials,0.09842307692307692,0.1958153846153846
2022-12-22,Industrials,0.44480714285714285,0.4116714285714286
2022-12-23,Industrials,0.11472500000000001,0.05188125
2022-12-27,Industrials,0.07152857142857141,0.07968571428571429
2022-12-28,Industrials,0.13971,0.14289500000000002
2022-12-29,Industrials,0.07784444444444444,0.04105555555555556
2022-12-30,Industrials,0.07315,0.10525999999999999
2023-01-03,Industrials,0.18642,0.1713
2023-01-04,Industrials,0.09256923076923076,0.03687692307692307
2023-01-05,Industrials,0.10411538461538461,0.0995923076923077
2023-01-06,Industrials,0.14869999999999997,0.13413333333333333
2023-01-09,Industrials,0.033716666666666666,0.003683333333333333
2023-01-10,Industrials,0.19474545454545453,0.11997272727272729
2023-01-11,Industrials,0.15277272727272728,0.20804545454545453
2023-01-12,Industrials,-0.042324999999999995,-0.08225
2023-01-13,Industrials,0.18304285714285715,0.15695714285714285
2023-01-17,Industrials,0.11737272727272731,0.10863636363636364
2023-01-18,Industrials,0.26224615384615385,0.3249692307692308
2023-01-19,Industrials,-0.026512500000000015,-0.057
2023-01-20,Industrials,0.07247142857142856,0.07785714285714285
2023-01-23,Industrials,-0.006319999999999992,0.005880000000000008
2023-01-24,Industrials,0.19286086956521742,0.2038
2023-01-25,Industrials,-0.0028653846153846117,-0.02460384615384615
2023-01-26,Industrials,0.04933333333333333,0.09789999999999999
2023-01-27,Industrials,0.007089473684210523,0.043173684210526315
2023-01-30,Industrials,0.1912125,0.12486249999999999
2023-01-31,Industrials,-0.007729411764705883,-0.020129411764705882
2023-02-01,Industrials,0.21107435897435897,0.17293846153846154
2023-02-02,Industrials,0.09509999999999999,0.053412499999999995
2023-02-03,Industrials,0.26142,0.17738
2023-02-06,Industrials,0.26203750000000003,0.125925
2023-02-07,Industrials,0.08042500000000001,0.21005
2023-02-08,Industrials,0.001966666666666672,-0.021199999999999993
2023-02-09,Industrials,0.27317499999999995,0.1953
2023-02-10,Industrials,0.16216666666666668,0.21797777777777777
2023-02-13,Industrials,0.0,0.15426
2023-02-14,Industrials,0.12316250000000001,0.1306875
2023-02-15,Industrials,0.15742222222222224,0.07368888888888887
2023-02-16,Industrials,0.024716666666666665,0.01661666666666667
2023-02-17,Industrials,0.17954166666666668,0.08090833333333333
2023-02-21,Industrials,0.03972222222222221,0.008777777777777773
2023-02-22,Industrials,0.26553333333333334,0.11074
2023-02-23,Industrials,0.0,0.005399999999999999
2023-02-24,Industrials,0.060371428571428576,0.01012857142857143
2023-02-27,Industrials,0.008316666666666667,-0.02171666666666665
2023-02-28,Industrials,0.10127,0.06468
2023-03-01,Industrials,0.21983999999999998,0.23335999999999996
2023-03-02,Industrials,0.007257894736842106,-0.04046842105263158
2023-03-03,Industrials,0.30285,0.167625
2023-03-06,Industrials,0.06797500000000001,0.010624999999999996
2023-03-07,Industrials,0.18991666666666665,0.21977500000000003
2023-03-08,Industrials,0.25498,0.31128
2023-03-09,Industrials,0.18822,0.13377999999999998
2023-03-10,Industrials,0.10308125,-0.02389375
2023-03-13,Industrials,0.14705714285714283,0.012814285714285714
2023-03-14,Industrials,0.20361666666666667,0.17390555555555556
2023-03-15,Industrials,0.24439999999999998,0.20147142857142855
2023-03-16,Industrials,0.06784444444444444,-0.054833333333333324
2023-03-17,Industrials,0.1856,0.050816666666666656
2023-03-20,Industrials,0.07898333333333334,0.21806666666666666
2023-03-21,Industrials,0.12605454545454545,0.024090909090909097
2023-03-22,Industrials,0.33026000000000005,0.38602000000000003
2023-03-23,Industrials,0.18238000000000001,0.19632
2023-03-24,Industrials,0.1951,0.09595000000000001
2023-03-27,Industrials,0.051100000000000007,0.052112500000000006
2023-03-28,Industrials,0.21794117647058825,0.16998235294117647
2023-03-29,Industrials,0.1981833333333333,0.19499999999999998
2023-03-30,Industrials,0.033391666666666674,0.041758333333333335
2023-03-31,Industrials,0.31634999999999996,0.36556666666666665
2023-04-03,Industrials,-0.045533333333333335,0.07283333333333335
2023-04-04,Industrials,0.16504000000000002,0.18703000000000003
2023-04-05,Industrials,0.05276249999999999,0.0352125
2023-04-06,Industrials,-0.027436363636363634,-0.08253636363636362
2023-04-10,Industrials,0.07434,0.14337333333333332
2023-04-11,Industrials,0.14452380952380953,0.12594761904761903
2023-04-12,Industrials,0.033188888888888886,0.05282222222222223
2023-04-13,Industrials,0.057050000000000003,0.042525
2023-04-14,Industrials,0.2192166666666667,0.09525
2023-04-17,Industrials,0.05317000000000001,-0.010519999999999996
2023-04-18,Industrials,0.14351764705882353,0.1302705882352941
2023-04-19,Industrials,0.1065090909090909,0.17814545454545455
2023-04-20,Industrials,0.15134,0.10562
2023-04-21,Industrials,0.10065,0.1680857142857143
2023-04-24,Industrials,0.1591375,0.1474125
2023-04-25,Industrials,0.127,0.17035625000000001
2023-04-26,Industrials,0.02398297872340425,-0.03588510638297873
2023-04-27,Industrials,0.15915357142857145,0.1564464285714286
2023-04-28,Industrials,0.034471428571428576,0.029957142857142856
2023-05-01,Industrials,0.037476923076923074,0.0035461538461538495
2023-05-02,Industrials,0.1224095238095238,0.08148095238095238
2023-05-03,Industrials,0.07135714285714287,0.047221428571428574
2023-05-04,Industrials,0.13431111111111113,0.09823333333333334
2023-05-05,Industrials,0.3038222222222222,0.28515555555555555
2023-05-08,Industrials,-0.212675,-0.23270000000000002
2023-05-09,Industrials,0.12181,0.13806000000000002
2023-05-10,Industrials,0.2205125,0.19366250000000002
2023-05-11,Industrials,0.12455714285714288,0.04247142857142857
2023-05-12,Industrials,0.0,0.06115714285714286
2023-05-15,Industrials,0.16632,0.15716000000000002
2023-05-16,Industrials,0.1498,0.04763125
2023-05-17,Industrials,0.09534000000000001,-0.03264
2023-05-18,Industrials,0.09634285714285715,0.05141428571428571
2023-05-19,Industrials,0.029599999999999998,0.06256999999999999
2023-05-22,Industrials,0.12626666666666667,0.10595
2023-05-23,Industrials,0.20795000000000002,0.098275
2023-05-24,Industrials,0.14049999999999999,0.144
2023-05-25,Industrials,0.06283333333333334,-0.04488333333333333
2023-05-26,Industrials,0.1388,0.024275
2023-05-30,Industrials,0.12498000000000001,-0.00988
2023-05-31,Industrials,0.08772777777777778,0.04995555555555556
2023-06-01,Industrials,0.08816153846153846,0.08166923076923076
2023-06-02,Industrials,0.07065833333333334,0.0511
2023-06-05,Industrials,0.10030625,0.04349375
2023-06-06,Industrials,0.12447368421052633,0.17703684210526316
2023-06-07,Industrials,0.25882,0.24290000000000003
2023-06-08,Industrials,0.07591,0.14084
2023-06-09,Industrials,0.07427500000000001,0.1121375
2023-06-12,Industrials,0.0445909090909091,0.017872727272727276
2023-06-13,Industrials,0.1824727272727273,0.09430909090909091
2023-06-14,Industrials,0.10431818181818181,0.04217272727272728
2023-06-15,Industrials,0.20888461538461542,0.17622307692307693
2023-06-16,Industrials,0.019739999999999997,0.030669999999999996
2023-06-20,Industrials,0.18965,0.15306666666666668
2023-06-21,Industrials,0.14206249999999998,0.10450000000000001
2023-06-22,Industrials,-0.09350588235294116,-0.12706470588235294
2023-06-23,Industrials,0.045020000000000004,0.09311
2023-06-26,Industrials,0.02772,-0.024685000000000006
2023-06-27,Industrials,0.20355454545454546,0.19580909090909093
2023-06-28,Industrials,0.05716666666666667,0.02388888888888889
2023-06-29,Industrials,0.11326,0.14323999999999998
2023-06-30,Industrials,0.0595875,0.07281249999999999
2023-07-03,Industrials,0.0899,0.10791428571428573
2023-07-05,Industrials,0.11460000000000001,0.17098666666666668
2023-07-06,Industrials,0.11997916666666668,0.079225
2023-07-07,Industrials,0.12638,0.08888
2023-07-10,Industrials,0.03583333333333334,-0.001122222222222222
2023-07-11,Industrials,0.10047647058823529,0.06607058823529412
2023-07-12,Industrials,0.14385555555555554,0.12201111111111113
2023-07-13,Industrials,0.050074999999999995,-0.07615
2023-07-14,Industrials,0.09438888888888888,0.0884888888888889
2023-07-17,Industrials,0.03951428571428572,0.014185714285714286
2023-07-18,Industrials,0.013412500000000004,0.026118750000000003
2023-07-19,Industrials,0.2969,0.15412222222222224
2023-07-20,Industrials,0.1344315789473684,0.09863157894736843
2023-07-21,Industrials,0.04820000000000001,0.01415000000000001
2023-07-24,Industrials,0.10945,0.03256
2023-07-25,Industrials,0.2470315789473684,0.13431052631578946
2023-07-26,Industrials,0.09543928571428573,0.1000732142857143
2023-07-27,Industrials,-0.09837083333333334,-0.017004166666666664
2023-07-28,Industrials,0.16107333333333332,0.15478666666666668
2023-07-31,Industrials,0.031639999999999995,0.054633333333333325
2023-08-01,Industrials,0.100553125,0.1096875
2023-08-02,Industrials,0.011434285714285715,0.018511428571428575
2023-08-03,Industrials,0.0768153846153846,0.11754615384615384
2023-08-04,Industrials,0.0648875,0.27165
2023-08-07,Industrials,0.12101538461538462,0.13975384615384617
2023-08-08,Industrials,0.04096,0.004946666666666664
2023-08-09,Industrials,0.1450235294117647,-0.05060588235294118
2023-08-10,Industrials,0.21339333333333332,0.17794
2023-08-11,Industrials,-0.0516,0.22478571428571428
2023-08-14,Industrials,0.11366363636363638,0.12517272727272727
2023-08-15,Industrials,0.0951,0.014879999999999999
2023-08-16,Industrials,0.1826875,0.09492500000000001
2023-08-17,Industrials,0.2655111111111111,0.2626
2023-08-18,Industrials,0.050429999999999996,0.058429999999999996
2023-08-21,Industrials,-0.0351375,-0.052837499999999996
2023-08-22,Industrials,0.15004444444444445,0.12586666666666668
2023-08-23,Industrials,0.22153076923076925,0.09970769230769229
2023-08-24,Industrials,0.09025833333333333,0.039908333333333344
2023-08-25,Industrials,0.18423333333333336,0.15115555555555557
2023-08-28,Industrials,0.05441818181818182,0.06015454545454546
2023-08-29,Industrials,0.048944,0.08461199999999998
2023-08-30,Industrials,0.10083,0.124915
2023-08-31,Industrials,0.14098181818181818,0.11673636363636364
2023-09-01,Industrials,0.03994500000000001,0.052039999999999996
2023-09-05,Industrials,0.1916875,0.12775
2023-09-06,Industrials,0.19173529411764706,0.07347058823529412
2023-09-07,Industrials,0.12922857142857141,0.09633571428571429
2023-09-08,Industrials,0.21042727272727274,0.10521818181818182
2023-09-11,Industrials,0.11136666666666667,0.08358888888888888
2023-09-12,Industrials,0.112825,0.10154374999999999
2023-09-13,Industrials,0.14655500000000002,0.13887
2023-09-14,Industrials,0.13148666666666664,0.08903333333333334
2023-09-15,Industrials,0.14839999999999998,0.11864615384615385
2023-09-18,Industrials,0.12008461538461537,0.10625384615384616
2023-09-19,Industrials,0.11465238095238096,0.08065714285714286
2023-09-20,Industrials,0.16884615384615384,0.08001538461538461
2023-09-21,Industrials,0.10530769230769231,0.1387923076923077
2023-09-22,Industrials,0.159,0.13913636363636364
2023-09-25,Industrials,0.20592857142857143,0.20984285714285716
2023-09-26,Industrials,0.1569705882352941,0.13487647058823532
2023-09-27,Industrials,0.19221818181818184,0.1463909090909091
2023-09-28,Industrials,0.21501428571428574,0.13183571428571428
2023-09-29,Industrials,0.08827142857142857,0.09426428571428572
2023-10-02,Industrials,0.2021111111111111,0.17864444444444444
2023-10-03,Industrials,0.18509090909090908,0.12605454545454545
2023-10-04,Industrials,0.10891923076923077,0.09955
2023-10-05,Industrials,0.05281666666666666,0.06820833333333333
2023-10-06,Industrials,0.04176875,0.07643125
2023-10-09,Industrials,0.06861428571428572,0.07865714285714286
2023-10-10,Industrials,0.020207142857142858,0.13262142857142858
2023-10-11,Industrials,0.10824782608695652,0.15934347826086956
2023-10-12,Industrials,0.10842,0.12678499999999998
2023-10-13,Industrials,0.1643315789473684,0.11170000000000001
2023-10-16,Industrials,0.07708888888888889,0.0036888888888888804
2023-10-17,Industrials,-0.0006055555555555536,0.05023333333333333
2023-10-18,Industrials,0.013788888888888887,0.08147777777777779
2023-10-19,Industrials,0.11020909090909091,0.10900454545454545
2023-10-20,Industrials,0.11139615384615385,0.09624615384615384
2023-10-23,Industrials,-0.0854952380952381,0.029204761904761917
2023-10-24,Industrials,0.12894444444444447,0.11963703703703704
2023-10-25,Industrials,0.22390784313725492,0.27286470588235295
2023-10-26,Industrials,-0.020321951219512198,0.005209756097560976
2023-10-27,Industrials,0.07405714285714286,0.04153095238095239
2023-10-30,Industrials,-0.13649285714285714,0.006200000000000002
2023-10-31,Industrials,0.13543333333333335,0.041119047619047625
2023-11-01,Industrials,0.10875714285714287,0.17363928571428572
2023-11-02,Industrials,0.13115000000000002,0.03687142857142857
2023-11-03,Industrials,0.20274736842105262,0.14823684210526317
2023-11-06,Industrials,-0.10844999999999999,-0.016283333333333344
2023-11-07,Industrials,0.1206607142857143,0.06974642857142857
2023-11-08,Industrials,0.1713818181818182,0.028118181818181816
2023-11-09,Industrials,0.10394615384615384,0.04587692307692308
2023-11-10,Industrials,0.1715625,0.155775
2023-11-13,Industrials,0.02552857142857143,-0.06519999999999998
2023-11-14,Industrials,0.017810810810810807,0.03493513513513513
2023-11-15,Industrials,0.09917894736842106,0.19159473684210526
2023-11-16,Industrials,0.22355833333333333,0.07788333333333332
2023-11-17,Industrials,0.13658571428571428,0.10271428571428572
2023-11-20,Industrials,0.25032608695652175,0.1313391304347826
2023-11-21,Industrials,0.0935157894736842,0.17733684210526315
2023-11-22,Industrials,0.13690000000000002,0.1169470588235294
2023-11-24,Industrials,0.16370416666666668,0.2031666666666667
2023-11-27,Industrials,0.20971052631578946,0.1719052631578947
2023-11-28,Industrials,0.035063157894736845,0.06092105263157896
2023-11-29,Industrials,0.049475000000000005,0.004679999999999995
2023-11-30,Industrials,0.08547142857142857,0.046857142857142854
2023-12-01,Industrials,0.08982857142857144,0.20199999999999999
2023-12-04,Industrials,-0.004706249999999995,0.045137500000000004
2023-12-05,Industrials,0.1299722222222222,0.10210000000000001
2023-12-06,Industrials,-0.001472727272727272,0.01816363636363637
2023-12-07,Industrials,0.07570416666666667,0.09978750000000002
2023-12-08,Industrials,0.059750000000000004,0.07297222222222222
2023-12-11,Industrials,0.027591666666666667,0.058258333333333336
2023-12-12,Industrials,0.018693939393939395,0.03701212121212121
2023-12-13,Industrials,0.20404814814814815,0.1882666666666667
2023-12-14,Industrials,0.1484541666666667,0.09388333333333333
2023-12-15,Industrials,0.07669999999999999,0.037628571428571435
2023-12-18,Industrials,0.09866666666666667,0.19243333333333335
2023-12-19,Industrials,0.2583448275862069,0.17196896551724142
2020-01-03,Materials,0.15678571428571428,0.011800000000000001
2020-01-06,Materials,-0.22160000000000002,-0.20026666666666668
2020-01-07,Materials,0.02358888888888889,-0.01006666666666668
2020-01-08,Materials,0.12726666666666667,0.12246666666666667
2020-01-09,Materials,0.011850000000000008,-0.17253333333333334
2020-01-10,Materials,0.06363333333333333,-0.055466666666666685
2020-01-13,Materials,-0.10715,-0.17615
2020-01-14,Materials,0.164925,0.20332499999999998
2020-01-15,Materials,0.041999999999999996,0.11859999999999998
2020-01-16,Materials,0.259475,0.234975
2020-01-17,Materials,0.1101,0.013225
2020-01-21,Materials,0.27793999999999996,0.16292
2020-01-22,Materials,0.050509090909090906,0.023363636363636364
2020-01-23,Materials,-0.074,-0.00024999999999998634
2020-01-24,Materials,0.04218888888888889,-0.005977777777777773
2020-01-27,Materials,0.09620000000000001,0.11018181818181817
2020-01-28,Materials,-0.008971428571428575,0.03330000000000001
2020-01-29,Materials,0.1769,0.1013625
2020-01-30,Materials,0.08210999999999999,0.083355
2020-01-31,Materials,-0.044515625,-0.033675
2020-02-03,Materials,-0.010199999999999997,-0.07117333333333334
2020-02-04,Materials,0.15518333333333337,-0.055999999999999994
2020-02-05,Materials,0.07730000000000001,0.19451428571428572
2020-02-06,Materials,0.03862222222222222,0.07790000000000001
2020-02-07,Materials,0.09158571428571428,0.07657857142857141
2020-02-10,Materials,-0.03613333333333334,0.002844444444444443
2020-02-11,Materials,0.14667142857142856,0.09605714285714287
2020-02-12,Materials,0.07332857142857144,0.08359285714285715
2020-02-13,Materials,0.074,0.07529999999999999
2020-02-14,Materials,0.05996153846153847,0.053307692307692306
2020-02-18,Materials,0.009360000000000002,-0.031830000000000004
2020-02-19,Materials,0.1279125,0.0025166666666666623
2020-02-20,Materials,0.037,-0.0007999999999999999
2020-02-21,Materials,0.10053888888888889,0.16777777777777778
2020-02-24,Materials,0.07141111111111112,0.0863888888888889
2020-02-25,Materials,0.028768181818181818,0.01865454545454546
2020-02-26,Materials,0.036533333333333334,-0.10428333333333334
2020-02-27,Materials,0.056975000000000005,-0.06735
2020-02-28,Materials,-0.07108333333333333,-0.10435833333333334
2020-03-02,Materials,-0.05811250000000001,-0.21238749999999998
2020-03-03,Materials,0.13486666666666666,-0.0029916666666666655
2020-03-04,Materials,0.1757625,0.14909999999999998
2020-03-05,Materials,0.344975,0.183075
2020-03-06,Materials,0.0654,-0.009112500000000003
2020-03-09,Materials,-0.08294285714285712,-0.06131428571428572
2020-03-10,Materials,0.06538823529411764,-0.018341176470588236
2020-03-11,Materials,0.10493999999999999,0.11303
2020-03-12,Materials,0.10158095238095238,0.013566666666666663
2020-03-13,Materials,-0.06397272727272728,-0.07623636363636364
2020-03-16,Materials,0.08731666666666667,-0.09268333333333334
2020-03-17,Materials,0.04743076923076921,0.00906923076923077
2020-03-18,Materials,0.22683636363636364,0.22424545454545458
2020-03-19,Materials,-0.03391428571428572,0.04574285714285714
2020-03-20,Materials,0.050392307692307695,0.10068461538461539
2020-03-23,Materials,0.12738,0.08180000000000001
2020-03-24,Materials,0.17576666666666665,0.13354666666666667
2020-03-25,Materials,0.23407142857142857,0.3689142857142857
2020-03-26,Materials,0.09878,0.0775
2020-03-27,Materials,0.07110714285714284,0.06317857142857143
2020-03-30,Materials,0.3453333333333333,0.2111333333333333
2020-03-31,Materials,0.21497000000000002,0.06280000000000001
2020-04-01,Materials,0.24193076923076925,0.20164615384615386
2020-04-02,Materials,-0.0161,0.002014285714285718
2020-04-03,Materials,0.09469166666666666,0.14123333333333332
2020-04-06,Materials,0.064425,0.159575
2020-04-07,Materials,0.14718,0.03912000000000001
2020-04-08,Materials,0.46225714285714287,0.3354142857142857
2020-04-09,Materials,0.21157142857142855,0.14010714285714285
2020-04-13,Materials,0.1572086956521739,0.1411173913043478
2020-04-14,Materials,0.08690416666666667,0.03150000000000001
2020-04-15,Materials,-0.031441666666666666,-0.01275
2020-04-16,Materials,-0.032358823529411766,-0.08482941176470588
2020-04-17,Materials,0.08770000000000001,0.06686923076923076
2020-04-20,Materials,0.3093,0.23218
2020-04-21,Materials,0.08986666666666666,0.060114285714285724
2020-04-22,Materials,-0.013240000000000007,-0.03663000000000001
2020-04-23,Materials,0.13364,0.12631
2020-04-24,Materials,0.1066764705882353,0.04298823529411764
2020-04-27,Materials,-0.11114285714285714,0.06214285714285713
2020-04-28,Materials,0.22493636363636363,0.1212090909090909
2020-04-29,Materials,0.06768823529411765,0.10448235294117647
2020-04-30,Materials,0.11937368421052631,0.16983157894736842
2020-05-01,Materials,0.08866666666666667,0.0639
2020-05-04,Materials,0.05702352941176471,0.013052941176470587
2020-05-05,Materials,-0.00021538461538461728,0.06122307692307692
2020-05-06,Materials,0.10571578947368421,0.14153684210526316
2020-05-07,Materials,-0.017627272727272738,0.04437727272727273
2020-05-08,Materials,0.04867500000000001,0.08683750000000001
2020-05-11,Materials,0.1181888888888889,0.14983333333333335
2020-05-12,Materials,0.0889,0.03589230769230768
2020-05-13,Materials,0.08213846153846155,0.03438461538461539
2020-05-14,Materials,0.13354999999999997,0.1483777777777778
2020-05-15,Materials,0.09896875000000001,0.033162500000000004
2020-05-18,Materials,0.18154117647058823,0.047223529411764706
2020-05-19,Materials,0.1097,0.16620833333333335
2020-05-20,Materials,0.06449,0.09953999999999999
2020-05-21,Materials,0.17058666666666664,0.11803333333333335
2020-05-22,Materials,0.17872222222222223,0.10108888888888888
2020-05-26,Materials,0.039028571428571426,0.06704285714285715
2020-05-27,Materials,0.23344444444444445,0.13253333333333334
2020-05-28,Materials,0.0,0.08526000000000002
2020-05-29,Materials,0.1270125,0.079225
2020-06-01,Materials,0.01285714285714286,0.10350000000000001
2020-06-02,Materials,0.039028571428571426,0.06238571428571429
2020-06-03,Materials,0.280925,0.24135
2020-06-04,Materials,0.21343636363636362,0.16105454545454545
2020-06-05,Materials,-0.032,-0.027200000000000002
2020-06-08,Materials,0.2023,0.2419857142857143
2020-06-09,Materials,0.27253333333333335,0.29046666666666665
2020-06-10,Materials,0.3753,0.2664
2020-06-12,Materials,0.215125,0.1475
2020-06-15,Materials,-0.05767499999999999,0.0778
2020-06-16,Materials,0.2732,0.2812
2020-06-17,Materials,0.0,0.0
2020-06-18,Materials,-0.6124,-0.009
2020-06-19,Materials,0.0,0.020233333333333336
2020-06-22,Materials,-0.11315,0.00065
2020-06-23,Materials,0.10485000000000001,0.11991666666666667
2020-06-24,Materials,0.09176,0.0036200000000000004
2020-06-25,Materials,0.0,0.0
2020-06-26,Materials,0.4019,0.0142
2020-06-29,Materials,0.34,0.3442
2020-06-30,Materials,0.11315,0.1903
2020-07-01,Materials,0.06743333333333333,0.024533333333333334
2020-07-02,Materials,0.10115,0.0187
2020-07-06,Materials,0.0,0.0077
2020-07-07,Materials,-0.15510000000000002,-0.16366
2020-07-08,Materials,0.0,-0.3612
2020-07-09,Materials,0.5719,0.0155
2020-07-10,Materials,0.0,0.0077
2020-07-13,Materials,0.0,-0.0142
2020-07-14,Materials,0.0,0.0
2020-07-17,Materials,0.0172,0.0258
2020-07-20,Materials,0.0,0.19675
2020-07-21,Materials,0.0,0.0103
2020-07-23,Materials,0.1366,0.2787
2020-07-24,Materials,-0.03733636363636362,-0.005836363636363637
2020-07-27,Materials,0.16758,-0.061660000000000006
2020-07-28,Materials,0.054877777777777775,-0.030100000000000002
2020-07-29,Materials,0.09387777777777778,0.1401
2020-07-30,Materials,0.09545,0.09565
2020-07-31,Materials,0.06328333333333334,0.05561666666666667
2020-08-03,Materials,0.2732,0.3538
2020-08-04,Materials,0.63375,0.5388999999999999
2020-08-05,Materials,0.148,0.07315
2020-08-06,Materials,-0.025675,0.019700000000000002
2020-08-07,Materials,0.34626666666666667,0.12756666666666666
2020-08-11,Materials,0.19012,0.2028
2020-08-12,Materials,0.0,-0.000325
2020-08-14,Materials,0.0,0.3705
2020-08-17,Materials,0.0,0.0099
2020-08-18,Materials,0.19241666666666668,0.19651666666666667
2020-08-19,Materials,0.09866666666666667,0.0
2020-08-20,Materials,0.0,0.01615
2020-08-21,Materials,0.0,0.00438
2020-08-24,Materials,-0.128,-0.3324
2020-08-25,Materials,0.06743333333333333,0.019766666666666665
2020-08-26,Materials,-0.1779,-0.1444
2020-08-27,Materials,0.296,0.0
2020-08-28,Materials,0.0,0.015066666666666667
2020-08-31,Materials,-0.056575,-0.057550000000000004
2020-09-01,Materials,0.0,0.0038499999999999997
2020-09-03,Materials,0.0,-0.02723333333333333
2020-09-04,Materials,0.09176,0.00464
2020-09-08,Materials,0.059199999999999996,0.08978
2020-09-09,Materials,0.125,0.17635
2020-09-11,Materials,0.16455,-0.23775
2020-09-14,Materials,-0.296,-0.0387
2020-09-15,Materials,0.07024999999999999,0.08623333333333333
2020-09-17,Materials,0.0,0.0116
2020-09-18,Materials,0.11475714285714285,0.0083
2020-09-22,Materials,0.22236000000000003,0.19312
2020-09-24,Materials,0.0,0.0181
2020-09-25,Materials,0.6369,0.3612
2020-09-28,Materials,0.0,0.3798
2020-09-29,Materials,-0.03326666666666666,0.0017333333333333333
2020-10-01,Materials,0.0,-0.17865
2020-10-06,Materials,0.23144,0.052079999999999994
2020-10-08,Materials,0.0,0.0142
2020-10-09,Materials,0.0,0.3612
2020-10-12,Materials,0.0,0.0
2020-10-13,Materials,0.10115,-0.0023999999999999976
2020-10-14,Materials,0.0,0.0168
2020-10-15,Materials,0.5859,0.0413
2020-10-16,Materials,0.2997,0.0245
2020-10-19,Materials,0.5562,0.2712
2020-10-20,Materials,0.60605,0.19519999999999998
2020-10-22,Materials,0.085,0.09112500000000001
2020-10-23,Materials,0.14653333333333332,0.13058
2020-10-26,Materials,0.0,0.0194
2020-10-27,Materials,0.0,0.01355
2020-10-28,Materials,0.0,0.07714
2020-10-30,Materials,0.08663000000000001,0.15605
2020-11-03,Materials,0.26025,0.1707
2020-11-04,Materials,0.4576,0.009
2020-11-05,Materials,0.0,0.0
2020-11-09,Materials,0.13053333333333333,0.1401666666666667
2020-11-11,Materials,-0.17,-0.1602
2020-11-12,Materials,0.11839999999999999,0.0
2020-11-13,Materials,0.08808,0.01844
2020-11-16,Materials,0.14838,0.1552
2020-11-17,Materials,0.24695,0.01615
2020-11-18,Materials,0.2202,0.1933
2020-11-20,Materials,0.13753333333333334,0.16453333333333334
2020-11-24,Materials,0.022477777777777777,0.004311111111111115
2020-11-25,Materials,0.4404,0.0168
2020-11-27,Materials,0.20094999999999996,0.011950000000000002
2020-11-30,Materials,0.0,0.0194
2020-12-01,Materials,0.10115,0.022600000000000002
2020-12-02,Materials,0.3062,0.31105
2020-12-03,Materials,0.2288,0.142125
2020-12-04,Materials,0.0,0.0077
2020-12-08,Materials,0.0,0.0
2020-12-09,Materials,-0.042666666666666665,0.24819999999999998
2020-12-10,Materials,0.1889,0.05332500000000001
2020-12-11,Materials,0.296,0.0
2020-12-14,Materials,0.0,0.0323
2020-12-16,Materials,0.0,0.0025666666666666667
2020-12-17,Materials,0.0,0.00835
2020-12-18,Materials,0.1468,0.25193333333333334
2020-12-21,Materials,0.06478571428571428,0.07068571428571428
2020-12-22,Materials,0.18528000000000003,0.01148
2020-12-23,Materials,0.0,0.018750000000000003
2020-12-29,Materials,0.0,0.0
2020-12-30,Materials,0.1589,0.013366666666666666
2020-12-31,Materials,0.3182,0.0194
2021-01-04,Materials,0.4019,0.0142
2021-01-05,Materials,0.0734,0.01785
2021-01-06,Materials,0.2044,0.11873333333333332
2021-01-07,Materials,0.4215,0.4215
2021-01-08,Materials,-0.1706,-0.12825
2021-01-11,Materials,0.045533333333333335,0.0019333333333333331
2021-01-12,Materials,0.07509999999999999,0.055733333333333336
2021-01-13,Materials,0.0,0.0
2021-01-14,Materials,0.0,0.01615
2021-01-15,Materials,0.0,0.0194
2021-01-19,Materials,0.0,-0.0524
2021-01-20,Materials,-0.42530000000000007,0.0475
2021-01-21,Materials,0.0,0.0194
2021-01-22,Materials,0.063475,-0.058699999999999995
2021-01-25,Materials,0.3612,-0.1852
2021-01-26,Materials,-0.07466666666666667,-0.05056666666666667
2021-01-27,Materials,-0.042666666666666665,0.0034333333333333334
2021-01-28,Materials,0.0,0.0
2021-01-29,Materials,0.11673571428571428,0.17883571428571426
2021-02-01,Materials,0.10115,-0.07185
2021-02-02,Materials,0.04019,0.06743000000000002
2021-02-03,Materials,0.0,0.0
2021-02-04,Materials,0.0344,0.04086666666666667
2021-02-08,Materials,0.0,0.004733333333333333
2021-02-09,Materials,0.14466666666666667,-0.21553333333333333
2021-02-10,Materials,0.22907499999999997,0.340525
2021-02-11,Materials,0.15293333333333334,-0.1144
2021-02-17,Materials,0.13526666666666667,-0.10706666666666668
2021-02-18,Materials,0.221725,-0.045125
2021-02-19,Materials,0.18576,0.10721
2021-02-22,Materials,0.153275,-0.1744
2021-02-23,Materials,-0.031287499999999996,0.047462500000000005
2021-02-24,Materials,0.04975999999999999,0.12898
2021-02-25,Materials,0.0,0.010766666666666667
2021-02-26,Materials,0.0,0.006324999999999997
2021-03-01,Materials,0.074,0.12505
2021-03-02,Materials,0.055339999999999986,-0.12147999999999999
2021-03-03,Materials,0.0,0.0055
2021-03-05,Materials,0.296,0.0065
2021-03-08,Materials,0.17,-0.3023
2021-03-09,Materials,0.1279142857142857,0.11069999999999999
2021-03-10,Materials,0.0,0.0
2021-03-11,Materials,0.2139,0.22945
2021-03-12,Materials,0.28076666666666666,0.1323
2021-03-15,Materials,0.148,0.00515
2021-03-16,Materials,0.0,0.0026
2021-03-17,Materials,0.0,0.3674
2021-03-18,Materials,0.1366,0.00385
2021-03-22,Materials,0.17,0.1721
2021-03-23,Materials,0.13486666666666666,0.018066666666666665
2021-03-24,Materials,-0.08333333333333333,0.012466666666666668
2021-03-25,Materials,0.1366,0.0116
2021-03-26,Materials,0.264225,0.259375
2021-03-29,Materials,-0.11839999999999999,0.03474
2021-04-01,Materials,0.148,0.1806
2021-04-05,Materials,0.0,-0.13443999999999998
2021-04-06,Materials,0.40363333333333334,0.22006666666666666
2021-04-07,Materials,0.1779,0.2453
2021-04-08,Materials,-0.1591,-0.17745
2021-04-09,Materials,0.13013999999999998,0.08072
2021-04-13,Materials,0.050575,0.018375
2021-04-15,Materials,0.146875,0.17965
2021-04-19,Materials,0.0,-0.1769
2021-04-20,Materials,0.33486666666666665,0.19726666666666667
2021-04-21,Materials,-0.0258,-0.4137
2021-04-22,Materials,0.19538000000000003,0.14948
2021-04-23,Materials,0.109,0.15268181818181817
2021-04-26,Materials,0.1468,0.30116666666666664
2021-04-27,Materials,0.0,0.0
2021-04-28,Materials,0.13336,0.06616
2021-04-29,Materials,0.5574,0.5775
2021-04-30,Materials,0.074,0.07100000000000001
2021-05-03,Materials,-0.2263,0.1531
2021-05-04,Materials,0.05464,0.00438
2021-05-05,Materials,-0.04704545454545455,0.023518181818181823
2021-05-06,Materials,0.8591,0.5461
2021-05-07,Materials,0.08808,0.16426000000000002
2021-05-11,Materials,0.28036000000000005,0.24428
2021-05-12,Materials,0.3404,0.0239
2021-05-13,Materials,0.4939,0.0323
2021-05-14,Materials,0.0,0.0045
2021-05-17,Materials,0.148,0.15255000000000002
2021-05-18,Materials,0.20579999999999998,0.11678333333333334
2021-05-19,Materials,0.17712,0.17662
2021-05-20,Materials,-0.20095,-0.0026
2021-05-21,Materials,0.0,0.006466666666666667
2021-05-24,Materials,0.1591,0.17070000000000002
2021-05-25,Materials,0.12854000000000002,0.18688
2021-05-26,Materials,0.13396666666666665,0.0026
2021-05-27,Materials,0.0,0.0
2021-05-28,Materials,0.23803333333333335,0.2497
2021-06-01,Materials,0.17908,0.012140000000000001
2021-06-02,Materials,0.15860000000000002,0.010975
2021-06-03,Materials,0.0,0.0
2021-06-04,Materials,0.16076,0.01058
2021-06-07,Materials,0.0,0.0045
2021-06-08,Materials,0.18281111111111112,0.06496666666666667
2021-06-09,Materials,0.07224,0.07492
2021-06-10,Materials,0.0,0.0155
2021-06-11,Materials,0.0,0.0
2021-06-14,Materials,0.0,0.0
2021-06-15,Materials,0.254675,0.280625
2021-06-16,Materials,0.0,0.0284
2021-06-17,Materials,0.0,0.00775
2021-06-18,Materials,0.052833333333333336,0.0034444444444444444
2021-06-21,Materials,0.148,-0.08705
2021-06-22,Materials,0.08091999999999999,-0.06398000000000001
2021-06-23,Materials,0.14049999999999999,-0.11523333333333334
2021-06-25,Materials,0.098675,0.00805
2021-06-28,Materials,0.11307500000000001,0.10735
2021-06-29,Materials,0.0,0.1806
2021-06-30,Materials,0.0258,-0.3116
2021-07-02,Materials,0.06743333333333333,0.011166666666666667
2021-07-06,Materials,0.296,0.0065
2021-07-07,Materials,0.013380000000000003,0.11422000000000002
2021-07-08,Materials,0.0,0.0
2021-07-09,Materials,-0.04887999999999999,-0.06192000000000001
2021-07-13,Materials,0.3818,0.3612
2021-07-14,Materials,0.0,-0.00065
2021-07-15,Materials,0.0,0.0077
2021-07-16,Materials,0.20095,0.0187
2021-07-19,Materials,0.085,0.08927500000000001
2021-07-20,Materials,0.06696666666666666,-0.04891666666666667
2021-07-21,Materials,0.13473333333333334,-0.07193333333333334
2021-07-22,Materials,-0.0617375,0.0527
2021-07-23,Materials,0.20995,0.24724
2021-07-26,Materials,0.0,0.01745
2021-07-27,Materials,0.12688000000000002,0.11579999999999999
2021-07-28,Materials,0.18474,0.1599
2021-07-30,Materials,0.22696,-0.009860000000000004
2021-08-02,Materials,0.296,0.296
2021-08-03,Materials,0.0,0.0
2021-08-04,Materials,0.18131250000000002,0.07541874999999999
2021-08-05,Materials,0.0,-0.16897500000000001
2021-08-06,Materials,0.0,0.00385
2021-08-09,Materials,0.0,0.009
2021-08-10,Materials,0.09106666666666667,0.005166666666666667
2021-08-11,Materials,0.0683,0.092225
2021-08-12,Materials,0.12055,0.08414999999999999
2021-08-13,Materials,0.13396666666666665,0.20836666666666667
2021-08-16,Materials,0.0,0.0097
2021-08-17,Materials,0.033716666666666666,0.04785
2021-08-18,Materials,0.35875,0.17215
2021-08-19,Materials,0.2049,0.31173333333333336
2021-08-20,Materials,-0.03062,-0.09894
2021-08-23,Materials,0.02034999999999998,-0.17085
2021-08-24,Materials,0.15521666666666667,0.13081666666666666
2021-08-25,Materials,0.0,0.0
2021-08-26,Materials,0.0,0.0097
2021-08-27,Materials,0.296,0.0077
2021-08-30,Materials,0.16463333333333333,0.12040000000000001
2021-08-31,Materials,0.13935,0.19287500000000002
2021-09-01,Materials,0.085,0.097975
2021-09-02,Materials,0.0,0.0
2021-09-03,Materials,0.0,0.00385
2021-09-08,Materials,0.13396666666666665,0.13396666666666665
2021-09-09,Materials,-0.12973333333333334,-0.11236666666666666
2021-09-10,Materials,-0.07694999999999999,0.3469
2021-09-13,Materials,0.0,0.0
2021-09-14,Materials,0.07647500000000002,0.0795125
2021-09-15,Materials,0.12726666666666667,0.12376666666666668
2021-09-17,Materials,0.19733333333333333,0.22526666666666664
2021-09-20,Materials,0.1531,-0.009016666666666668
2021-09-21,Materials,0.2677818181818182,0.1591363636363636
2021-09-22,Materials,0.0,0.009
2021-09-23,Materials,0.046024999999999996,-0.102225
2021-09-24,Materials,0.0,0.009
2021-09-27,Materials,0.0,0.0241
2021-09-28,Materials,0.13396666666666665,0.14476666666666668
2021-09-29,Materials,0.0,-0.1806
2021-09-30,Materials,0.0,0.0
2021-10-01,Materials,0.12498000000000001,0.011859999999999999
2021-10-04,Materials,0.0,-0.0155
2021-10-06,Materials,-0.005149999999999988,-0.0872
2021-10-07,Materials,0.09283571428571429,-0.0479
2021-10-08,Materials,0.21230000000000002,0.12419999999999999
2021-10-11,Materials,0.17759999999999998,-0.00042000000000000007
2021-10-12,Materials,0.18923333333333334,0.17138333333333333
2021-10-13,Materials,-0.40775,-0.18125000000000002
2021-10-14,Materials,0.07243333333333334,0.08061666666666667
2021-10-15,Materials,-0.17020000000000002,-0.17196666666666663
2021-10-18,Materials,0.148,-0.08375
2021-10-19,Materials,0.2083,0.013333333333333334
2021-10-20,Materials,0.0,0.0
2021-10-21,Materials,-0.03558,0.00826
2021-10-22,Materials,0.05654615384615385,0.01866153846153846
2021-10-25,Materials,0.13396666666666665,0.0168
2021-10-26,Materials,0.11887500000000001,0.0035250000000000004
2021-10-27,Materials,-0.05103333333333334,-0.0021666666666666666
2021-10-28,Materials,0.26335,0.27504999999999996
2021-10-29,Materials,0.028880000000000006,-0.1767
2021-11-01,Materials,0.0,0.0284
2021-11-02,Materials,0.0,0.09814999999999999
2021-11-03,Materials,-0.01526666666666667,0.07952000000000001
2021-11-05,Materials,0.0,0.00385
2021-11-08,Materials,0.105375,0.19637500000000002
2021-11-09,Materials,0.09913333333333334,0.09196666666666668
2021-11-10,Materials,0.296,0.296
2021-11-11,Materials,0.4514666666666667,0.4282333333333333
2021-11-12,Materials,-0.10115,0.00385
2021-11-15,Materials,0.24476,0.12172000000000001
2021-11-16,Materials,0.31845,0.19195
2021-11-17,Materials,0.1047,0.08408333333333333
2021-11-18,Materials,-0.025466666666666665,0.022366666666666663
2021-11-19,Materials,0.0,0.0077
2021-11-22,Materials,0.0,-0.0058
2021-11-23,Materials,0.23664444444444444,0.12090000000000001
2021-11-24,Materials,0.12695,0.1372
2021-11-26,Materials,0.0,0.0034333333333333334
2021-11-29,Materials,0.0,0.0
2021-11-30,Materials,0.0,0.12040000000000001
2021-12-01,Materials,0.2014,0.012033333333333333
2021-12-02,Materials,-0.1998,-0.24866666666666667
2021-12-03,Materials,-0.10578000000000001,-0.005879999999999996
2021-12-06,Materials,-0.02761428571428571,0.024842857142857142
2021-12-07,Materials,0.1589,0.13693333333333332
2021-12-08,Materials,0.0,0.00775
2021-12-09,Materials,0.2202,0.22255
2021-12-10,Materials,0.16765714285714287,0.09548571428571428
2021-12-13,Materials,0.34,0.3442
2021-12-14,Materials,0.0,0.00385
2021-12-15,Materials,0.20636666666666667,0.06023333333333334
2021-12-16,Materials,0.20218333333333335,0.12696666666666667
2021-12-17,Materials,0.03704,-0.07954
2021-12-20,Materials,0.0,-0.3612
2021-12-21,Materials,0.054266666666666664,0.0103
2021-12-27,Materials,0.17502857142857145,0.06518571428571428
2021-12-28,Materials,-0.1027,0.0
2021-12-29,Materials,0.13871,0.20684
2021-12-30,Materials,0.6369,0.3726
2021-12-31,Materials,0.13396666666666665,0.12443333333333333
2022-01-04,Materials,0.10115,0.01095
2022-01-05,Materials,0.0,0.0029999999999999996
2022-01-06,Materials,0.09106666666666667,0.0021333333333333334
2022-01-07,Materials,0.16784,0.07812
2022-01-10,Materials,0.20095,0.38155
2022-01-11,Materials,0.148,0.28595
2022-01-12,Materials,0.0,0.0
2022-01-13,Materials,0.0,0.00775
2022-01-14,Materials,0.24422500000000003,0.09402500000000001
2022-01-18,Materials,0.159,0.23095
2022-01-19,Materials,0.09314444444444443,0.15485555555555555
2022-01-20,Materials,0.1387285714285714,0.112
2022-01-21,Materials,0.0885,0.0368
2022-01-24,Materials,0.039028571428571426,0.0094
2022-01-25,Materials,0.12704666666666667,0.12290666666666666
2022-01-26,Materials,0.08038,0.07632
2022-01-27,Materials,0.050575,0.005475
2022-01-28,Materials,0.15473157894736841,0.1841157894736842
2022-01-31,Materials,0.0,0.0
2022-02-01,Materials,-0.05643333333333333,-0.1144
2022-02-02,Materials,0.18250000000000002,0.16046
2022-02-03,Materials,0.08218,0.17948
2022-02-04,Materials,-0.1468,-0.023566666666666663
2022-02-07,Materials,0.085,0.0029
2022-02-08,Materials,0.10606666666666666,0.19483333333333333
2022-02-09,Materials,0.14587333333333333,0.11973999999999999
2022-02-10,Materials,0.20095,0.01355
2022-02-11,Materials,-0.0903,0.006074999999999996
2022-02-14,Materials,0.31916666666666665,0.0147
2022-02-15,Materials,0.17,0.3506
2022-02-16,Materials,0.0,0.0
2022-02-17,Materials,-0.0065333333333333354,0.0008666666666666672
2022-02-18,Materials,0.0,0.07583333333333334
2022-02-22,Materials,-0.10615999999999999,-0.07541
2022-02-23,Materials,0.25365000000000004,0.14144
2022-02-24,Materials,0.1702,0.10432499999999999
2022-02-25,Materials,-0.074,-0.07085000000000001
2022-02-28,Materials,0.0,0.005175
2022-03-01,Materials,0.0,-0.11223333333333334
2022-03-02,Materials,0.17020000000000002,0.13093333333333332
2022-03-03,Materials,0.39994999999999997,0.47155
2022-03-04,Materials,0.0,0.0077
2022-03-07,Materials,-0.006966666666666658,-0.0021833333333333427
2022-03-08,Materials,0.056575,0.005475000000000001
2022-03-09,Materials,0.26108333333333333,0.11868333333333335
2022-03-10,Materials,0.09316666666666666,0.004299999999999999
2022-03-11,Materials,0.0843875,0.011337499999999997
2022-03-14,Materials,0.17646,0.13858
2022-03-15,Materials,0.08333333333333333,0.08723333333333333
2022-03-16,Materials,0.2601333333333333,0.2601333333333333
2022-03-17,Materials,0.33113333333333334,0.20753333333333335
2022-03-18,Materials,0.05666666666666667,0.12483333333333334
2022-03-21,Materials,0.08848333333333336,0.16421666666666665
2022-03-22,Materials,0.14892,0.11461000000000002
2022-03-23,Materials,0.14049999999999999,0.20753333333333335
2022-03-24,Materials,0.0,-0.3705
2022-03-25,Materials,0.16592500000000002,0.189
2022-03-28,Materials,0.3008,0.248925
2022-03-29,Materials,0.18076666666666666,0.11763333333333335
2022-03-30,Materials,-0.0929,-0.08645
2022-03-31,Materials,0.085,0.0892
2022-04-01,Materials,0.40822499999999995,0.24330000000000002
2022-04-04,Materials,0.31806666666666666,0.3327333333333333
2022-04-05,Materials,-0.012299999999999998,0.101925
2022-04-06,Materials,0.1926,-0.032350000000000004
2022-04-07,Materials,0.1915,0.19135714285714286
2022-04-08,Materials,0.148,0.28415
2022-04-11,Materials,0.03558,0.038680000000000006
2022-04-12,Materials,0.46752499999999997,0.10757500000000002
2022-04-13,Materials,0.24569285714285713,0.1437357142857143
2022-04-14,Materials,0.2667444444444444,0.13836666666666667
2022-04-18,Materials,0.11386363636363636,0.1686181818181818
2022-04-19,Materials,0.1725375,0.24459999999999998
2022-04-20,Materials,0.07744999999999999,0.10940833333333334
2022-04-21,Materials,0.11816,0.030253333333333333
2022-04-22,Materials,0.12241499999999998,0.12016500000000001
2022-04-25,Materials,0.01618,-0.002825
2022-04-26,Materials,0.23455333333333334,0.16344666666666666
2022-04-27,Materials,0.1460076923076923,0.15478461538461538
2022-04-28,Materials,0.0,0.12119999999999999
2022-04-29,Materials,-0.045533333333333335,0.04691666666666668
2022-05-02,Materials,0.0,0.3622
2022-05-03,Materials,0.0,-0.05553333333333333
2022-05-04,Materials,-0.07086666666666666,-0.12738888888888888
2022-05-05,Materials,0.2295,-0.07853333333333333
2022-05-06,Materials,0.25756666666666667,0.10813333333333332
2022-05-09,Materials,0.06608,0.08766
2022-05-10,Materials,0.0,0.02585
2022-05-11,Materials,0.171075,0.2637625
2022-05-12,Materials,0.0,0.0168
2022-05-13,Materials,0.2840125,0.0559125
2022-05-16,Materials,0.21230000000000002,0.12556666666666666
2022-05-17,Materials,0.0903,0.10314999999999999
2022-05-18,Materials,0.11656,0.016120000000000002
2022-05-19,Materials,0.296,0.0
2022-05-20,Materials,0.15697999999999998,0.05689999999999999
2022-05-23,Materials,0.195925,0.10022500000000001
2022-05-24,Materials,0.20865,0.13356666666666667
2022-05-25,Materials,-0.14200000000000002,-0.1806
2022-05-26,Materials,0.09430000000000001,-0.06372000000000001
2022-05-27,Materials,0.10184285714285715,0.006999999999999998
2022-05-31,Materials,-0.1858,-0.1858
2022-06-01,Materials,0.071825,0.006199999999999997
2022-06-02,Materials,0.1483125,0.10818749999999999
2022-06-03,Materials,0.0086,-0.21093333333333333
2022-06-06,Materials,0.10115,0.0013
2022-06-07,Materials,0.15132,0.08134
2022-06-08,Materials,0.031019999999999992,-0.14398
2022-06-09,Materials,0.16463333333333333,0.09723333333333334
2022-06-10,Materials,0.06139999999999999,0.14889999999999998
2022-06-13,Materials,-0.09534000000000001,0.0088
2022-06-14,Materials,0.06962,0.07465
2022-06-15,Materials,0.11197142857142858,0.04921428571428571
2022-06-16,Materials,0.16332,0.24697999999999998
2022-06-17,Materials,0.36035,0.21130000000000002
2022-06-21,Materials,0.010183333333333341,0.0484
2022-06-22,Materials,0.13626,0.002980000000000016
2022-06-23,Materials,0.11173333333333334,0.054877777777777775
2022-06-24,Materials,0.06684166666666667,0.062150000000000004
2022-06-27,Materials,0.148,0.0
2022-06-28,Materials,0.22245999999999996,0.17345000000000002
2022-06-29,Materials,0.43365,0.23612500000000003
2022-06-30,Materials,0.11333333333333334,0.11850000000000001
2022-07-01,Materials,0.14756666666666665,0.2636
2022-07-05,Materials,0.20095,0.20095
2022-07-06,Materials,0.20355454545454546,0.2568727272727273
2022-07-07,Materials,0.23322500000000002,0.102425
2022-07-08,Materials,-0.00526666666666666,0.0013166666666666724
2022-07-11,Materials,0.21989999999999998,0.12973333333333334
2022-07-12,Materials,0.043716666666666675,-0.0031000000000000008
2022-07-13,Materials,0.0,0.0
2022-07-14,Materials,0.09145,0.06795
2022-07-15,Materials,0.1571142857142857,0.007428571428571437
2022-07-18,Materials,-0.4215,-0.0052
2022-07-19,Materials,0.22949999999999998,0.15284
2022-07-20,Materials,0.122,0.11731666666666668
2022-07-21,Materials,0.10347272727272729,0.17956363636363637
2022-07-22,Materials,0.08607333333333332,0.10874666666666664
2022-07-25,Materials,-0.020139999999999998,-0.06314
2022-07-26,Materials,0.069788,0.014208
2022-07-27,Materials,-0.045457142857142856,-0.05075714285714285
2022-07-28,Materials,-0.0019000000000000128,-0.06508749999999999
2022-07-29,Materials,0.19234,0.19576
2022-08-01,Materials,0.0,0.024550000000000002
2022-08-02,Materials,0.0,0.0
2022-08-03,Materials,0.10554615384615383,0.058269230769230775
2022-08-04,Materials,0.17596666666666663,0.10813333333333332
2022-08-05,Materials,0.09148333333333332,0.006549999999999991
2022-08-08,Materials,0.23835,0.2558
2022-08-09,Materials,0.41440000000000005,0.35555000000000003
2022-08-10,Materials,0.0,0.0194
2022-08-11,Materials,0.20095,0.023250000000000003
2022-08-16,Materials,0.135575,0.09352500000000001
2022-08-17,Materials,0.07224,0.01266
2022-08-18,Materials,0.1468,0.08800000000000001
2022-08-19,Materials,0.03771666666666667,0.004066666666666666
2022-08-23,Materials,0.10846,0.0032600000000000072
2022-08-24,Materials,0.014228571428571427,0.0018428571428571428
2022-08-25,Materials,0.0,-0.17675000000000002
2022-08-26,Materials,0.00516,-0.01156
2022-08-29,Materials,0.059325,0.0058
2022-08-30,Materials,-0.0638857142857143,-0.25657142857142856
2022-08-31,Materials,0.05695,-0.01925
2022-09-01,Materials,0.00645,-0.154075
2022-09-02,Materials,0.2865,0.0077333333333333325
2022-09-06,Materials,0.2288,0.1027
2022-09-07,Materials,0.0,0.0025666666666666667
2022-09-08,Materials,0.06632500000000001,0.010849999999999999
2022-09-09,Materials,0.14085,0.09161666666666668
2022-09-12,Materials,0.26335,0.19549999999999998
2022-09-13,Materials,-0.028216666666666664,-0.06108333333333333
2022-09-14,Materials,0.128,0.0
2022-09-15,Materials,0.09548333333333332,-0.01685833333333334
2022-09-16,Materials,0.026933333333333337,-0.10331666666666667
2022-09-19,Materials,0.0,0.0097
2022-09-20,Materials,-0.14613333333333334,-0.10830000000000001
2022-09-22,Materials,0.05666666666666667,0.033233333333333344
2022-09-23,Materials,0.22314285714285712,0.11058571428571429
2022-09-26,Materials,0.19595,0.1
2022-09-27,Materials,0.16124,0.05032
2022-09-28,Materials,0.0,-0.0039
2022-09-29,Materials,0.08170000000000001,-0.13138333333333332
2022-09-30,Materials,0.0,0.0
2022-10-03,Materials,0.0,0.12888333333333335
2022-10-04,Materials,0.08706,0.003659999999999999
2022-10-05,Materials,0.3825,0.2097
2022-10-06,Materials,0.069875,-0.05715
2022-10-07,Materials,-0.15272,-0.15014
2022-10-10,Materials,-0.11315,0.34299999999999997
2022-10-11,Materials,0.1241,0.06441666666666668
2022-10-12,Materials,0.0,0.0009750000000000002
2022-10-13,Materials,0.34,0.34
2022-10-14,Materials,0.08038,-0.13816
2022-10-17,Materials,0.0,0.00775
2022-10-18,Materials,0.013760000000000005,-0.018899999999999993
2022-10-19,Materials,0.13493333333333335,0.09954999999999999
2022-10-20,Materials,0.0,-0.000325
2022-10-21,Materials,0.056964285714285724,0.04343571428571429
2022-10-24,Materials,0.14636666666666667,0.2448
2022-10-25,Materials,0.11028750000000001,0.0914875
2022-10-26,Materials,0.14258,-0.0633
2022-10-27,Materials,0.0,0.0021000000000000185
2022-10-28,Materials,0.08038,0.00928
2022-10-31,Materials,0.0,0.0097
2022-11-01,Materials,0.0,0.0129
2022-11-02,Materials,-0.05271666666666667,-0.19281666666666664
2022-11-03,Materials,-0.13105,-0.107
2022-11-04,Materials,0.07955,-0.14625000000000002
2022-11-08,Materials,0.0,0.07296
2022-11-09,Materials,0.10685833333333335,0.1554333333333333
2022-11-10,Materials,0.0,0.0008666666666666666
2022-11-11,Materials,0.0,-0.0008666666666666661
2022-11-14,Materials,0.153,0.08992
2022-11-15,Materials,0.03735000000000001,0.16255
2022-11-16,Materials,0.25054,0.20818000000000003
2022-11-18,Materials,0.7096,0.3939
2022-11-21,Materials,0.21373999999999999,0.1822
2022-11-22,Materials,0.11881666666666668,0.07773333333333333
2022-11-23,Materials,0.0,0.0
2022-11-25,Materials,0.148,0.1837
2022-11-28,Materials,0.0,0.3612
2022-11-29,Materials,0.2023,0.0219
2022-11-30,Materials,0.0,0.008857142857142857
2022-12-01,Materials,0.22732000000000002,0.01446
2022-12-02,Materials,0.048728571428571434,0.05355714285714287
2022-12-05,Materials,-0.17,-0.00385
2022-12-06,Materials,0.0,0.0045
2022-12-07,Materials,0.27625,0.181475
2022-12-09,Materials,0.17,0.3506
2022-12-12,Materials,0.21230000000000002,0.13066666666666668
2022-12-13,Materials,-0.1858,-0.1858
2022-12-14,Materials,0.24093333333333333,0.12900000000000003
2022-12-15,Materials,0.09545,0.0916
2022-12-16,Materials,0.0,0.13116666666666668
2022-12-19,Materials,-0.6249,-0.6597
2022-12-20,Materials,0.123475,0.020975
2022-12-21,Materials,0.19957142857142857,0.10882857142857143
2022-12-22,Materials,0.16973333333333332,-0.04193333333333333
2022-12-23,Materials,0.0,0.00905
2022-12-27,Materials,0.0,0.0
2022-12-28,Materials,0.42530000000000007,0.17970000000000003
2022-12-29,Materials,0.0683,0.006775
2022-12-30,Materials,0.05815,-0.082875
2023-01-03,Materials,-0.1591,-0.1591
2023-01-04,Materials,0.12765,0.09417500000000001
2023-01-05,Materials,0.1101,0.008700000000000001
2023-01-06,Materials,0.0876,0.08907142857142857
2023-01-09,Materials,0.0,0.11818
2023-01-10,Materials,0.04019,0.0839
2023-01-11,Materials,0.13396666666666665,0.011166666666666667
2023-01-12,Materials,0.17018,0.27430000000000004
2023-01-13,Materials,0.15642,0.14006000000000002
2023-01-17,Materials,0.33232999999999996,0.2673
2023-01-18,Materials,0.1765857142857143,0.17527142857142858
2023-01-19,Materials,0.11831428571428572,0.13575714285714285
2023-01-20,Materials,0.12351818181818182,0.1877090909090909
2023-01-23,Materials,0.25804,0.16011999999999998
2023-01-24,Materials,0.08953333333333334,0.06951111111111112
2023-01-25,Materials,0.1601857142857143,0.22142857142857145
2023-01-26,Materials,-0.013709090909090903,0.028563636363636347
2023-01-27,Materials,0.04131923076923077,0.10218461538461537
2023-01-30,Materials,0.09866666666666667,0.0155
2023-01-31,Materials,0.20729999999999996,0.012249999999999999
2023-02-01,Materials,0.109775,-0.031474999999999996
2023-02-02,Materials,0.0,0.0
2023-02-03,Materials,0.04738333333333334,0.03005000000000001
2023-02-06,Materials,0.03486666666666667,0.10436666666666668
2023-02-07,Materials,-0.11976470588235297,-0.12630588235294118
2023-02-08,Materials,-0.02408947368421052,-0.009084210526315788
2023-02-09,Materials,0.13396666666666665,0.0073
2023-02-10,Materials,0.024474999999999997,-0.019000000000000003
2023-02-13,Materials,0.1468,-0.05836666666666666
2023-02-14,Materials,-0.003225,-0.038512500000000005
2023-02-15,Materials,0.07543333333333334,0.0034333333333333334
2023-02-16,Materials,0.11745000000000001,0.0775
2023-02-17,Materials,0.10854285714285714,0.13967142857142856
2023-02-21,Materials,-0.04846666666666668,0.12195
2023-02-22,Materials,-0.05325,0.06011
2023-02-23,Materials,0.11637499999999999,0.07086250000000001
2023-02-24,Materials,-0.002946153846153855,0.07036923076923077
2023-02-27,Materials,0.1202142857142857,0.1905285714285714
2023-02-28,Materials,0.3266833333333334,0.12436666666666667
2023-03-01,Materials,0.5106,0.0194
2023-03-02,Materials,0.18281250000000002,0.169375
2023-03-03,Materials,-0.06558749999999999,-0.08531250000000001
2023-03-06,Materials,0.0007749999999999979,0.096225
2023-03-07,Materials,0.05666666666666667,0.06570000000000001
2023-03-08,Materials,0.07945,0.09299999999999999
2023-03-09,Materials,0.13027142857142857,0.06267142857142859
2023-03-10,Materials,-0.021871428571428573,-0.04608571428571429
2023-03-13,Materials,0.11800000000000002,-0.06048
2023-03-14,Materials,0.1749,0.07859999999999998
2023-03-15,Materials,0.0980923076923077,0.10352307692307693
2023-03-16,Materials,0.10972000000000001,0.07521333333333334
2023-03-17,Materials,0.06842857142857144,0.10505714285714286
2023-03-20,Materials,0.07368333333333334,0.11135833333333332
2023-03-21,Materials,0.2275625,0.07895
2023-03-22,Materials,0.04085833333333334,0.12481666666666667
2023-03-23,Materials,0.08218333333333334,0.12823333333333334
2023-03-24,Materials,0.10398888888888888,0.05135555555555555
2023-03-27,Materials,0.0,0.009
2023-03-28,Materials,0.03440000000000001,0.06976000000000002
2023-03-29,Materials,0.371025,0.386625
2023-03-30,Materials,0.3173,0.20406250000000004
2023-03-31,Materials,0.1057,0.15543333333333334
2023-04-03,Materials,0.047860000000000014,-0.05229999999999999
2023-04-04,Materials,-0.10533999999999999,-0.06876
2023-04-05,Materials,0.08325,0.0101
2023-04-06,Materials,0.306825,0.219675
2023-04-10,Materials,0.20896666666666666,0.1535
2023-04-11,Materials,0.1955,0.2343090909090909
2023-04-12,Materials,0.149375,0.076125
2023-04-13,Materials,0.0,0.0
2023-04-14,Materials,-0.01629999999999999,-0.0715
2023-04-17,Materials,0.07955,0.08255
2023-04-18,Materials,0.26335,0.20604999999999998
2023-04-19,Materials,0.175325,0.051775000000000015
2023-04-20,Materials,0.008350000000000003,-0.025925000000000004
2023-04-21,Materials,0.119855,0.094955
2023-04-24,Materials,0.03415,0.16325
2023-04-25,Materials,0.06743333333333333,0.010116666666666668
2023-04-26,Materials,0.05815000000000001,0.0981125
2023-04-27,Materials,0.01985384615384616,-0.011792307692307692
2023-04-28,Materials,0.11496666666666666,0.113225
2023-05-01,Materials,0.13135,0.0606125
2023-05-02,Materials,0.12691666666666668,0.03591666666666667
2023-05-03,Materials,0.0,-0.042485714285714286
2023-05-04,Materials,-0.12548333333333334,-0.057649999999999986
2023-05-05,Materials,-0.020572727272727274,0.00830909090909091
2023-05-08,Materials,0.0,-0.1054
2023-05-09,Materials,0.195,0.18302000000000002
2023-05-10,Materials,0.0,-0.0039
2023-05-11,Materials,0.2023,0.0129
2023-05-12,Materials,0.19310909090909092,0.10476363636363638
2023-05-15,Materials,0.148,0.0
2023-05-16,Materials,0.07293333333333334,0.15548333333333333
2023-05-17,Materials,0.16392,0.11261999999999998
2023-05-18,Materials,0.148,0.0070999999999999995
2023-05-19,Materials,0.05954545454545455,0.065
2023-05-22,Materials,0.0,0.12513333333333335
2023-05-23,Materials,0.2539,0.1090125
2023-05-24,Materials,0.14365714285714287,0.11225714285714285
2023-05-25,Materials,-0.074,0.00675
2023-05-26,Materials,0.08155384615384616,-0.0022230769230769257
2023-05-30,Materials,0.052762500000000004,-0.009462499999999988
2023-05-31,Materials,0.13422222222222221,0.044588888888888886
2023-06-01,Materials,0.131,0.15392
2023-06-02,Materials,0.04210000000000001,0.006035714285714286
2023-06-05,Materials,0.16181111111111113,0.10026666666666667
2023-06-06,Materials,0.2386,0.23953333333333335
2023-06-07,Materials,0.06020000000000002,0.0034249999999999975
2023-06-08,Materials,0.16094999999999998,-0.040400000000000005
2023-06-09,Materials,0.034,0.03811
2023-06-12,Materials,0.17,0.17195000000000002
2023-06-13,Materials,0.016700000000000007,-0.0034499999999999947
2023-06-14,Materials,0.249275,0.2793875
2023-06-15,Materials,0.3727666666666667,0.22196666666666665
2023-06-16,Materials,0.10748181818181819,0.07298181818181818
2023-06-20,Materials,0.3534,0.18885000000000002
2023-06-21,Materials,0.05305000000000001,0.030583333333333323
2023-06-22,Materials,0.22408333333333333,0.06741666666666667
2023-06-23,Materials,0.11337499999999999,0.023200000000000002
2023-06-26,Materials,0.04228571428571428,0.0036857142857142857
2023-06-27,Materials,0.12040000000000001,0.014633333333333332
2023-06-28,Materials,0.0876,0.049671428571428575
2023-06-29,Materials,0.2588166666666667,0.18928333333333333
2023-06-30,Materials,-0.015389999999999997,-0.01054999999999999
2023-07-03,Materials,-0.1858,-0.17609999999999998
2023-07-05,Materials,0.04857142857142858,0.15730000000000002
2023-07-06,Materials,0.28176,0.191
2023-07-07,Materials,0.06577777777777777,0.027466666666666664
2023-07-10,Materials,0.1512,0.05852857142857143
2023-07-11,Materials,0.3281,0.19146666666666665
2023-07-12,Materials,0.06382222222222222,-0.029111111111111112
2023-07-13,Materials,0.12940000000000002,0.14318750000000002
2023-07-14,Materials,0.0,0.010516666666666667
2023-07-17,Materials,0.0,0.0
2023-07-18,Materials,0.06376000000000001,0.06900000000000002
2023-07-19,Materials,0.05465714285714286,0.04
2023-07-20,Materials,0.0,-0.05403333333333332
2023-07-21,Materials,0.08205454545454545,-0.08323636363636365
2023-07-24,Materials,-0.06291428571428571,-0.04377142857142857
2023-07-25,Materials,0.17017999999999997,0.08309333333333332
2023-07-26,Materials,0.08158695652173913,0.09168260869565216
2023-07-27,Materials,0.0354625,0.0785875
2023-07-28,Materials,0.04019,0.00722
2023-07-31,Materials,0.2732,0.2732
2023-08-02,Materials,0.22311999999999999,0.24626
2023-08-03,Materials,-0.0008266666666666608,-0.01964
2023-08-04,Materials,0.025414285714285716,-0.07787142857142856
2023-08-08,Materials,0.0,0.3559
2023-08-09,Materials,0.0172,0.0172
2023-08-10,Materials,0.265575,0.20249999999999999
2023-08-11,Materials,0.0734,0.039766666666666665
2023-08-14,Materials,0.29973333333333335,0.01896666666666667
2023-08-15,Materials,0.2313333333333333,0.19991666666666666
2023-08-16,Materials,0.040029999999999996,-0.035620000000000006
2023-08-18,Materials,0.2129777777777778,0.07627777777777778
2023-08-21,Materials,0.06535,-0.08135
2023-08-22,Materials,-0.012907692307692299,-0.024976923076923077
2023-08-23,Materials,0.0282875,-0.0125375
2023-08-24,Materials,0.0,-0.18385
2023-08-25,Materials,0.07636,0.012260000000000004
2023-08-28,Materials,0.31916,0.1964
2023-08-29,Materials,0.31174999999999997,0.349275
2023-08-30,Materials,0.0,0.0
2023-08-31,Materials,0.27375,0.3083833333333333
2023-09-01,Materials,0.2364625,0.12985
2023-09-05,Materials,0.31290000000000007,0.08538
2023-09-06,Materials,0.100825,0.045075000000000004
2023-09-07,Materials,0.13413333333333333,0.13958333333333334
2023-09-08,Materials,0.03440000000000001,0.057387499999999994
2023-09-11,Materials,0.05257142857142857,0.035485714285714294
2023-09-12,Materials,0.13396666666666665,0.009883333333333334
2023-09-13,Materials,0.08038,0.00568
2023-09-14,Materials,0.0623,0.07743333333333334
2023-09-15,Materials,0.068475,-0.239325
2023-09-18,Materials,-0.17202,-0.04655
2023-09-19,Materials,0.09456153846153846,0.014423076923076924
2023-09-20,Materials,0.0,0.00515
2023-09-21,Materials,0.050575,0.087075
2023-09-22,Materials,0.10292499999999999,0.016462499999999998
2023-09-25,Materials,0.17020000000000002,0.12563333333333335
2023-09-26,Materials,-0.043349999999999986,-0.06820999999999999
2023-09-27,Materials,0.1366,0.00385
2023-09-28,Materials,0.03558571428571428,0.0661
2023-09-29,Materials,0.15745,0.13953333333333334
2023-10-02,Materials,0.0,0.0
2023-10-03,Materials,0.13906666666666667,0.12625555555555557
2023-10-04,Materials,0.09647272727272727,0.03976363636363637
2023-10-05,Materials,0.03468333333333334,0.0647
2023-10-06,Materials,0.0654875,0.073275
2023-10-09,Materials,0.20653333333333332,0.4202000000000001
2023-10-10,Materials,0.035066666666666656,-0.04570000000000001
2023-10-11,Materials,0.0,0.12176666666666668
2023-10-12,Materials,0.21208571428571427,0.09907142857142857
2023-10-13,Materials,0.13705555555555557,0.12835555555555556
2023-10-16,Materials,0.1456333333333333,0.16406666666666667
2023-10-17,Materials,0.16233333333333333,0.09943333333333333
2023-10-18,Materials,0.1320875,0.2567125
2023-10-19,Materials,-0.10167272727272728,-0.0678909090909091
2023-10-20,Materials,0.07718888888888889,0.11632222222222222
2023-10-23,Materials,-0.06698333333333333,-0.12468333333333333
2023-10-24,Materials,0.090915,-0.03456
2023-10-25,Materials,0.1647470588235294,0.20102352941176468
2023-10-26,Materials,0.10041249999999999,0.05435
2023-10-27,Materials,0.12538823529411763,0.005176470588235299
2023-10-30,Materials,0.01544,-0.006220000000000001
2023-10-31,Materials,0.16892000000000001,0.08152000000000001
2023-11-01,Materials,0.0,0.0008666666666666666
2023-11-02,Materials,0.17239285714285715,0.17852142857142855
2023-11-03,Materials,0.13061666666666666,0.10785000000000002
2023-11-06,Materials,0.27285,0.24945
2023-11-07,Materials,0.239475,0.24455000000000005
2023-11-08,Materials,0.0513,-0.10861999999999998
2023-11-09,Materials,0.0129,-0.3243
2023-11-10,Materials,0.00258,-0.00412
2023-11-13,Materials,-0.013250000000000012,-0.092
2023-11-14,Materials,0.08056666666666666,0.050050000000000004
2023-11-15,Materials,0.2692,0.21911428571428568
2023-11-16,Materials,0.3349,-0.0038333333333333327
2023-11-17,Materials,0.06698333333333333,0.008166666666666668
2023-11-20,Materials,0.24135,0.20297500000000002
2023-11-21,Materials,0.37370000000000003,0.0812
2023-11-22,Materials,0.0,0.011416666666666665
2023-11-24,Materials,0.26349999999999996,0.21556000000000003
2023-11-27,Materials,0.0658375,0.1410875
2023-11-28,Materials,0.07542857142857144,0.1285857142857143
2023-11-29,Materials,0.19446666666666665,0.10786666666666667
2023-11-30,Materials,0.11389999999999999,0.09269999999999999
2023-12-01,Materials,0.100475,0.012575000000000001
2023-12-04,Materials,0.20604999999999998,0.12491666666666668
2023-12-05,Materials,0.0,0.0077
2023-12-06,Materials,0.0,0.0
2023-12-07,Materials,0.100475,0.0042
2023-12-08,Materials,0.015378571428571417,0.04557142857142858
2023-12-11,Materials,0.217175,0.14665
2023-12-12,Materials,0.18554444444444446,0.10367777777777779
2023-12-13,Materials,-0.08146666666666666,-0.0772
2023-12-14,Materials,0.29651,0.14584999999999998
2023-12-15,Materials,0.0,-0.06656000000000001
2023-12-18,Materials,-0.2732,-0.3664
2023-12-19,Materials,-0.07972,-0.1242
2020-01-03,RealEstate,0.02413333333333334,0.0168
2020-01-06,RealEstate,-0.10638,0.0712
2020-01-07,RealEstate,0.148,0.00775
2020-01-08,RealEstate,0.0,0.01745
2020-01-09,RealEstate,-0.01053333333333332,-0.004500000000000004
2020-01-10,RealEstate,0.0,0.0077
2020-01-13,RealEstate,-0.09286666666666667,0.00945
2020-01-14,RealEstate,0.2394666666666667,0.08673333333333333
2020-01-15,RealEstate,0.148,0.0
2020-01-16,RealEstate,0.028900000000000002,0.007557142857142858
2020-01-17,RealEstate,0.24766666666666667,0.21320000000000003
2020-01-21,RealEstate,0.28376666666666667,0.019333333333333334
2020-01-22,RealEstate,0.10779999999999999,0.14764285714285713
2020-01-23,RealEstate,0.014714285714285716,0.12275714285714287
2020-01-24,RealEstate,0.29055,0.286975
2020-01-27,RealEstate,0.07224,0.01188
2020-01-28,RealEstate,0.08510000000000001,0.0114
2020-01-29,RealEstate,0.189475,0.035275
2020-01-30,RealEstate,0.09878,0.010839999999999999
2020-01-31,RealEstate,0.0516,0.06952857142857143
2020-02-03,RealEstate,0.18095,0.191975
2020-02-04,RealEstate,0.11333333333333334,0.10860000000000002
2020-02-05,RealEstate,0.0808875,0.044487500000000006
2020-02-06,RealEstate,0.0,0.0034666666666666665
2020-02-07,RealEstate,0.3253714285714286,0.13287142857142858
2020-02-10,RealEstate,0.0,0.006466666666666667
2020-02-11,RealEstate,0.1156076923076923,0.07028461538461538
2020-02-12,RealEstate,0.10911428571428573,0.21100714285714287
2020-02-13,RealEstate,0.31277999999999995,0.02758
2020-02-14,RealEstate,0.16086666666666669,0.012691666666666665
2020-02-18,RealEstate,0.17856666666666665,0.11874444444444444
2020-02-19,RealEstate,0.1467857142857143,0.09490714285714286
2020-02-20,RealEstate,0.0,0.16522727272727272
2020-02-21,RealEstate,0.06945384615384614,0.22115384615384615
2020-02-24,RealEstate,0.039580000000000004,0.24594
2020-02-25,RealEstate,0.13772857142857142,0.015857142857142854
2020-02-26,RealEstate,0.054061111111111115,0.07426111111111111
2020-02-27,RealEstate,0.022704545454545453,0.057009090909090905
2020-02-28,RealEstate,0.14914736842105264,0.07041052631578948
2020-03-02,RealEstate,-0.04562631578947368,0.0037052631578947362
2020-03-03,RealEstate,0.18173571428571428,0.10005714285714286
2020-03-04,RealEstate,0.20233333333333334,0.25276666666666664
2020-03-05,RealEstate,0.3180714285714286,0.27622857142857143
2020-03-06,RealEstate,0.3723666666666667,0.32656666666666667
2020-03-09,RealEstate,0.06743333333333333,0.0073
2020-03-10,RealEstate,0.0385,-0.0025571428571428295
2020-03-11,RealEstate,0.09866666666666667,0.3795
2020-03-12,RealEstate,0.2683285714285714,0.2345714285714286
2020-03-13,RealEstate,0.04305,0.056750000000000016
2020-03-16,RealEstate,0.148,0.06945
2020-03-17,RealEstate,0.053761538461538465,-0.025046153846153843
2020-03-18,RealEstate,0.18862,0.14937999999999999
2020-03-19,RealEstate,0.0,0.0947
2020-03-20,RealEstate,0.24842,0.16672000000000003
2020-03-23,RealEstate,0.1604142857142857,0.03984285714285714
2020-03-24,RealEstate,0.08274285714285713,0.04
2020-03-25,RealEstate,0.07892222222222221,0.06477777777777777
2020-03-26,RealEstate,0.1014,0.19783333333333333
2020-03-27,RealEstate,0.23738,0.17101000000000002
2020-03-30,RealEstate,0.439875,0.16897500000000001
2020-03-31,RealEstate,0.26669,0.18146
2020-04-01,RealEstate,-0.05302999999999999,0.29331999999999997
2020-04-02,RealEstate,0.11248333333333334,0.1507833333333333
2020-04-03,RealEstate,-0.06288571428571428,0.06622857142857143
2020-04-06,RealEstate,0.2779666666666667,0.32393333333333335
2020-04-07,RealEstate,0.18343333333333334,0.20636666666666667
2020-04-08,RealEstate,0.11630000000000003,0.0873
2020-04-09,RealEstate,0.5582285714285714,0.5044857142857143
2020-04-13,RealEstate,0.2847411764705883,0.20343529411764708
2020-04-14,RealEstate,-0.08959999999999999,-0.0788
2020-04-15,RealEstate,0.45211428571428575,0.3657
2020-04-16,RealEstate,-0.15283333333333335,-0.09842222222222222
2020-04-17,RealEstate,-0.0683,-0.080675
2020-04-20,RealEstate,0.3117,0.20932
2020-04-21,RealEstate,0.03558,0.015060000000000007
2020-04-22,RealEstate,0.05419,-0.05690000000000002
2020-04-23,RealEstate,0.16174545454545453,0.029872727272727273
2020-04-24,RealEstate,0.24265,0.0881
2020-04-27,RealEstate,0.040525000000000005,0.0789
2020-04-28,RealEstate,0.04031818181818182,0.03480909090909091
2020-04-29,RealEstate,0.17272666666666664,0.019186666666666668
2020-04-30,RealEstate,0.08609444444444445,0.10859444444444444
2020-05-01,RealEstate,0.02137272727272728,0.09361818181818182
2020-05-04,RealEstate,-0.04452,0.057130000000000014
2020-05-05,RealEstate,0.01305,0.07766
2020-05-06,RealEstate,0.09682857142857142,0.22105714285714284
2020-05-07,RealEstate,-0.05454285714285715,0.008657142857142858
2020-05-08,RealEstate,0.28576,0.08460999999999999
2020-05-11,RealEstate,0.19722,0.01986
2020-05-12,RealEstate,0.09163333333333333,0.09521666666666666
2020-05-13,RealEstate,-0.3024375,-0.23233749999999997
2020-05-14,RealEstate,0.24193333333333333,0.0365
2020-05-15,RealEstate,0.1643857142857143,0.025692857142857146
2020-05-18,RealEstate,-0.06106249999999999,-0.055787500000000004
2020-05-19,RealEstate,0.5497,0.41787142857142856
2020-05-20,RealEstate,0.10423333333333333,0.06845
2020-05-21,RealEstate,0.0909857142857143,0.06001428571428571
2020-05-22,RealEstate,0.0,0.01615
2020-05-26,RealEstate,0.09638571428571428,0.11316428571428572
2020-05-27,RealEstate,0.07925999999999998,0.23538
2020-05-28,RealEstate,0.0,0.0077
2020-05-29,RealEstate,0.20835,0.18380000000000002
2020-06-01,RealEstate,0.0851,0.06793333333333333
2020-06-02,RealEstate,0.03263333333333332,0.28825
2020-06-03,RealEstate,0.17936000000000002,0.08920000000000002
2020-06-04,RealEstate,0.14533333333333334,0.23826666666666665
2020-06-05,RealEstate,0.148,0.17005
2020-06-08,RealEstate,0.0,0.0323
2020-06-09,RealEstate,0.13983333333333334,0.018466666666666666
2020-06-10,RealEstate,0.0172,0.038233333333333334
2020-06-11,RealEstate,0.024575,0.068825
2020-06-12,RealEstate,0.209675,0.289975
2020-06-15,RealEstate,0.296,0.3094
2020-06-16,RealEstate,0.20095,0.01225
2020-06-17,RealEstate,0.263075,0.100775
2020-06-18,RealEstate,-0.027600000000000013,0.104
2020-06-19,RealEstate,0.34626666666666667,0.13203333333333334
2020-06-24,RealEstate,0.0,0.016475
2020-06-25,RealEstate,-0.1806,-0.0045
2020-06-29,RealEstate,0.0191,0.2723
2020-06-30,RealEstate,0.0,0.009
2020-07-01,RealEstate,0.3609,0.36040000000000005
2020-07-02,RealEstate,0.0,0.0245
2020-07-06,RealEstate,-0.042666666666666665,0.12256666666666667
2020-07-07,RealEstate,-0.1591,0.02815000000000001
2020-07-08,RealEstate,0.48385,0.4796
2020-07-09,RealEstate,-0.5994,-0.3071
2020-07-10,RealEstate,0.0,0.0
2020-07-13,RealEstate,0.0772,0.0348
2020-07-14,RealEstate,0.0,0.0323
2020-07-15,RealEstate,0.0,0.0
2020-07-16,RealEstate,0.01714,0.04990000000000001
2020-07-21,RealEstate,0.0,0.028879999999999996
2020-07-22,RealEstate,0.08808,0.07792
2020-07-23,RealEstate,0.14934999999999998,0.01355
2020-07-24,RealEstate,0.09866666666666667,0.006466666666666667
2020-07-27,RealEstate,0.0,0.0
2020-07-28,RealEstate,0.12483333333333334,-0.08356666666666668
2020-07-30,RealEstate,0.10396666666666667,0.08678333333333334
2020-07-31,RealEstate,-0.07945,0.12301666666666666
2020-08-03,RealEstate,0.1953,0.017633333333333334
2020-08-04,RealEstate,-0.0258,-0.08185
2020-08-05,RealEstate,-0.2997,-0.14579999999999999
2020-08-06,RealEstate,0.09866666666666667,0.2242333333333333
2020-08-07,RealEstate,0.0,0.0029999999999999996
2020-08-10,RealEstate,0.3182,0.17473333333333332
2020-08-11,RealEstate,0.0,0.0077
2020-08-12,RealEstate,0.4019,0.0181
2020-08-13,RealEstate,0.0,0.0155
2020-08-14,RealEstate,0.0,-0.00575
2020-08-17,RealEstate,0.12726666666666667,-0.11206666666666666
2020-08-18,RealEstate,0.31845,0.192
2020-08-19,RealEstate,0.5594,0.18169999999999997
2020-08-20,RealEstate,0.0,0.016800000000000002
2020-08-21,RealEstate,0.0,0.010950000000000001
2020-08-24,RealEstate,-0.02145000000000001,0.239075
2020-08-25,RealEstate,-0.025675,0.01
2020-08-26,RealEstate,0.125,0.02325
2020-08-27,RealEstate,0.1147,0.013225
2020-08-28,RealEstate,0.33837500000000004,0.18269999999999997
2020-08-31,RealEstate,0.0,0.0155
2020-09-01,RealEstate,0.6044,0.1964
2020-09-02,RealEstate,-0.015875,-0.062275000000000004
2020-09-03,RealEstate,0.0,0.0
2020-09-04,RealEstate,0.0,-0.009
2020-09-08,RealEstate,0.19932,0.02246
2020-09-09,RealEstate,0.13975,0.025150000000000002
2020-09-10,RealEstate,-0.6249,-0.3485
2020-09-14,RealEstate,0.0,0.0097
2020-09-15,RealEstate,0.31845,0.1948
2020-09-16,RealEstate,0.123475,0.015825000000000002
2020-09-17,RealEstate,0.0,0.0026
2020-09-18,RealEstate,-0.3062,-0.3596
2020-09-21,RealEstate,0.2202,0.009
2020-09-22,RealEstate,0.0,0.0026
2020-09-23,RealEstate,0.0,0.0
2020-09-25,RealEstate,0.0,0.0
2020-09-29,RealEstate,0.10115,0.1903
2020-09-30,RealEstate,0.0,0.0155
2020-10-01,RealEstate,0.3818,0.0271
2020-10-06,RealEstate,0.28595,0.2033
2020-10-07,RealEstate,0.4404,0.0426
2020-10-13,RealEstate,0.0,0.0077
2020-10-15,RealEstate,0.26335,0.02
2020-10-20,RealEstate,0.0,0.0
2020-10-21,RealEstate,0.181725,0.2253
2020-10-22,RealEstate,0.148,0.01095
2020-10-23,RealEstate,-0.2997,-0.13715000000000002
2020-10-26,RealEstate,0.0,0.0
2020-10-27,RealEstate,0.26663333333333333,0.24453333333333335
2020-10-29,RealEstate,0.2288,0.0045
2020-10-30,RealEstate,0.0,0.00775
2020-11-02,RealEstate,0.0,0.0
2020-11-03,RealEstate,0.0,0.1913
2020-11-04,RealEstate,0.0,0.0155
2020-11-05,RealEstate,0.0,0.00775
2020-11-06,RealEstate,0.13396666666666665,0.022833333333333334
2020-11-09,RealEstate,0.124575,0.005475
2020-11-10,RealEstate,0.24126666666666666,0.3425
2020-11-12,RealEstate,0.3062,0.30395
2020-11-16,RealEstate,0.26335,0.2691
2020-11-17,RealEstate,0.0,0.0387
2020-11-19,RealEstate,0.4404,0.3849
2020-11-20,RealEstate,0.0,0.0077
2020-11-24,RealEstate,0.0,0.009
2020-11-25,RealEstate,0.160675,0.11365000000000001
2020-11-30,RealEstate,0.012650000000000002,0.0975
2020-12-01,RealEstate,0.25806666666666667,0.02323333333333333
2020-12-02,RealEstate,0.34,0.3442
2020-12-03,RealEstate,0.1909,0.0284
2020-12-04,RealEstate,0.33926666666666666,0.2504
2020-12-07,RealEstate,0.0,0.0
2020-12-08,RealEstate,0.4767,0.0207
2020-12-09,RealEstate,0.0,-0.3612
2020-12-10,RealEstate,0.0086,0.018066666666666665
2020-12-11,RealEstate,0.0,0.0451
2020-12-14,RealEstate,0.0,0.01318
2020-12-15,RealEstate,0.06363333333333333,0.12211666666666667
2020-12-16,RealEstate,0.11383999999999998,0.0678
2020-12-17,RealEstate,0.189475,0.01675
2020-12-18,RealEstate,0.0,0.1806
2020-12-21,RealEstate,0.18185,0.18125000000000002
2020-12-22,RealEstate,0.05464,0.024519999999999997
2020-12-24,RealEstate,0.0,0.00065
2020-12-28,RealEstate,0.2202,0.02
2020-12-29,RealEstate,-0.1027,0.0
2020-12-30,RealEstate,0.0,0.0181
2020-12-31,RealEstate,0.0,0.02248
2021-01-04,RealEstate,0.2037,0.13246666666666668
2021-01-05,RealEstate,0.0,0.009
2021-01-06,RealEstate,0.0,0.00642
2021-01-07,RealEstate,0.148,0.15855
2021-01-08,RealEstate,0.0,0.0155
2021-01-11,RealEstate,0.2732,0.0077
2021-01-12,RealEstate,0.2874333333333334,0.3408333333333333
2021-01-13,RealEstate,0.06537142857142857,0.007928571428571429
2021-01-14,RealEstate,0.205675,0.281375
2021-01-15,RealEstate,0.0,0.0077
2021-01-19,RealEstate,0.24176000000000003,0.0874
2021-01-20,RealEstate,0.0,0.18705000000000002
2021-01-21,RealEstate,0.059739999999999994,0.13144
2021-01-26,RealEstate,0.15358571428571427,0.10037142857142857
2021-01-27,RealEstate,0.059199999999999996,0.07638
2021-01-28,RealEstate,0.172125,0.25405
2021-01-29,RealEstate,0.0,0.108825
2021-02-01,RealEstate,-0.0598,0.051866666666666665
2021-02-02,RealEstate,0.2083,0.0236
2021-02-03,RealEstate,0.033716666666666666,0.0072833333333333335
2021-02-04,RealEstate,0.22812500000000002,0.10192500000000002
2021-02-05,RealEstate,0.0,0.0
2021-02-08,RealEstate,0.28595,0.1977
2021-02-09,RealEstate,0.21835,0.07780000000000001
2021-02-10,RealEstate,0.0,-0.0013
2021-02-12,RealEstate,0.08808,0.06372000000000001
2021-02-16,RealEstate,0.5370250000000001,0.20155
2021-02-17,RealEstate,0.28595,0.0271
2021-02-18,RealEstate,0.0,0.011600000000000001
2021-02-22,RealEstate,0.05666666666666667,0.07655
2021-02-23,RealEstate,0.0,0.12453333333333333
2021-02-24,RealEstate,0.06743333333333333,0.129
2021-02-25,RealEstate,0.05666666666666667,0.15764999999999998
2021-02-26,RealEstate,0.11217142857142859,0.008857142857142857
2021-03-01,RealEstate,0.17585,0.014199999999999999
2021-03-02,RealEstate,0.34388,0.15518
2021-03-03,RealEstate,0.0,0.0155
2021-03-04,RealEstate,0.00516,0.011600000000000001
2021-03-05,RealEstate,0.5574,0.5537
2021-03-08,RealEstate,0.0,0.011200000000000002
2021-03-09,RealEstate,0.3731,0.031733333333333356
2021-03-11,RealEstate,0.1779,0.1962
2021-03-12,RealEstate,0.0,0.0194
2021-03-15,RealEstate,0.14613333333333334,0.12040000000000001
2021-03-16,RealEstate,0.29283333333333333,0.18216666666666667
2021-03-17,RealEstate,-0.0024999999999999953,0.08991666666666669
2021-03-18,RealEstate,-0.014671428571428571,0.0036857142857142857
2021-03-19,RealEstate,0.24350000000000002,0.01805
2021-03-24,RealEstate,0.0,0.00775
2021-03-26,RealEstate,0.39893333333333336,0.020633333333333333
2021-03-30,RealEstate,0.11878,0.02838
2021-03-31,RealEstate,0.12726666666666667,0.1255666666666667
2021-04-01,RealEstate,0.0,0.0077
2021-04-05,RealEstate,-0.2942,-0.0765
2021-04-06,RealEstate,-0.21636666666666668,0.0008666666666666666
2021-04-07,RealEstate,0.4767,0.4897
2021-04-08,RealEstate,0.4019,0.4157
2021-04-09,RealEstate,0.0,0.0
2021-04-12,RealEstate,0.0,0.0
2021-04-13,RealEstate,0.49429999999999996,0.36605
2021-04-14,RealEstate,0.0,0.0077
2021-04-15,RealEstate,0.0,0.1806
2021-04-16,RealEstate,0.09176,0.03226
2021-04-19,RealEstate,0.0,0.0
2021-04-20,RealEstate,0.06364,0.13899999999999998
2021-04-22,RealEstate,0.0,0.12556666666666666
2021-04-23,RealEstate,0.100475,0.11847500000000001
2021-04-26,RealEstate,0.7783,0.3839
2021-04-27,RealEstate,0.09085714285714286,0.06294285714285715
2021-04-29,RealEstate,0.24018571428571428,0.23048571428571427
2021-04-30,RealEstate,0.058442857142857144,0.042185714285714285
2021-05-03,RealEstate,0.25312,0.0854
2021-05-04,RealEstate,0.229275,0.25145
2021-05-06,RealEstate,0.0,0.027380000000000005
2021-05-07,RealEstate,-0.0605,0.004250000000000004
2021-05-12,RealEstate,0.296,0.5803
2021-05-13,RealEstate,0.34895,0.1618
2021-05-14,RealEstate,0.0,0.012933333333333333
2021-05-18,RealEstate,0.0,0.0
2021-05-19,RealEstate,0.0,0.0181
2021-05-20,RealEstate,0.0,0.0
2021-05-25,RealEstate,0.1158,0.210125
2021-05-26,RealEstate,0.5188666666666667,0.25046666666666667
2021-05-27,RealEstate,0.0,0.008166666666666668
2021-05-28,RealEstate,-0.05135,0.00775
2021-06-01,RealEstate,0.5028,0.0232
2021-06-02,RealEstate,0.1594,0.07261999999999999
2021-06-03,RealEstate,0.5719,0.0297
2021-06-04,RealEstate,0.16836666666666666,0.04426666666666667
2021-06-07,RealEstate,0.296,0.3193
2021-06-08,RealEstate,0.46645000000000003,0.3439
2021-06-10,RealEstate,0.0,0.017233333333333333
2021-06-11,RealEstate,0.15928,0.09028
2021-06-14,RealEstate,0.0,0.0097
2021-06-15,RealEstate,-0.0386,-0.00325
2021-06-16,RealEstate,-0.148,-0.148
2021-06-17,RealEstate,0.11839999999999999,0.0026
2021-06-18,RealEstate,0.1589,0.1402
2021-06-21,RealEstate,0.24422500000000003,0.174775
2021-06-23,RealEstate,-0.2023,0.0116
2021-06-25,RealEstate,-0.1909,0.04235
2021-06-28,RealEstate,0.31845,0.3612
2021-06-29,RealEstate,0.06443333333333333,0.11816666666666668
2021-06-30,RealEstate,0.0,0.0155
2021-07-01,RealEstate,0.0,0.36945
2021-07-02,RealEstate,0.37517142857142854,0.26048571428571426
2021-07-06,RealEstate,0.61895,0.1939
2021-07-07,RealEstate,0.296,0.0
2021-07-08,RealEstate,0.285825,0.2034
2021-07-09,RealEstate,0.0,0.0245
2021-07-12,RealEstate,-0.1366,0.00065
2021-07-13,RealEstate,0.0,0.3612
2021-07-14,RealEstate,0.0,0.009
2021-07-15,RealEstate,0.033716666666666666,0.00365
2021-07-16,RealEstate,0.0,0.1806
2021-07-19,RealEstate,0.0,0.00325
2021-07-20,RealEstate,-0.09531666666666666,-0.08205
2021-07-21,RealEstate,0.0,0.0284
2021-07-22,RealEstate,0.0,0.0
2021-07-23,RealEstate,0.059199999999999996,0.00828
2021-07-27,RealEstate,0.48355,0.45730000000000004
2021-07-29,RealEstate,0.09866666666666667,0.10253333333333332
2021-07-30,RealEstate,-0.068,0.07120000000000001
2021-08-02,RealEstate,0.0,0.0
2021-08-03,RealEstate,0.07194,0.19868000000000002
2021-08-04,RealEstate,0.1953,0.012466666666666668
2021-08-05,RealEstate,0.0,0.004733333333333333
2021-08-09,RealEstate,0.148,0.0029249999999999996
2021-08-10,RealEstate,-0.02054,0.00388
2021-08-11,RealEstate,0.4096333333333333,0.23443333333333335
2021-08-12,RealEstate,0.4393,0.09590000000000001
2021-08-13,RealEstate,0.296,0.5683
2021-08-17,RealEstate,0.11896,0.19004000000000001
2021-08-18,RealEstate,0.296,0.0065
2021-08-19,RealEstate,0.411375,0.089625
2021-08-20,RealEstate,0.25,0.0284
2021-08-23,RealEstate,0.296,0.5719
2021-08-24,RealEstate,-0.1027,0.0
2021-08-25,RealEstate,0.296,0.0258
2021-08-26,RealEstate,0.2516,-0.002133333333333333
2021-08-30,RealEstate,0.06743333333333333,0.134
2021-08-31,RealEstate,-0.0353,0.06693333333333334
2021-09-01,RealEstate,0.0,0.18510000000000001
2021-09-02,RealEstate,0.2732,0.2982
2021-09-07,RealEstate,0.0516,0.0516
2021-09-08,RealEstate,0.15403333333333333,0.0731888888888889
2021-09-09,RealEstate,0.055733333333333336,0.010766666666666667
2021-09-10,RealEstate,0.0,0.3612
2021-09-13,RealEstate,0.3982,0.033225000000000005
2021-09-14,RealEstate,0.0,-0.014387499999999998
2021-09-15,RealEstate,0.34040000000000004,0.015033333333333334
2021-09-16,RealEstate,0.0,0.0097
2021-09-17,RealEstate,0.023500000000000004,-0.15163333333333334
2021-09-20,RealEstate,0.0,0.0045
2021-09-21,RealEstate,0.09765,0.0204
2021-09-22,RealEstate,0.17,0.18135
2021-09-23,RealEstate,0.13486666666666666,0.015466666666666665
2021-09-24,RealEstate,0.0,0.0245
2021-09-27,RealEstate,0.0,0.0
2021-09-28,RealEstate,0.29606,0.20712000000000003
2021-09-29,RealEstate,0.5267,0.0258
2021-09-30,RealEstate,0.0,0.18835000000000002
2021-10-01,RealEstate,0.3021,0.01745
2021-10-04,RealEstate,0.0,0.0323
2021-10-05,RealEstate,0.0,-0.1806
2021-10-06,RealEstate,0.0,0.3612
2021-10-07,RealEstate,0.36643333333333333,0.22206666666666666
2021-10-08,RealEstate,0.0,0.0
2021-10-11,RealEstate,0.50935,0.3612
2021-10-12,RealEstate,0.08038,0.16338
2021-10-13,RealEstate,0.0,0.0284
2021-10-14,RealEstate,0.47950000000000004,0.1789666666666667
2021-10-15,RealEstate,0.08875714285714285,0.04535714285714286
2021-10-18,RealEstate,0.1297714285714286,0.22578571428571428
2021-10-19,RealEstate,0.0,0.009
2021-10-20,RealEstate,0.1909,0.2106
2021-10-21,RealEstate,0.125,0.12735
2021-10-22,RealEstate,0.123,0.03195
2021-10-25,RealEstate,0.7184,0.3736
2021-10-26,RealEstate,0.10115,0.18705000000000002
2021-10-27,RealEstate,0.1957,0.36265000000000003
2021-10-28,RealEstate,0.13486666666666666,0.0017333333333333333
2021-10-29,RealEstate,0.04563333333333333,0.11846666666666668
2021-11-01,RealEstate,0.17951666666666669,0.0756
2021-11-02,RealEstate,0.0,0.07782
2021-11-03,RealEstate,0.050574999999999995,0.0142
2021-11-04,RealEstate,0.0,0.00775
2021-11-05,RealEstate,0.22949999999999998,0.08244
2021-11-09,RealEstate,0.01992,-0.05108
2021-11-10,RealEstate,0.3028333333333333,0.3796333333333333
2021-11-12,RealEstate,0.30525,0.1943
2021-11-15,RealEstate,0.2294,0.0155
2021-11-16,RealEstate,0.09644666666666665,0.05784666666666667
2021-11-17,RealEstate,0.0,0.018099999999999998
2021-11-18,RealEstate,0.050575,0.016774999999999998
2021-11-19,RealEstate,0.43032499999999996,0.31930000000000003
2021-11-23,RealEstate,0.3243625,0.1844
2021-11-26,RealEstate,0.296,0.5719
2021-11-29,RealEstate,0.31845,0.20845
2021-11-30,RealEstate,0.10415,0.017
2021-12-01,RealEstate,0.0,-0.00104
2021-12-02,RealEstate,0.10115,0.00645
2021-12-03,RealEstate,0.4454,0.10825
2021-12-06,RealEstate,-0.0683,0.014675000000000007
2021-12-07,RealEstate,0.050575,0.01
2021-12-08,RealEstate,0.0,0.007725
2021-12-09,RealEstate,0.009199999999999996,0.06754
2021-12-10,RealEstate,0.3243,0.1858
2021-12-13,RealEstate,0.18130000000000002,-0.057449999999999994
2021-12-14,RealEstate,0.020229999999999998,0.00697
2021-12-15,RealEstate,0.42855,0.4056
2021-12-16,RealEstate,0.151725,0.019325000000000002
2021-12-17,RealEstate,0.12248,0.12676
2021-12-20,RealEstate,0.23786666666666664,0.12646666666666667
2021-12-21,RealEstate,0.1761,0.19369999999999998
2021-12-22,RealEstate,0.3446,0.019025
2021-12-23,RealEstate,0.0,0.0074
2021-12-27,RealEstate,0.0,0.009
2021-12-28,RealEstate,0.028416666666666663,0.19211666666666663
2021-12-29,RealEstate,0.21075,0.012249999999999999
2021-12-30,RealEstate,0.18639999999999998,0.30291999999999997
2021-12-31,RealEstate,0.23004999999999998,0.218175
2022-01-03,RealEstate,0.04684999999999999,0.30079999999999996
2022-01-04,RealEstate,0.12738,0.15456
2022-01-05,RealEstate,0.31096666666666667,0.3188
2022-01-06,RealEstate,0.1101,0.014225
2022-01-07,RealEstate,0.17759999999999998,0.00596
2022-01-10,RealEstate,0.0,0.0084
2022-01-11,RealEstate,0.31845,0.18425
2022-01-12,RealEstate,-0.09248000000000002,-0.0015600000000000002
2022-01-13,RealEstate,0.004328571428571427,0.008928571428571433
2022-01-14,RealEstate,0.11333333333333334,0.12823333333333334
2022-01-18,RealEstate,0.1365,0.07345
2022-01-19,RealEstate,-0.06698333333333333,0.03281666666666667
2022-01-20,RealEstate,0.2372,0.3756666666666666
2022-01-21,RealEstate,0.2506888888888889,0.19907777777777777
2022-01-24,RealEstate,0.25132,0.28354
2022-01-25,RealEstate,0.07366,0.02001333333333333
2022-01-26,RealEstate,0.3447,0.196125
2022-01-27,RealEstate,0.1468,-0.09946666666666666
2022-01-28,RealEstate,0.25220909090909094,0.19267272727272725
2022-01-31,RealEstate,-0.03683333333333335,-0.14476666666666668
2022-02-01,RealEstate,0.40195714285714285,0.2137
2022-02-02,RealEstate,0.28595,0.04195
2022-02-03,RealEstate,0.06728571428571428,0.11267142857142856
2022-02-04,RealEstate,0.19733333333333333,0.2937666666666667
2022-02-07,RealEstate,0.0,0.0
2022-02-08,RealEstate,0.10415,0.06730000000000001
2022-02-09,RealEstate,0.17646,0.14742000000000002
2022-02-10,RealEstate,0.04079,-0.029930000000000002
2022-02-11,RealEstate,0.21111428571428573,0.2115857142857143
2022-02-14,RealEstate,0.06743333333333333,-0.11873333333333334
2022-02-15,RealEstate,0.42479999999999996,0.2054
2022-02-16,RealEstate,0.20847500000000002,0.18072500000000002
2022-02-17,RealEstate,0.3456,0.44
2022-02-18,RealEstate,0.052075,0.04145000000000001
2022-02-22,RealEstate,-0.044475,-0.17505
2022-02-23,RealEstate,0.19375833333333334,0.21346666666666667
2022-02-24,RealEstate,0.09283636363636365,0.13018181818181818
2022-02-25,RealEstate,0.18905,0.20682499999999998
2022-02-28,RealEstate,0.0867,-0.039942857142857155
2022-03-01,RealEstate,0.03026,0.02722
2022-03-02,RealEstate,0.04046,0.08024
2022-03-03,RealEstate,0.09424285714285714,0.15321428571428572
2022-03-04,RealEstate,0.158225,0.0934375
2022-03-07,RealEstate,0.44106000000000006,0.2751
2022-03-08,RealEstate,0.12958333333333336,0.11066666666666669
2022-03-09,RealEstate,0.17,0.17765
2022-03-10,RealEstate,-0.05643333333333333,-0.11136666666666667
2022-03-11,RealEstate,0.034,0.0482
2022-03-14,RealEstate,0.2841,0.098875
2022-03-15,RealEstate,0.1534625,0.18545
2022-03-16,RealEstate,0.25997777777777775,0.16815555555555556
2022-03-17,RealEstate,0.14305,0.016400000000000012
2022-03-18,RealEstate,0.0,0.0026
2022-03-21,RealEstate,0.07003000000000001,0.07143000000000002
2022-03-22,RealEstate,0.10757692307692308,0.19700769230769233
2022-03-23,RealEstate,-0.00526666666666666,0.05878333333333333
2022-03-24,RealEstate,0.4404,0.3685
2022-03-25,RealEstate,0.11148,0.08141999999999999
2022-03-28,RealEstate,0.12456,0.07232
2022-03-29,RealEstate,0.09050000000000001,0.051962500000000016
2022-03-30,RealEstate,0.22643333333333335,0.08025000000000002
2022-03-31,RealEstate,0.3188166666666667,0.17526666666666668
2022-04-01,RealEstate,-0.022783333333333333,0.06576666666666667
2022-04-04,RealEstate,0.27973333333333333,0.13013333333333332
2022-04-05,RealEstate,0.24208571428571432,0.20757142857142857
2022-04-06,RealEstate,0.18468,0.13806000000000002
2022-04-07,RealEstate,0.16098333333333334,0.21508333333333338
2022-04-08,RealEstate,0.07506666666666666,0.12505
2022-04-11,RealEstate,0.09866666666666667,0.1332
2022-04-12,RealEstate,-0.010533333333333339,0.0695777777777778
2022-04-13,RealEstate,0.27566666666666667,0.19273333333333334
2022-04-14,RealEstate,-0.0018000000000000017,0.07728
2022-04-18,RealEstate,0.3051875,0.058699999999999995
2022-04-19,RealEstate,0.13101666666666667,0.04351666666666667
2022-04-20,RealEstate,-0.027527272727272723,0.06291818181818182
2022-04-21,RealEstate,0.006385714285714288,0.05392857142857143
2022-04-22,RealEstate,0.09304545454545456,0.03120909090909091
2022-04-25,RealEstate,0.06743333333333333,0.0043
2022-04-26,RealEstate,0.13027142857142857,0.13461428571428571
2022-04-27,RealEstate,0.0,0.010600000000000002
2022-04-28,RealEstate,0.07118,0.15838000000000002
2022-04-29,RealEstate,0.32335,0.256425
2022-05-02,RealEstate,0.16356666666666667,0.0463
2022-05-03,RealEstate,0.10212000000000002,0.08038000000000001
2022-05-04,RealEstate,0.12765,0.225
2022-05-05,RealEstate,0.08214285714285716,0.05725714285714286
2022-05-06,RealEstate,0.0929,0.10099999999999999
2022-05-09,RealEstate,0.03733333333333333,0.14456666666666668
2022-05-10,RealEstate,0.19361428571428574,0.07620000000000002
2022-05-11,RealEstate,0.03717333333333334,0.12943333333333334
2022-05-12,RealEstate,0.02018000000000001,-0.08426
2022-05-13,RealEstate,0.23584,0.14416
2022-05-16,RealEstate,0.16184,0.02244
2022-05-17,RealEstate,0.17446666666666666,0.08507777777777777
2022-05-18,RealEstate,0.3026111111111111,0.18633333333333335
2022-05-19,RealEstate,-0.07372,-0.08379999999999999
2022-05-20,RealEstate,0.0730125,0.011037500000000006
2022-05-23,RealEstate,0.04346363636363635,0.15763636363636363
2022-05-24,RealEstate,0.1622714285714286,0.1251357142857143
2022-05-25,RealEstate,0.29962500000000003,0.245925
2022-05-26,RealEstate,0.267,0.1005
2022-05-27,RealEstate,0.135575,0.004724999999999993
2022-05-31,RealEstate,0.17312,-0.010259999999999997
2022-06-01,RealEstate,0.14705000000000001,0.18321666666666667
2022-06-02,RealEstate,0.1589,0.006466666666666676
2022-06-03,RealEstate,0.18545,-0.005000000000000014
2022-06-06,RealEstate,0.2366625,0.05241250000000001
2022-06-07,RealEstate,0.11515555555555555,0.09053333333333333
2022-06-08,RealEstate,0.021337500000000002,0.009224999999999997
2022-06-09,RealEstate,0.1518,0.1418714285714286
2022-06-10,RealEstate,0.217525,0.09582500000000001
2022-06-13,RealEstate,0.16593333333333332,0.019055555555555555
2022-06-14,RealEstate,0.11722500000000002,0.16648333333333332
2022-06-15,RealEstate,0.10848749999999999,0.1635375
2022-06-16,RealEstate,0.028266666666666662,-0.003766666666666668
2022-06-17,RealEstate,0.17038,0.08994
2022-06-21,RealEstate,0.4124375,0.25787499999999997
2022-06-22,RealEstate,0.28464545454545453,0.14504545454545453
2022-06-23,RealEstate,0.35577500000000006,0.112675
2022-06-24,RealEstate,0.2886,0.10136666666666667
2022-06-27,RealEstate,-0.1858,-0.090675
2022-06-28,RealEstate,0.1103875,0.0214375
2022-06-29,RealEstate,0.104475,0.0641875
2022-06-30,RealEstate,0.177,0.021385714285714286
2022-07-01,RealEstate,0.11333333333333334,0.12636666666666665
2022-07-05,RealEstate,0.10921666666666667,0.10588333333333333
2022-07-06,RealEstate,0.21061111111111114,0.12885555555555556
2022-07-07,RealEstate,-0.019849999999999996,0.08726666666666667
2022-07-08,RealEstate,0.17054999999999998,0.13996250000000002
2022-07-11,RealEstate,0.254675,0.249725
2022-07-12,RealEstate,0.2896875,0.14851250000000002
2022-07-13,RealEstate,-0.00645,0.092175
2022-07-14,RealEstate,0.19654,0.19792
2022-07-15,RealEstate,0.19926,0.01162
2022-07-18,RealEstate,-0.09171111111111112,-0.05236666666666667
2022-07-19,RealEstate,0.049146153846153846,0.07513076923076924
2022-07-20,RealEstate,-0.06447499999999999,-0.07457500000000002
2022-07-21,RealEstate,0.1688285714285714,0.17644285714285715
2022-07-22,RealEstate,0.21794285714285713,0.1893142857142857
2022-07-25,RealEstate,0.375775,0.3613
2022-07-26,RealEstate,0.24486666666666668,0.10295833333333333
2022-07-27,RealEstate,0.21168,0.14884000000000003
2022-07-28,RealEstate,0.1864,0.1390375
2022-07-29,RealEstate,0.0493625,0.199775
2022-08-01,RealEstate,0.19190000000000002,0.07192857142857144
2022-08-02,RealEstate,0.23915833333333333,0.06712499999999999
2022-08-03,RealEstate,0.1672625,0.056875
2022-08-04,RealEstate,-0.01585,0.011675
2022-08-05,RealEstate,0.1428,0.23507500000000003
2022-08-08,RealEstate,0.2806,0.35546
2022-08-09,RealEstate,0.13620000000000002,0.01462
2022-08-10,RealEstate,0.3048166666666667,0.12705
2022-08-11,RealEstate,0.12040000000000001,0.12783333333333333
2022-08-12,RealEstate,0.32548888888888894,0.2461
2022-08-15,RealEstate,0.04515,0.07050000000000001
2022-08-16,RealEstate,0.051983333333333305,0.07176666666666667
2022-08-17,RealEstate,0.28428000000000003,0.01856
2022-08-18,RealEstate,0.20005454545454546,0.13233636363636364
2022-08-19,RealEstate,0.05135,0.19415000000000002
2022-08-22,RealEstate,0.3604,0.026539999999999998
2022-08-23,RealEstate,0.31880000000000003,0.24975454545454545
2022-08-24,RealEstate,0.100475,0.016125
2022-08-25,RealEstate,0.11658888888888891,0.17872222222222223
2022-08-26,RealEstate,0.23621666666666666,0.13215
2022-08-29,RealEstate,0.35150000000000003,0.0309
2022-08-30,RealEstate,0.13670000000000002,0.10085555555555555
2022-08-31,RealEstate,0.18076666666666666,-0.006033333333333334
2022-09-01,RealEstate,0.2705,0.06874285714285715
2022-09-02,RealEstate,0.34,0.0297
2022-09-06,RealEstate,0.12765,0.006049999999999992
2022-09-07,RealEstate,0.2513571428571429,0.14227142857142858
2022-09-08,RealEstate,0.08444444444444445,0.10047777777777778
2022-09-09,RealEstate,0.353175,0.17585
2022-09-12,RealEstate,0.5907,0.032240000000000005
2022-09-13,RealEstate,0.29667,0.21417000000000003
2022-09-14,RealEstate,0.144675,0.04713749999999999
2022-09-15,RealEstate,0.2305857142857143,0.15162857142857145
2022-09-16,RealEstate,0.37283333333333335,0.21945
2022-09-19,RealEstate,0.2978,0.19313
2022-09-20,RealEstate,0.2062,0.07151428571428571
2022-09-21,RealEstate,0.2302,0.05854285714285714
2022-09-22,RealEstate,0.065825,0.0842125
2022-09-23,RealEstate,-0.009633333333333322,0.051050000000000005
2022-09-26,RealEstate,0.1358,0.0837
2022-09-27,RealEstate,0.10628000000000001,-0.0002666666666666706
2022-09-28,RealEstate,0.31210000000000004,-0.055999999999999994
2022-09-29,RealEstate,-0.02612857142857142,-0.10017142857142856
2022-09-30,RealEstate,0.0,0.0
2022-10-03,RealEstate,0.3256333333333334,0.25333333333333335
2022-10-04,RealEstate,0.386425,0.029950000000000004
2022-10-05,RealEstate,0.240425,0.20066250000000002
2022-10-06,RealEstate,0.24042,-0.05892999999999998
2022-10-07,RealEstate,0.0,-0.03215
2022-10-10,RealEstate,0.08586999999999999,0.028960000000000003
2022-10-11,RealEstate,0.09285384615384616,0.012392307692307692
2022-10-12,RealEstate,-0.013233333333333338,-0.1366
2022-10-13,RealEstate,0.2083,0.006033333333333334
2022-10-14,RealEstate,0.0,0.0155
2022-10-17,RealEstate,-0.020899999999999974,-0.13714999999999997
2022-10-18,RealEstate,0.2638666666666667,0.1804
2022-10-19,RealEstate,0.028900000000000002,0.04555714285714286
2022-10-20,RealEstate,0.12180000000000002,0.17225000000000001
2022-10-21,RealEstate,0.13396666666666665,0.07075
2022-10-24,RealEstate,0.35021,0.16681
2022-10-25,RealEstate,0.21339166666666665,0.04348333333333334
2022-10-26,RealEstate,0.06537142857142857,0.06137142857142858
2022-10-27,RealEstate,0.11718999999999999,0.13507
2022-10-28,RealEstate,-0.002507692307692309,0.04821538461538461
2022-10-31,RealEstate,0.0,0.0017333333333333333
2022-11-01,RealEstate,0.21025384615384615,0.0888
2022-11-02,RealEstate,0.0578,0.23405714285714288
2022-11-03,RealEstate,0.06069,0.18241
2022-11-04,RealEstate,-0.020077777777777778,0.12271111111111109
2022-11-07,RealEstate,-0.2732,0.0013
2022-11-08,RealEstate,0.11526923076923076,0.003699999999999998
2022-11-09,RealEstate,0.3119,0.19685
2022-11-10,RealEstate,0.06743333333333333,0.009466666666666667
2022-11-11,RealEstate,0.2352857142857143,0.09807142857142857
2022-11-14,RealEstate,0.5327999999999999,0.15286666666666668
2022-11-15,RealEstate,0.18438000000000002,0.08388
2022-11-16,RealEstate,0.4939,-0.3378
2022-11-17,RealEstate,0.27764,0.18328
2022-11-21,RealEstate,-0.13486666666666666,0.006866666666666667
2022-11-22,RealEstate,0.14515555555555557,0.16933333333333334
2022-11-23,RealEstate,-0.41169999999999995,-0.02005
2022-11-25,RealEstate,0.2202,0.19775
2022-11-28,RealEstate,0.32335,0.219625
2022-11-29,RealEstate,0.4619333333333333,0.14273333333333335
2022-12-01,RealEstate,0.173375,-0.04185
2022-12-02,RealEstate,0.19723333333333334,0.20516666666666666
2022-12-05,RealEstate,0.12457499999999999,0.24945
2022-12-06,RealEstate,0.21230000000000002,0.13520000000000001
2022-12-07,RealEstate,0.2718333333333333,0.13476666666666667
2022-12-08,RealEstate,0.30404,0.2894
2022-12-09,RealEstate,0.0,0.0008666666666666666
2022-12-12,RealEstate,0.397825,0.187075
2022-12-13,RealEstate,0.06743333333333333,0.0185
2022-12-14,RealEstate,-0.1591,0.00385
2022-12-15,RealEstate,0.04857142857142858,0.05814285714285715
2022-12-16,RealEstate,0.129475,0.18645
2022-12-19,RealEstate,0.5194,0.19410000000000002
2022-12-20,RealEstate,0.17975,0.13674285714285714
2022-12-21,RealEstate,0.09046000000000001,0.0036199999999999995
2022-12-22,RealEstate,0.07044,-0.025360000000000004
2022-12-28,RealEstate,0.26397,0.20315
2022-12-29,RealEstate,0.352,0.193
2022-12-30,RealEstate,0.10115,0.01205
2023-01-03,RealEstate,0.10606666666666666,-0.048666666666666664
2023-01-04,RealEstate,0.1681,0.09712222222222221
2023-01-05,RealEstate,0.1806,0.02125
2023-01-06,RealEstate,0.18615,0.19735
2023-01-09,RealEstate,0.063325,0.011874999999999997
2023-01-10,RealEstate,0.1005888888888889,0.1524222222222222
2023-01-11,RealEstate,0.068,0.22198
2023-01-12,RealEstate,0.07636,0.09056
2023-01-13,RealEstate,0.09986000000000002,0.32430000000000003
2023-01-17,RealEstate,0.050575,0.014175
2023-01-18,RealEstate,0.159225,0.10292499999999999
2023-01-19,RealEstate,0.004825000000000003,0.1502
2023-01-20,RealEstate,0.12170999999999998,0.08076000000000001
2023-01-23,RealEstate,0.1047875,0.0986125
2023-01-24,RealEstate,0.1285923076923077,0.08002307692307692
2023-01-25,RealEstate,0.32632,0.0961
2023-01-26,RealEstate,0.1428,0.18304
2023-01-27,RealEstate,0.07128333333333332,0.014649999999999998
2023-01-30,RealEstate,0.3066,0.1842
2023-01-31,RealEstate,0.27263,0.05327
2023-02-01,RealEstate,0.2124625,0.0942625
2023-02-02,RealEstate,0.27435000000000004,0.027416666666666662
2023-02-03,RealEstate,0.13998000000000002,0.04066000000000001
2023-02-06,RealEstate,0.14083333333333334,0.0796
2023-02-07,RealEstate,0.12714210526315792,0.06928421052631578
2023-02-08,RealEstate,0.1153,0.11656666666666667
2023-02-09,RealEstate,0.0,0.0067
2023-02-10,RealEstate,0.08265,0.22755
2023-02-13,RealEstate,0.46765,0.260725
2023-02-14,RealEstate,0.4176,0.27468000000000004
2023-02-15,RealEstate,0.161575,0.006937500000000001
2023-02-16,RealEstate,0.01544,0.00824
2023-02-17,RealEstate,0.007683333333333338,-0.00799999999999998
2023-02-21,RealEstate,0.0,0.10701999999999998
2023-02-22,RealEstate,0.10468333333333334,0.023972222222222228
2023-02-23,RealEstate,0.10941818181818182,0.0746090909090909
2023-02-24,RealEstate,0.051870000000000006,0.05616000000000001
2023-02-27,RealEstate,0.0,0.011937499999999998
2023-02-28,RealEstate,0.10045,0.021941666666666665
2023-03-01,RealEstate,0.2194,0.2194
2023-03-02,RealEstate,0.02278,0.01372
2023-03-03,RealEstate,0.23943333333333336,0.06226666666666667
2023-03-06,RealEstate,-0.0129,0.0704
2023-03-07,RealEstate,0.03370000000000001,-0.06362727272727274
2023-03-08,RealEstate,0.1468,0.13670000000000002
2023-03-09,RealEstate,0.19782,0.21750000000000003
2023-03-10,RealEstate,0.05574444444444445,0.04557777777777777
2023-03-13,RealEstate,0.30587777777777775,0.031377777777777775
2023-03-14,RealEstate,0.0439,0.07172727272727274
2023-03-15,RealEstate,0.1447857142857143,0.05748571428571429
2023-03-16,RealEstate,0.15362,-0.023259999999999992
2023-03-17,RealEstate,0.2008,0.203825
2023-03-20,RealEstate,0.26591666666666663,0.17356666666666665
2023-03-21,RealEstate,0.050725000000000006,0.11835000000000001
2023-03-22,RealEstate,0.46935,0.34363750000000004
2023-03-23,RealEstate,0.23206666666666667,0.1346
2023-03-24,RealEstate,0.1365,-0.010200000000000015
2023-03-27,RealEstate,0.17,0.17145
2023-03-28,RealEstate,0.0981625,0.1428375
2023-03-29,RealEstate,0.148,0.1547
2023-03-30,RealEstate,0.19362000000000001,0.13038000000000002
2023-03-31,RealEstate,0.12295714285714286,0.012914285714285713
2023-04-03,RealEstate,0.22587500000000002,0.09692500000000001
2023-04-04,RealEstate,0.09150000000000001,0.12243333333333334
2023-04-05,RealEstate,0.22892857142857143,0.3185142857142857
2023-04-06,RealEstate,0.10591428571428572,0.0919
2023-04-10,RealEstate,0.11836250000000001,0.0518375
2023-04-11,RealEstate,0.13268125,0.09858750000000001
2023-04-12,RealEstate,0.45014000000000004,0.29396
2023-04-13,RealEstate,0.23432000000000003,0.21966000000000002
2023-04-14,RealEstate,-0.03423333333333333,0.005166666666666667
2023-04-17,RealEstate,0.12273333333333332,-0.061950000000000005
2023-04-18,RealEstate,0.0132375,0.048537500000000004
2023-04-19,RealEstate,0.10981,0.137155
2023-04-20,RealEstate,0.02442727272727273,-0.0006545454545454317
2023-04-21,RealEstate,0.0864,0.05204444444444444
2023-04-24,RealEstate,0.14878571428571427,0.07065714285714286
2023-04-25,RealEstate,0.04465714285714285,0.09055
2023-04-26,RealEstate,0.07139333333333334,0.08068
2023-04-27,RealEstate,-0.10357272727272727,0.06769090909090911
2023-04-28,RealEstate,0.05,-0.01326
2023-05-01,RealEstate,0.2121333333333333,0.5286666666666667
2023-05-02,RealEstate,0.21086,-0.11200000000000002
2023-05-03,RealEstate,0.07144166666666667,0.10100833333333332
2023-05-04,RealEstate,0.0049111111111111065,0.05243333333333333
2023-05-05,RealEstate,0.035878571428571426,0.03380714285714286
2023-05-08,RealEstate,0.17848750000000002,0.027099999999999985
2023-05-09,RealEstate,0.12150000000000001,0.035777777777777776
2023-05-10,RealEstate,0.2023,0.0232
2023-05-11,RealEstate,-0.02551666666666667,0.154
2023-05-12,RealEstate,0.05505,0.104325
2023-05-15,RealEstate,0.31845,0.40395000000000003
2023-05-16,RealEstate,0.23385714285714285,0.12075714285714287
2023-05-17,RealEstate,0.11315,0.019375
2023-05-18,RealEstate,0.11333333333333334,0.25483333333333336
2023-05-19,RealEstate,0.13485555555555556,0.010222222222222218
2023-05-22,RealEstate,0.0,0.006733333333333332
2023-05-23,RealEstate,0.13745555555555555,-0.03096666666666666
2023-05-24,RealEstate,0.08045,0.024325
2023-05-25,RealEstate,0.2897,0.4224
2023-05-26,RealEstate,0.07555555555555556,0.04757777777777778
2023-05-30,RealEstate,0.0,0.01095
2023-05-31,RealEstate,0.184875,0.133
2023-06-01,RealEstate,0.22122000000000003,0.18087999999999999
2023-06-02,RealEstate,0.10414285714285712,0.022299999999999997
2023-06-05,RealEstate,0.04128,-0.059840000000000004
2023-06-06,RealEstate,0.1415,0.012885714285714283
2023-06-07,RealEstate,0.13066666666666665,0.14666666666666664
2023-06-08,RealEstate,0.4215,0.0271
2023-06-09,RealEstate,0.09199,0.0882
2023-06-12,RealEstate,0.21848,0.02066
2023-06-13,RealEstate,0.18317142857142857,0.1009857142857143
2023-06-14,RealEstate,0.0,0.014825000000000001
2023-06-15,RealEstate,0.204175,0.217775
2023-06-16,RealEstate,0.11988000000000001,0.00978
2023-06-20,RealEstate,-0.13979999999999998,0.05005
2023-06-21,RealEstate,0.0,0.005399999999999999
2023-06-22,RealEstate,0.0,0.0
2023-06-23,RealEstate,0.020672727272727277,0.046381818181818184
2023-06-26,RealEstate,0.09004444444444444,0.059744444444444454
2023-06-27,RealEstate,0.17418888888888887,0.10035555555555556
2023-06-28,RealEstate,0.345125,0.1466375
2023-06-29,RealEstate,0.19859,0.13557999999999998
2023-06-30,RealEstate,0.13053,-0.01758
2023-07-03,RealEstate,0.018575,0.02065
2023-07-05,RealEstate,0.19074444444444444,0.09183333333333334
2023-07-06,RealEstate,0.35881666666666673,0.18583333333333332
2023-07-07,RealEstate,0.12824545454545452,0.015463636363636363
2023-07-10,RealEstate,0.04046,-0.19204
2023-07-11,RealEstate,0.23258,0.018580000000000003
2023-07-12,RealEstate,0.1909,0.021700000000000025
2023-07-13,RealEstate,0.12045,-0.002175
2023-07-14,RealEstate,0.19834615384615384,0.11096923076923078
2023-07-17,RealEstate,0.06670000000000001,0.11155999999999999
2023-07-18,RealEstate,0.18055000000000002,0.12545
2023-07-19,RealEstate,0.08030625,0.12668125
2023-07-20,RealEstate,0.15803636363636364,0.13438181818181819
2023-07-21,RealEstate,-0.018321739130434788,0.047965217391304334
2023-07-24,RealEstate,0.12854000000000002,0.019880000000000002
2023-07-25,RealEstate,0.23006666666666667,0.13035333333333335
2023-07-26,RealEstate,0.10902499999999998,0.14877500000000002
2023-07-27,RealEstate,0.06285,0.0983375
2023-07-28,RealEstate,0.1509769230769231,0.07646923076923076
2023-07-31,RealEstate,0.18648888888888887,0.16990000000000002
2023-08-01,RealEstate,0.1218,-0.06672499999999999
2023-08-02,RealEstate,0.14173333333333335,0.18567777777777777
2023-08-03,RealEstate,0.17153999999999997,0.030939999999999995
2023-08-04,RealEstate,0.06351333333333332,0.13246
2023-08-07,RealEstate,-0.003530000000000011,-0.03173999999999999
2023-08-08,RealEstate,0.028314285714285712,0.010485714285714284
2023-08-09,RealEstate,0.0,0.0029999999999999996
2023-08-10,RealEstate,-0.0191375,0.09856250000000001
2023-08-11,RealEstate,0.30183333333333334,0.04699999999999999
2023-08-14,RealEstate,0.156225,0.022775
2023-08-15,RealEstate,0.10741428571428571,0.10292857142857144
2023-08-16,RealEstate,0.08895,0.181
2023-08-17,RealEstate,0.18004,0.20204
2023-08-18,RealEstate,0.09471428571428571,0.10851428571428572
2023-08-21,RealEstate,0.16217142857142858,0.05502857142857143
2023-08-22,RealEstate,0.17683333333333331,0.17575
2023-08-23,RealEstate,0.1727,0.028699999999999996
2023-08-24,RealEstate,0.0,0.00775
2023-08-25,RealEstate,0.0863,0.10200000000000001
2023-08-28,RealEstate,0.06851111111111112,0.05774444444444446
2023-08-29,RealEstate,0.12111000000000001,0.08030999999999999
2023-08-30,RealEstate,0.12572857142857144,0.16091428571428573
2023-08-31,RealEstate,0.22353333333333336,-0.008150000000000006
2023-09-01,RealEstate,0.26844444444444443,0.1758
2023-09-05,RealEstate,0.2794333333333333,0.09336666666666667
2023-09-06,RealEstate,0.13401538461538462,0.17340769230769232
2023-09-07,RealEstate,0.32030000000000003,0.06273333333333334
2023-09-08,RealEstate,0.0425,0.04990000000000001
2023-09-11,RealEstate,0.20400000000000001,0.13908
2023-09-12,RealEstate,0.3082636363636364,0.0429
2023-09-13,RealEstate,-0.142975,0.1857
2023-09-14,RealEstate,0.13313333333333333,0.06565
2023-09-15,RealEstate,0.0502375,0.0078875
2023-09-18,RealEstate,0.27545,0.219775
2023-09-19,RealEstate,0.19453333333333334,0.07271666666666667
2023-09-20,RealEstate,0.24904,0.22713999999999998
2023-09-21,RealEstate,0.41251999999999994,0.20993999999999996
2023-09-22,RealEstate,0.1901,0.036638461538461536
2023-09-25,RealEstate,0.13342,0.004280000000000006
2023-09-26,RealEstate,0.08760909090909091,0.07579999999999998
2023-09-27,RealEstate,0.2629,0.20964
2023-09-28,RealEstate,0.12295454545454546,0.18745454545454548
2023-09-29,RealEstate,0.37517142857142854,0.21818571428571426
2023-10-02,RealEstate,0.159225,0.016574999999999993
2023-10-03,RealEstate,0.34221428571428575,0.1682142857142857
2023-10-04,RealEstate,0.1656,0.10403333333333332
2023-10-05,RealEstate,0.14405,0.10798333333333332
2023-10-06,RealEstate,0.28859999999999997,0.017500000000000016
2023-10-09,RealEstate,0.20090000000000002,0.21486
2023-10-10,RealEstate,0.01965,0.075575
2023-10-11,RealEstate,0.18413333333333334,0.10135000000000001
2023-10-12,RealEstate,0.0,0.0
2023-10-13,RealEstate,0.33853333333333335,0.19742222222222225
2023-10-16,RealEstate,0.26335,0.01675
2023-10-17,RealEstate,0.14230588235294117,0.09118235294117649
2023-10-18,RealEstate,-0.005193333333333339,0.1606
2023-10-19,RealEstate,0.13531666666666667,-0.11849166666666666
2023-10-20,RealEstate,0.024195454545454544,0.07128181818181818
2023-10-23,RealEstate,0.20562999999999998,0.16289000000000003
2023-10-24,RealEstate,0.20255555555555554,0.24496666666666667
2023-10-25,RealEstate,0.16765714285714287,0.23495714285714286
2023-10-26,RealEstate,0.17842857142857144,0.1466285714285714
2023-10-27,RealEstate,0.031123076923076923,0.09838461538461539
2023-10-30,RealEstate,0.12341250000000001,0.0785125
2023-10-31,RealEstate,0.215225,0.107165
2023-11-01,RealEstate,0.15648,0.07534000000000002
2023-11-02,RealEstate,0.12248,0.13064
2023-11-03,RealEstate,0.12285714285714286,0.09962142857142857
2023-11-06,RealEstate,0.05107142857142858,0.30548571428571425
2023-11-07,RealEstate,0.10600000000000001,0.22250625000000002
2023-11-08,RealEstate,0.17112,0.25410000000000005
2023-11-09,RealEstate,0.03840000000000001,0.007585714285714283
2023-11-10,RealEstate,0.17745,0.0096875
2023-11-13,RealEstate,-0.06604,0.04364000000000001
2023-11-14,RealEstate,0.13354545454545452,-0.0402090909090909
2023-11-15,RealEstate,0.1806,0.28400000000000003
2023-11-16,RealEstate,0.3395,0.021949999999999997
2023-11-17,RealEstate,0.26035,0.15064999999999998
2023-11-20,RealEstate,-0.014179999999999998,0.08154
2023-11-21,RealEstate,0.11578,0.057010000000000005
2023-11-22,RealEstate,0.15144000000000002,0.15982000000000002
2023-11-24,RealEstate,-0.04383999999999999,0.0010199999999999996
2023-11-27,RealEstate,0.028900000000000002,0.06682857142857143
2023-11-28,RealEstate,0.037504347826086956,-0.08503478260869564
2023-11-29,RealEstate,0.19185999999999998,0.08114
2023-11-30,RealEstate,0.16195833333333332,0.07645
2023-12-01,RealEstate,0.13648333333333335,0.14281666666666668
2023-12-04,RealEstate,0.1652,0.016266666666666683
2023-12-05,RealEstate,0.19083999999999998,0.19752
2023-12-06,RealEstate,0.16576666666666667,0.05833333333333334
2023-12-07,RealEstate,0.16696666666666668,0.010625000000000004
2023-12-08,RealEstate,0.1903142857142857,0.10927142857142857
2023-12-11,RealEstate,0.037,0.053175
2023-12-12,RealEstate,0.06462727272727271,0.11656363636363637
2023-12-13,RealEstate,0.15106000000000003,0.15447333333333335
2023-12-14,RealEstate,0.23494,0.20417333333333332
2023-12-15,RealEstate,0.17271250000000002,0.106275
2023-12-18,RealEstate,0.0964375,0.1071125
2023-12-19,RealEstate,0.2479,0.08143
2020-01-03,Tech,0.115192,0.122456
2020-01-06,Tech,0.17277058823529412,0.14257058823529412
2020-01-07,Tech,-0.016446153846153846,0.07401538461538462
2020-01-08,Tech,0.006947619047619048,0.12294285714285716
2020-01-09,Tech,0.09592272727272727,0.14505
2020-01-10,Tech,0.1359,0.10172352941176471
2020-01-13,Tech,0.31619047619047624,0.2136952380952381
2020-01-14,Tech,0.20972820512820511,0.1721897435897436
2020-01-15,Tech,0.23226666666666665,0.16711666666666666
2020-01-16,Tech,0.02399583333333333,0.022458333333333334
2020-01-17,Tech,0.25517368421052633,0.24067894736842108
2020-01-21,Tech,0.09381052631578947,0.12036315789473685
2020-01-22,Tech,0.035079545454545454,0.11005454545454545
2020-01-23,Tech,0.07532857142857144,0.044507142857142856
2020-01-24,Tech,0.02615,-0.01655277777777778
2020-01-27,Tech,0.053117391304347825,0.08175
2020-01-28,Tech,-0.07930322580645162,-0.012203225806451614
2020-01-29,Tech,0.051366666666666665,0.07765333333333334
2020-01-30,Tech,0.21579696969696974,0.14385151515151515
2020-01-31,Tech,0.024652380952380953,-0.04571428571428572
2020-02-03,Tech,0.1736066666666667,0.08332
2020-02-04,Tech,0.1084909090909091,0.06597272727272728
2020-02-05,Tech,0.09253000000000002,0.037290000000000004
2020-02-06,Tech,0.10073125,0.170934375
2020-02-07,Tech,0.18451818181818183,0.05434090909090909
2020-02-10,Tech,0.2710615384615385,0.13856923076923078
2020-02-11,Tech,0.20057083333333336,0.12026666666666667
2020-02-12,Tech,0.07901071428571428,0.11468214285714287
2020-02-13,Tech,0.01948,-0.05357333333333334
2020-02-14,Tech,-0.0478,0.019536842105263158
2020-02-18,Tech,0.08648888888888889,0.09674666666666665
2020-02-19,Tech,0.07110357142857142,0.03275714285714286
2020-02-20,Tech,-0.012585714285714289,0.04782857142857143
2020-02-21,Tech,0.049466666666666666,0.03518999999999999
2020-02-24,Tech,-0.0866125,-0.04227499999999999
2020-02-25,Tech,0.008620833333333335,0.033091666666666665
2020-02-26,Tech,0.018846666666666675,0.07755333333333334
2020-02-27,Tech,0.24730500000000002,0.23031000000000001
2020-02-28,Tech,-0.07652083333333333,-0.18200833333333333
2020-03-02,Tech,0.16416666666666668,0.1255888888888889
2020-03-03,Tech,0.07211,0.07508999999999999
2020-03-04,Tech,0.09577083333333335,0.06654166666666668
2020-03-05,Tech,0.3091111111111111,0.14740555555555557
2020-03-06,Tech,0.198,0.0558857142857143
2020-03-09,Tech,0.06571600000000001,-0.011464000000000005
2020-03-10,Tech,-0.03224761904761904,-0.10984285714285716
2020-03-11,Tech,0.21157777777777775,0.2716777777777778
2020-03-12,Tech,0.12071176470588237,0.001164705882352963
2020-03-13,Tech,0.05384615384615385,0.08809230769230769
2020-03-16,Tech,0.05834594594594594,0.11253783783783784
2020-03-17,Tech,0.014930769230769237,0.06323846153846154
2020-03-18,Tech,0.09810952380952383,0.17397619047619048
2020-03-19,Tech,-0.010280952380952385,-0.01604285714285714
2020-03-20,Tech,-0.10549473684210527,-0.029494736842105265
2020-03-23,Tech,0.16716,0.195995
2020-03-24,Tech,0.12793333333333334,0.125275
2020-03-25,Tech,0.3045,0.24774000000000002
2020-03-26,Tech,0.06451,0.021450000000000004
2020-03-27,Tech,0.098815,0.10017499999999999
2020-03-30,Tech,0.3547615384615384,0.2792307692307692
2020-03-31,Tech,0.023833333333333342,0.11304444444444445
2020-04-01,Tech,-0.004761111111111117,-0.022305555555555554
2020-04-02,Tech,0.05930000000000002,0.0636
2020-04-03,Tech,0.08585714285714285,-0.015571428571428568
2020-04-06,Tech,-0.08913333333333336,-0.09495000000000002
2020-04-07,Tech,0.18626071428571428,0.17033928571428572
2020-04-08,Tech,0.12232857142857143,0.08739285714285715
2020-04-09,Tech,0.2071894736842105,0.17825263157894736
2020-04-13,Tech,0.08192352941176471,0.10101764705882353
2020-04-14,Tech,0.15496086956521737,0.07168260869565217
2020-04-15,Tech,0.4029611111111111,0.3899666666666667
2020-04-16,Tech,0.15072,0.046644000000000005
2020-04-17,Tech,0.275875,0.233125
2020-04-20,Tech,0.11417500000000001,0.01398214285714286
2020-04-21,Tech,0.1569814814814815,0.11448148148148148
2020-04-22,Tech,-0.2586785714285714,-0.22059285714285712
2020-04-23,Tech,0.11662173913043476,0.15497391304347827
2020-04-24,Tech,0.16447000000000003,0.1289925
2020-04-27,Tech,0.05592368421052631,0.06797894736842106
2020-04-28,Tech,0.12544193548387098,0.15260645161290323
2020-04-29,Tech,0.18750285714285717,0.10322285714285714
2020-04-30,Tech,0.18655999999999998,0.17201999999999998
2020-05-01,Tech,0.08522608695652174,0.05875652173913043
2020-05-04,Tech,-0.052488235294117655,-0.04902352941176471
2020-05-05,Tech,0.26804193548387095,0.19909677419354838
2020-05-06,Tech,0.18973500000000001,0.14138
2020-05-07,Tech,0.07603809523809525,0.06413333333333333
2020-05-08,Tech,0.17940714285714285,0.13985714285714285
2020-05-11,Tech,0.29141428571428574,0.24145714285714284
2020-05-12,Tech,0.123948,0.058032
2020-05-13,Tech,0.009543478260869561,-0.0007478260869565166
2020-05-14,Tech,0.15032941176470588,0.05806470588235295
2020-05-15,Tech,0.17669285714285715,0.04355357142857143
2020-05-18,Tech,-0.1080422222222222,-0.11926444444444445
2020-05-19,Tech,0.09288076923076924,0.08534230769230768
2020-05-20,Tech,0.10187058823529412,0.04517058823529412
2020-05-21,Tech,0.17497058823529413,0.061794117647058826
2020-05-22,Tech,-0.003690476190476191,0.01978095238095238
2020-05-26,Tech,-0.000839285714285717,0.016789285714285715
2020-05-27,Tech,0.09217241379310345,0.07543448275862069
2020-05-28,Tech,0.15354615384615383,0.17256923076923078
2020-05-29,Tech,0.05355789473684211,0.08641578947368422
2020-06-01,Tech,0.16474166666666665,0.13051666666666664
2020-06-02,Tech,0.08617999999999999,0.039140000000000015
2020-06-03,Tech,0.23881538461538462,0.1318
2020-06-04,Tech,0.32208333333333333,0.30275
2020-06-05,Tech,0.1489,0.08447272727272727
2020-06-08,Tech,0.17469333333333334,0.16967333333333337
2020-06-09,Tech,0.10420625,0.13899375
2020-06-10,Tech,0.17005,0.1203590909090909
2020-06-11,Tech,0.018481250000000005,0.01227499999999999
2020-06-12,Tech,0.21192142857142857,0.03407857142857142
2020-06-15,Tech,0.008900000000000014,0.0707157894736842
2020-06-16,Tech,0.1280230769230769,0.12358461538461539
2020-06-17,Tech,0.14591,0.08961999999999999
2020-06-18,Tech,0.07085000000000001,0.06375
2020-06-19,Tech,0.25178,-0.06936
2020-06-22,Tech,-0.14448,0.01084
2020-06-23,Tech,0.25673076923076926,0.14035384615384616
2020-06-24,Tech,0.10073333333333334,0.038925
2020-06-25,Tech,-0.12614285714285714,-0.17318571428571428
2020-06-26,Tech,-0.36236,-0.24706
2020-06-29,Tech,-0.10626666666666666,-0.11593333333333333
2020-06-30,Tech,0.19183333333333333,0.013649999999999995
2020-07-01,Tech,0.39694444444444443,0.17324444444444442
2020-07-02,Tech,0.21719999999999998,0.12518
2020-07-06,Tech,0.20796,0.23734000000000002
2020-07-07,Tech,0.08321304347826086,0.02703478260869565
2020-07-08,Tech,0.35015,0.011000000000000001
2020-07-09,Tech,0.05240000000000001,0.008388888888888881
2020-07-10,Tech,0.1709,0.13021818181818182
2020-07-13,Tech,0.0,0.16188
2020-07-14,Tech,0.224925,0.17880000000000001
2020-07-15,Tech,0.09423333333333334,0.013133333333333335
2020-07-16,Tech,0.07036666666666666,0.03802222222222223
2020-07-17,Tech,-0.03883636363636363,0.03775454545454546
2020-07-20,Tech,-0.12338571428571429,-0.0956
2020-07-21,Tech,0.09037727272727274,0.15785000000000002
2020-07-22,Tech,0.26585,0.15255833333333332
2020-07-23,Tech,0.2119888888888889,0.19311111111111112
2020-07-24,Tech,0.16596666666666668,0.12347999999999999
2020-07-27,Tech,-0.012538636363636365,-0.07576363636363635
2020-07-28,Tech,0.16183529411764708,0.06838235294117646
2020-07-29,Tech,0.12002352941176471,0.011894117647058814
2020-07-30,Tech,0.15998372093023255,0.13977209302325583
2020-07-31,Tech,-0.029464999999999998,-0.0362825
2020-08-03,Tech,0.26335,0.26084999999999997
2020-08-04,Tech,0.16035333333333332,0.08264
2020-08-05,Tech,0.12589130434782608,0.13836521739130436
2020-08-06,Tech,0.08801578947368423,0.08091052631578947
2020-08-07,Tech,-0.03367142857142858,-0.024899999999999995
2020-08-10,Tech,0.21230000000000002,0.1336
2020-08-11,Tech,0.12135454545454545,0.12040909090909091
2020-08-12,Tech,0.23760909090909088,0.14153636363636363
2020-08-13,Tech,-0.07792222222222223,-0.0008499999999999996
2020-08-14,Tech,0.06371666666666666,0.00033333333333333153
2020-08-17,Tech,0.2513375,0.121475
2020-08-18,Tech,-0.04717692307692308,-0.023699999999999995
2020-08-19,Tech,0.05778461538461539,0.0014153846153846154
2020-08-20,Tech,0.09478,0.14738
2020-08-21,Tech,0.022715789473684214,0.01813157894736842
2020-08-24,Tech,0.015738461538461535,-0.07904615384615385
2020-08-25,Tech,-0.005746153846153845,0.0117
2020-08-26,Tech,0.026124999999999992,0.15346666666666667
2020-08-27,Tech,0.18403333333333333,0.1315777777777778
2020-08-28,Tech,0.10108461538461538,0.08959230769230772
2020-08-31,Tech,0.3715,0.2877
2020-09-01,Tech,0.17209444444444444,0.14022777777777778
2020-09-02,Tech,0.022240000000000003,0.023333333333333324
2020-09-03,Tech,0.14281818181818182,0.15446363636363636
2020-09-04,Tech,0.12353999999999998,-0.03438000000000001
2020-09-08,Tech,0.25256,-0.026340000000000002
2020-09-09,Tech,0.16024615384615387,0.11273846153846152
2020-09-10,Tech,0.07235000000000001,0.043507142857142855
2020-09-11,Tech,0.1572181818181818,0.037181818181818184
2020-09-14,Tech,0.1392142857142857,-0.049142857142857155
2020-09-15,Tech,0.06421428571428571,0.0689952380952381
2020-09-16,Tech,-0.11904374999999998,-0.014731249999999991
2020-09-17,Tech,0.25508571428571425,0.07254285714285715
2020-09-18,Tech,0.10447272727272727,-0.012472727272727274
2020-09-21,Tech,0.0,0.009300000000000001
2020-09-22,Tech,0.12726666666666667,0.18993333333333332
2020-09-23,Tech,0.016733333333333333,0.0023166666666666704
2020-09-24,Tech,-0.05135,0.14175
2020-09-25,Tech,0.16688999999999998,-0.0014200000000000005
2020-09-28,Tech,-0.06554285714285714,-0.0018428571428571428
2020-09-29,Tech,0.23148235294117647,0.04324705882352941
2020-09-30,Tech,0.22193333333333332,0.13285
2020-10-01,Tech,0.09421666666666666,0.08753333333333335
2020-10-02,Tech,0.0,-0.0077
2020-10-05,Tech,0.18345,0.04681250000000001
2020-10-06,Tech,0.17447142857142858,0.011800000000000001
2020-10-07,Tech,-0.07142857142857142,0.004785714285714286
2020-10-08,Tech,0.28047500000000003,0.1612375
2020-10-09,Tech,0.1645,0.08562142857142856
2020-10-12,Tech,0.20265238095238094,0.1580047619047619
2020-10-13,Tech,0.1963375,0.1422
2020-10-14,Tech,-0.05717499999999999,-0.035
2020-10-15,Tech,0.007371428571428571,0.056342857142857146
2020-10-16,Tech,0.23696666666666666,0.052888888888888895
2020-10-19,Tech,0.0425,0.015128571428571436
2020-10-20,Tech,-0.02850769230769231,-0.017330769230769236
2020-10-21,Tech,0.042433333333333344,0.12123333333333335
2020-10-22,Tech,0.1172375,0.1390625
2020-10-23,Tech,0.20583,0.13395
2020-10-26,Tech,0.10698333333333332,0.13057916666666664
2020-10-27,Tech,-0.00665555555555555,0.010144444444444444
2020-10-28,Tech,0.029624390243902437,-0.07115121951219512
2020-10-29,Tech,0.09734,0.021615
2020-10-30,Tech,0.10436363636363638,0.010945454545454541
2020-11-02,Tech,0.11148,0.07694
2020-11-03,Tech,0.05265263157894737,-0.03989473684210526
2020-11-04,Tech,0.2658666666666667,0.008566666666666667
2020-11-05,Tech,0.1124875,0.087
2020-11-06,Tech,0.071855,0.027845
2020-11-09,Tech,0.21091666666666667,0.01718333333333333
2020-11-10,Tech,0.007462500000000004,-0.113125
2020-11-11,Tech,-0.0047625000000000054,0.005150000000000001
2020-11-12,Tech,0.15856875,0.14563125000000002
2020-11-13,Tech,0.21917272727272727,0.10323636363636363
2020-11-16,Tech,-0.05983333333333333,-0.012588888888888887
2020-11-17,Tech,0.3078142857142857,0.11464285714285714
2020-11-18,Tech,0.33385,0.22532499999999997
2020-11-19,Tech,0.2162666666666667,0.20008888888888887
2020-11-20,Tech,-0.02835999999999999,-0.13096000000000002
2020-11-23,Tech,0.20893333333333333,-0.055150000000000005
2020-11-24,Tech,0.0674090909090909,0.09337272727272726
2020-11-25,Tech,0.0,0.0
2020-11-27,Tech,0.14966666666666667,0.0698
2020-11-30,Tech,0.24333999999999997,0.01309999999999999
2020-12-01,Tech,0.07609,-0.09469000000000001
2020-12-02,Tech,0.054636363636363636,0.06850909090909091
2020-12-03,Tech,0.1619875,0.053587499999999996
2020-12-04,Tech,0.1621625,0.125775
2020-12-07,Tech,0.18054444444444445,0.19145555555555557
2020-12-08,Tech,0.074004,0.08370799999999999
2020-12-09,Tech,0.18908749999999996,0.10422499999999997
2020-12-10,Tech,0.2462153846153846,0.14264615384615384
2020-12-11,Tech,0.22501,0.24874000000000002
2020-12-14,Tech,-0.027120833333333334,-0.08045000000000001
2020-12-15,Tech,0.11646153846153846,0.07430769230769231
2020-12-16,Tech,0.05188,-0.11598
2020-12-17,Tech,0.04046,0.006959999999999999
2020-12-18,Tech,0.18465454545454546,0.12252727272727273
2020-12-21,Tech,0.19108181818181819,0.024090909090909086
2020-12-22,Tech,0.16152307692307694,0.11964615384615386
2020-12-23,Tech,0.18874285714285716,0.21871428571428572
2020-12-24,Tech,0.2049,0.07501666666666666
2020-12-28,Tech,0.19191666666666665,0.21376666666666666
2020-12-29,Tech,0.2770875,0.17843749999999997
2020-12-30,Tech,-0.09359999999999999,-0.00843846153846155
2020-12-31,Tech,0.21436470588235293,0.09466470588235294
2021-01-04,Tech,0.11784000000000001,0.07302
2021-01-05,Tech,0.15180714285714283,0.037235714285714296
2021-01-06,Tech,0.07275,0.06169285714285715
2021-01-07,Tech,0.17952500000000002,0.18218333333333336
2021-01-08,Tech,0.014411111111111104,-0.04652222222222223
2021-01-11,Tech,0.04833333333333333,0.16772222222222222
2021-01-12,Tech,0.06590869565217393,0.15396956521739133
2021-01-13,Tech,-0.03131428571428571,0.02884285714285715
2021-01-14,Tech,0.11958333333333335,0.10709999999999999
2021-01-15,Tech,0.2054625,0.04473124999999999
2021-01-19,Tech,0.11453333333333333,0.07130666666666667
2021-01-20,Tech,0.06767142857142858,0.054123809523809525
2021-01-21,Tech,0.12947142857142857,0.03899999999999999
2021-01-22,Tech,0.23707368421052633,0.15773684210526312
2021-01-25,Tech,0.032689473684210525,-0.04821578947368421
2021-01-26,Tech,0.18589166666666668,0.16977916666666668
2021-01-27,Tech,0.13566363636363638,0.21751818181818183
2021-01-28,Tech,0.2663375,0.05136249999999998
2021-01-29,Tech,-7.857142857141992e-05,0.0013571428571428584
2021-02-01,Tech,0.17429999999999998,0.07705714285714285
2021-02-02,Tech,0.28874666666666665,0.24466000000000002
2021-02-03,Tech,0.4019333333333333,0.1878666666666667
2021-02-04,Tech,0.18309285714285714,0.007171428571428579
2021-02-05,Tech,0.06779047619047619,0.0015095238095238124
2021-02-08,Tech,0.259325,0.09764999999999999
2021-02-09,Tech,0.30907999999999997,0.15946
2021-02-10,Tech,0.05666666666666667,0.06613333333333334
2021-02-11,Tech,-0.028625000000000005,-0.010449999999999994
2021-02-12,Tech,0.037644444444444446,0.07822222222222222
2021-02-16,Tech,0.14835,0.24598750000000003
2021-02-17,Tech,0.055271428571428576,0.006157142857142853
2021-02-18,Tech,0.3055,0.039177777777777784
2021-02-19,Tech,0.019833333333333338,0.1534888888888889
2021-02-22,Tech,0.1176,0.14524444444444443
2021-02-23,Tech,0.21258888888888888,0.16092222222222224
2021-02-24,Tech,0.26934615384615385,0.15004615384615386
2021-02-25,Tech,0.09091428571428573,0.2656142857142857
2021-02-26,Tech,-0.0009333333333333334,0.02086666666666667
2021-03-01,Tech,0.05807500000000001,0.0452125
2021-03-02,Tech,0.13067777777777778,0.08994444444444444
2021-03-03,Tech,-0.11422857142857142,-0.14257142857142854
2021-03-04,Tech,0.3404,0.18215
2021-03-05,Tech,0.04946666666666666,0.03538333333333332
2021-03-08,Tech,0.06851666666666667,0.09566666666666668
2021-03-09,Tech,0.2819333333333333,0.14583333333333334
2021-03-10,Tech,-0.025262499999999993,0.008875000000000001
2021-03-11,Tech,0.2083,0.008166666666666668
2021-03-12,Tech,0.09143571428571429,0.06252142857142856
2021-03-15,Tech,0.201625,0.011300000000000001
2021-03-16,Tech,0.06477,0.02794
2021-03-17,Tech,-0.07316666666666667,-0.030575
2021-03-18,Tech,0.3369285714285714,0.10457142857142857
2021-03-19,Tech,0.16444,0.22683999999999999
2021-03-22,Tech,0.148,0.15705
2021-03-23,Tech,0.1521076923076923,0.07450000000000001
2021-03-24,Tech,0.1245076923076923,0.12436923076923077
2021-03-25,Tech,0.07552916666666666,0.022949999999999998
2021-03-26,Tech,-0.027553846153846148,-0.12139999999999998
2021-03-29,Tech,0.04834166666666667,0.05310000000000001
2021-03-30,Tech,0.16444166666666668,0.015033333333333329
2021-03-31,Tech,0.27972,0.06702
2021-04-01,Tech,0.12825555555555557,0.03603333333333333
2021-04-05,Tech,0.09645555555555557,0.12837777777777776
2021-04-06,Tech,0.19920526315789475,0.17661052631578947
2021-04-07,Tech,0.04987777777777777,0.09765555555555555
2021-04-08,Tech,0.12457499999999999,-0.061700000000000005
2021-04-09,Tech,0.039,0.06480000000000001
2021-04-12,Tech,0.20147777777777776,0.16525555555555557
2021-04-13,Tech,0.12477499999999998,0.006049999999999995
2021-04-14,Tech,0.120475,0.13895
2021-04-15,Tech,0.08195,0.032412500000000004
2021-04-16,Tech,0.17976999999999999,0.05125
2021-04-19,Tech,0.08257500000000001,0.06526249999999999
2021-04-20,Tech,0.033560000000000006,0.11520799999999999
2021-04-21,Tech,0.10405833333333335,0.061950000000000005
2021-04-22,Tech,0.03936666666666667,0.0351
2021-04-23,Tech,0.0961142857142857,0.14358571428571426
2021-04-26,Tech,0.07207272727272727,0.07027727272727273
2021-04-27,Tech,0.2267,0.1762
2021-04-28,Tech,0.024387500000000006,0.030500000000000006
2021-04-29,Tech,0.08859615384615385,0.0675
2021-04-30,Tech,0.09596666666666669,0.03839166666666667
2021-05-03,Tech,-0.018087500000000006,-0.009599999999999997
2021-05-04,Tech,0.07390588235294118,0.04134705882352942
2021-05-05,Tech,0.08715,0.14473750000000002
2021-05-06,Tech,0.1836625,-0.0370875
2021-05-07,Tech,0.18491666666666665,0.04768333333333333
2021-05-10,Tech,0.31977500000000003,0.056375
2021-05-11,Tech,0.11968571428571428,-0.017471428571428572
2021-05-12,Tech,0.003538461538461537,0.05658461538461538
2021-05-13,Tech,0.2202,0.09315
2021-05-14,Tech,0.0,-0.03454
2021-05-17,Tech,0.06988888888888889,-0.07
2021-05-18,Tech,0.09152,-0.014299999999999998
2021-05-19,Tech,0.47846666666666665,0.22796666666666665
2021-05-20,Tech,-0.031860000000000006,0.05304
2021-05-21,Tech,0.15842142857142855,0.10985714285714286
2021-05-24,Tech,0.25172,0.15152000000000002
2021-05-25,Tech,0.32676666666666665,0.0181
2021-05-26,Tech,-0.06613333333333334,-0.0188
2021-05-27,Tech,0.28205,0.18871666666666664
2021-05-28,Tech,0.20909999999999995,0.06277272727272727
2021-06-01,Tech,0.16736666666666666,0.11850833333333334
2021-06-02,Tech,0.03766666666666667,-0.0034222222222222215
2021-06-03,Tech,0.1759777777777778,0.1126222222222222
2021-06-04,Tech,0.0864125,0.12380000000000001
2021-06-07,Tech,0.16210000000000002,0.057375
2021-06-08,Tech,0.2486578947368421,0.14450000000000002
2021-06-09,Tech,0.3763,0.45449999999999996
2021-06-10,Tech,0.12924000000000002,0.00932
2021-06-11,Tech,0.1365722222222222,0.07706111111111111
2021-06-14,Tech,0.02717142857142857,0.05758571428571429
2021-06-15,Tech,0.038099999999999995,-0.034718181818181815
2021-06-16,Tech,0.0,0.00618
2021-06-17,Tech,0.18192307692307694,0.1223615384615385
2021-06-18,Tech,-0.03579,0.023634999999999996
2021-06-21,Tech,0.12189444444444443,0.07642222222222222
2021-06-22,Tech,0.1213277777777778,0.0869
2021-06-23,Tech,0.1568,0.08891250000000002
2021-06-24,Tech,0.09965555555555557,0.04854444444444444
2021-06-25,Tech,0.23142142857142858,0.20235
2021-06-28,Tech,0.5199,0.3452
2021-06-29,Tech,0.07071999999999999,0.12568666666666667
2021-06-30,Tech,0.3351333333333334,0.1994
2021-07-01,Tech,0.15866153846153846,0.0362076923076923
2021-07-02,Tech,0.1879222222222222,0.12912222222222222
2021-07-06,Tech,-0.07289999999999999,0.0448125
2021-07-07,Tech,0.28122,0.16888999999999998
2021-07-08,Tech,0.329275,0.196625
2021-07-09,Tech,0.1491090909090909,0.19620909090909092
2021-07-12,Tech,0.29896666666666666,0.2263666666666667
2021-07-13,Tech,0.07474375,0.025125
2021-07-14,Tech,0.19756,0.15145999999999998
2021-07-15,Tech,0.08110000000000002,0.13516999999999998
2021-07-16,Tech,-0.006066666666666667,0.09003333333333334
2021-07-19,Tech,0.15469047619047618,-0.05366190476190475
2021-07-20,Tech,-0.07047586206896551,-0.10511379310344825
2021-07-21,Tech,0.07837,0.03999
2021-07-22,Tech,0.12548125,0.1292125
2021-07-23,Tech,0.07311999999999999,0.154985
2021-07-26,Tech,0.1215653846153846,0.16798076923076918
2021-07-27,Tech,0.097744,0.07137199999999999
2021-07-28,Tech,0.02853666666666667,0.08003
2021-07-29,Tech,0.16782631578947368,0.12832105263157895
2021-07-30,Tech,0.08439999999999999,0.061
2021-08-02,Tech,0.27573333333333333,0.14413333333333334
2021-08-03,Tech,0.07122105263157896,-0.0010263157894736836
2021-08-04,Tech,0.12199411764705882,0.12254117647058822
2021-08-05,Tech,-0.005135714285714283,0.0067214285714285735
2021-08-06,Tech,0.1228888888888889,0.055883333333333333
2021-08-09,Tech,0.10846923076923076,0.03338461538461538
2021-08-10,Tech,0.07027,0.036419999999999994
2021-08-11,Tech,0.015128571428571427,0.0049428571428571455
2021-08-12,Tech,0.0,0.0
2021-08-13,Tech,0.34224,0.19922
2021-08-16,Tech,0.041762499999999994,0.14326250000000001
2021-08-17,Tech,0.04576,0.044329999999999994
2021-08-18,Tech,-0.03303,-0.06161
2021-08-19,Tech,0.14433928571428573,0.05089642857142857
2021-08-20,Tech,0.0920888888888889,0.05896666666666666
2021-08-23,Tech,-0.1678764705882353,-0.07407058823529412
2021-08-24,Tech,0.19877647058823533,0.15832941176470589
2021-08-25,Tech,0.026249999999999996,0.05261363636363637
2021-08-26,Tech,0.016070588235294118,0.02519411764705882
2021-08-27,Tech,0.28785,0.13461666666666666
2021-08-30,Tech,-0.009455555555555557,-0.0402388888888889
2021-08-31,Tech,0.35512727272727274,0.13668181818181818
2021-09-01,Tech,-0.010860000000000003,0.03155
2021-09-02,Tech,0.07972,0.06422000000000001
2021-09-03,Tech,0.3163571428571429,0.3254428571428571
2021-09-07,Tech,0.15663636363636363,0.1610090909090909
2021-09-08,Tech,0.18700416666666667,0.0448375
2021-09-09,Tech,0.12556923076923077,-0.014176923076923077
2021-09-10,Tech,0.15821538461538462,0.057938461538461536
2021-09-13,Tech,-0.05499375000000001,0.01593125
2021-09-14,Tech,0.06575454545454545,0.02584545454545455
2021-09-15,Tech,0.2320909090909091,0.05059090909090909
2021-09-16,Tech,0.1204833333333333,0.03627777777777778
2021-09-17,Tech,0.196275,0.0988625
2021-09-20,Tech,0.04975000000000001,0.07283999999999999
2021-09-21,Tech,0.25877083333333334,0.07082083333333333
2021-09-22,Tech,0.16843181818181818,0.07324545454545454
2021-09-23,Tech,0.09251176470588236,0.03930588235294117
2021-09-24,Tech,-0.02472499999999998,-0.019066666666666673
2021-09-27,Tech,0.1748769230769231,0.11521538461538462
2021-09-28,Tech,0.13091363636363637,0.045163636363636364
2021-09-29,Tech,0.19249999999999998,-0.020371428571428568
2021-09-30,Tech,0.26042499999999996,0.16676666666666665
2021-10-01,Tech,0.1488875,0.053956250000000004
2021-10-04,Tech,-0.05840714285714286,0.01874285714285714
2021-10-05,Tech,0.140144,0.053372
2021-10-06,Tech,0.14416923076923077,0.094
2021-10-07,Tech,0.14734444444444444,-0.007222222222222229
2021-10-08,Tech,-0.009690909090909094,0.08134545454545454
2021-10-11,Tech,0.08377142857142857,0.08646428571428573
2021-10-12,Tech,0.16784,0.13246
2021-10-13,Tech,0.19400434782608697,0.12522173913043477
2021-10-14,Tech,0.11651904761904763,0.09055238095238094
2021-10-15,Tech,0.0923181818181818,0.1498090909090909
2021-10-18,Tech,0.1517,0.0987625
2021-10-19,Tech,0.08319189189189188,0.024599999999999997
2021-10-20,Tech,0.226775,0.21511875
2021-10-21,Tech,0.12113333333333334,0.2188111111111111
2021-10-22,Tech,0.06701851851851852,0.06224814814814815
2021-10-25,Tech,0.11618846153846155,-0.007911538461538466
2021-10-26,Tech,-0.05300666666666665,-0.07434
2021-10-27,Tech,0.12513870967741936,0.1351516129032258
2021-10-28,Tech,0.05752272727272727,0.024072727272727277
2021-10-29,Tech,0.2736166666666667,0.05945
2021-11-01,Tech,0.10056153846153844,0.015215384615384605
2021-11-02,Tech,0.18818666666666667,0.0836
2021-11-03,Tech,0.06867894736842105,0.06160000000000001
2021-11-04,Tech,0.189345,0.130645
2021-11-05,Tech,0.17265116279069767,0.14024651162790697
2021-11-08,Tech,-0.01984166666666666,0.025175000000000003
2021-11-09,Tech,0.04961034482758621,0.12455172413793104
2021-11-10,Tech,0.06584375,-0.008343750000000007
2021-11-11,Tech,0.10250000000000001,0.05151428571428572
2021-11-12,Tech,0.25900625,0.16591250000000002
2021-11-15,Tech,-0.01916666666666668,0.004499999999999998
2021-11-16,Tech,0.1251842105263158,0.08800526315789474
2021-11-17,Tech,0.21848260869565217,0.1671913043478261
2021-11-18,Tech,0.03238695652173913,-0.01956086956521739
2021-11-19,Tech,0.08828108108108108,0.10710540540540542
2021-11-22,Tech,0.1434576923076923,0.1558346153846154
2021-11-23,Tech,0.24228387096774195,0.1284451612903226
2021-11-24,Tech,0.3593090909090909,0.29616363636363635
2021-11-26,Tech,-0.000980952380952376,0.0539952380952381
2021-11-29,Tech,0.0463875,0.050574999999999995
2021-11-30,Tech,0.15621290322580644,0.13761612903225806
2021-12-01,Tech,0.08245217391304348,0.06497826086956522
2021-12-02,Tech,-0.016074999999999992,0.041675000000000004
2021-12-03,Tech,0.16842916666666666,0.19102500000000003
2021-12-06,Tech,0.08574642857142857,0.0024428571428571433
2021-12-07,Tech,0.15005227272727273,-0.008595454545454543
2021-12-08,Tech,0.1316046511627907,0.10607906976744186
2021-12-09,Tech,0.03956666666666666,0.0032999999999999956
2021-12-10,Tech,0.1003185185185185,0.006551851851851848
2021-12-13,Tech,0.09124375,0.12191874999999999
2021-12-14,Tech,0.09332,0.07962
2021-12-15,Tech,0.011273684210526314,-0.05558421052631579
2021-12-16,Tech,0.16195199999999998,0.138248
2021-12-17,Tech,0.08346333333333335,0.02468333333333334
2021-12-20,Tech,-0.11429375,-0.10581875
2021-12-21,Tech,0.1476576923076923,0.06571153846153846
2021-12-22,Tech,0.18810000000000002,0.11407777777777778
2021-12-23,Tech,0.42734444444444447,0.2202111111111111
2021-12-27,Tech,0.11680526315789475,0.059889473684210534
2021-12-28,Tech,0.1319095238095238,0.11157619047619047
2021-12-29,Tech,0.19536333333333333,0.18311333333333335
2021-12-30,Tech,0.13024166666666667,0.024708333333333336
2021-12-31,Tech,0.196055,0.09587999999999999
2022-01-03,Tech,0.15764999999999998,0.07749444444444445
2022-01-04,Tech,0.23773043478260872,0.187
2022-01-05,Tech,0.04773953488372093,0.0060790697674418595
2022-01-06,Tech,0.13247105263157896,-0.010552631578947364
2022-01-07,Tech,0.12199285714285714,0.08132857142857142
2022-01-10,Tech,-0.04083684210526315,-0.03916315789473684
2022-01-11,Tech,0.05468148148148148,0.030033333333333332
2022-01-12,Tech,0.14757407407407405,0.15581851851851855
2022-01-13,Tech,0.156,0.11666666666666667
2022-01-14,Tech,0.20360625,0.12616875
2022-01-18,Tech,0.21459411764705882,0.08596470588235294
2022-01-19,Tech,0.17045263157894736,0.14485263157894737
2022-01-20,Tech,0.1638127659574468,0.10299574468085106
2022-01-21,Tech,0.18644166666666664,0.11547916666666667
2022-01-24,Tech,0.10721666666666667,0.044206666666666665
2022-01-25,Tech,0.13698749999999998,0.016874999999999998
2022-01-26,Tech,0.07751944444444445,0.061547222222222225
2022-01-27,Tech,0.0706890410958904,0.04667808219178082
2022-01-28,Tech,0.1266232142857143,0.1211125
2022-01-31,Tech,0.18028750000000002,0.12399374999999999
2022-02-01,Tech,0.1239372549019608,0.15916666666666665
2022-02-02,Tech,0.13194528301886793,0.13579056603773584
2022-02-03,Tech,0.2409372549019608,0.10210392156862745
2022-02-04,Tech,0.04161351351351351,0.044259459459459465
2022-02-07,Tech,0.09641111111111111,0.0831888888888889
2022-02-08,Tech,0.06472413793103447,0.049920689655172414
2022-02-09,Tech,0.22655882352941178,0.06676470588235293
2022-02-10,Tech,0.101492,0.114472
2022-02-11,Tech,0.1547578947368421,-0.00295263157894736
2022-02-14,Tech,0.025789999999999993,-0.0246
2022-02-15,Tech,0.030611864406779658,0.030354237288135587
2022-02-16,Tech,0.11871636363636365,0.05480727272727273
2022-02-17,Tech,0.15255,0.09865588235294118
2022-02-18,Tech,0.03710681818181819,-0.007572727272727269
2022-02-22,Tech,0.07664857142857143,0.0728657142857143
2022-02-23,Tech,0.16906249999999998,0.0740975
2022-02-24,Tech,0.16469090909090908,0.0874590909090909
2022-02-25,Tech,0.11767368421052633,0.10683157894736842
2022-02-28,Tech,0.06684375000000001,0.03096875
2022-03-01,Tech,0.14049166666666668,0.045775
2022-03-02,Tech,0.11865384615384615,-0.02416923076923077
2022-03-03,Tech,0.10418095238095239,0.1694
2022-03-04,Tech,0.047540740740740745,0.018896296296296303
2022-03-07,Tech,0.05445769230769231,0.00597307692307693
2022-03-08,Tech,0.05084594594594595,-0.024845945945945948
2022-03-09,Tech,0.20671379310344828,0.10451034482758621
2022-03-10,Tech,0.10399459459459458,0.0623
2022-03-11,Tech,0.2621277777777778,0.11994722222222223
2022-03-14,Tech,0.07192380952380953,0.0766047619047619
2022-03-15,Tech,0.22544230769230772,0.08794230769230768
2022-03-16,Tech,0.10495,0.15393611111111113
2022-03-17,Tech,0.22418709677419354,0.19960000000000003
2022-03-18,Tech,0.07365384615384615,0.056984615384615384
2022-03-21,Tech,0.187075,0.1874375
2022-03-22,Tech,0.13098064516129032,0.10549677419354839
2022-03-23,Tech,0.11328399999999998,0.17009999999999997
2022-03-24,Tech,0.023644,0.019819999999999994
2022-03-25,Tech,0.09470535714285713,0.09262142857142856
2022-03-28,Tech,0.14412121212121212,0.08036060606060606
2022-03-29,Tech,0.24212571428571428,0.13988285714285714
2022-03-30,Tech,0.07680714285714287,0.08383928571428571
2022-03-31,Tech,0.14771363636363635,0.07411363636363637
2022-04-01,Tech,0.09596285714285714,0.06273714285714287
2022-04-04,Tech,0.08472857142857143,0.07231904761904762
2022-04-05,Tech,0.13262456140350878,0.08454736842105263
2022-04-06,Tech,0.034172972972972976,-0.029637837837837844
2022-04-07,Tech,0.16673030303030303,0.016324242424242418
2022-04-08,Tech,0.24035909090909094,0.09122727272727273
2022-04-11,Tech,0.28724,0.24814
2022-04-12,Tech,0.1849981818181818,0.06845272727272726
2022-04-13,Tech,0.07539333333333334,-0.02097333333333333
2022-04-14,Tech,0.15086538461538462,0.11203461538461539
2022-04-18,Tech,0.028047999999999997,0.074884
2022-04-19,Tech,0.162525,-0.017970833333333328
2022-04-20,Tech,0.13455833333333334,0.11320833333333334
2022-04-21,Tech,0.17574705882352942,0.08151764705882354
2022-04-22,Tech,0.0539,-0.012734782608695655
2022-04-25,Tech,0.0468888888888889,0.08512222222222222
2022-04-26,Tech,0.14440256410256408,0.04117435897435897
2022-04-27,Tech,0.14782272727272727,0.026318181818181827
2022-04-28,Tech,0.106925,0.09099062499999999
2022-04-29,Tech,0.029434782608695653,0.14096304347826086
2022-05-02,Tech,0.02457777777777777,-0.04216296296296296
2022-05-03,Tech,0.05032121212121212,0.10515151515151515
2022-05-04,Tech,0.0899390243902439,0.0716
2022-05-05,Tech,-0.02126,0.016539999999999992
2022-05-06,Tech,0.130128,-0.037399999999999996
2022-05-09,Tech,0.10216521739130435,0.07766956521739131
2022-05-10,Tech,0.11955454545454546,0.014633333333333326
2022-05-11,Tech,0.21205200000000002,0.080452
2022-05-12,Tech,0.11014285714285713,0.04612857142857143
2022-05-13,Tech,0.0719470588235294,-0.07718823529411765
2022-05-16,Tech,0.10252083333333334,0.0778625
2022-05-17,Tech,0.022218181818181817,0.05511818181818182
2022-05-18,Tech,0.2376142857142857,0.1376142857142857
2022-05-19,Tech,0.20656,0.010689999999999996
2022-05-20,Tech,0.14120000000000002,0.011963999999999997
2022-05-23,Tech,0.2358333333333333,0.10392857142857144
2022-05-24,Tech,0.13415135135135137,0.08747027027027028
2022-05-25,Tech,0.19630714285714285,0.052878571428571434
2022-05-26,Tech,0.04853333333333333,0.007755555555555559
2022-05-27,Tech,0.11965483870967743,0.062325806451612904
2022-05-31,Tech,0.05838235294117647,0.055782352941176463
2022-06-01,Tech,0.2590925925925926,0.21922962962962964
2022-06-02,Tech,0.23778947368421052,0.15940526315789474
2022-06-03,Tech,0.12257037037037037,0.14070000000000002
2022-06-06,Tech,0.14226521739130435,0.055995652173913044
2022-06-07,Tech,0.07654705882352941,0.04729411764705882
2022-06-08,Tech,0.10493181818181818,0.07012727272727272
2022-06-09,Tech,0.07662592592592593,-0.05687407407407408
2022-06-10,Tech,0.06705333333333334,0.011526666666666664
2022-06-13,Tech,0.09822222222222224,0.045411111111111103
2022-06-14,Tech,0.11136111111111109,0.044888888888888895
2022-06-15,Tech,0.1548736842105263,0.08756315789473684
2022-06-16,Tech,0.213205,0.11799
2022-06-17,Tech,0.05614,-0.0031566666666666726
2022-06-21,Tech,0.07360526315789474,0.06583157894736842
2022-06-22,Tech,0.11080909090909091,0.053766666666666664
2022-06-23,Tech,0.13749499999999998,0.0395
2022-06-24,Tech,0.16413181818181818,0.03663636363636364
2022-06-27,Tech,0.022512500000000005,-0.021370833333333335
2022-06-28,Tech,0.18730000000000002,0.057548648648648656
2022-06-29,Tech,0.1028888888888889,0.018829629629629627
2022-06-30,Tech,0.15563448275862068,0.011937931034482752
2022-07-01,Tech,0.08924193548387097,-0.03480322580645162
2022-07-05,Tech,0.10356956521739127,-0.03840869565217391
2022-07-06,Tech,0.16326875,0.06930312500000001
2022-07-07,Tech,0.1832888888888889,0.06819999999999998
2022-07-08,Tech,0.0629918918918919,0.0762972972972973
2022-07-11,Tech,0.09091538461538463,0.0755076923076923
2022-07-12,Tech,0.2429666666666667,0.07875714285714286
2022-07-13,Tech,0.08718181818181817,-0.05325454545454544
2022-07-14,Tech,0.03182727272727273,0.08372272727272727
2022-07-15,Tech,0.12536785714285714,0.10059642857142857
2022-07-18,Tech,0.14589999999999997,0.12660588235294118
2022-07-19,Tech,0.15043928571428572,0.1884785714285714
2022-07-20,Tech,0.019045000000000003,0.06741000000000001
2022-07-21,Tech,0.1393225806451613,0.10627741935483871
2022-07-22,Tech,0.2324263157894737,0.1276421052631579
2022-07-25,Tech,0.23578695652173912,0.09539565217391303
2022-07-26,Tech,0.08786060606060606,0.0048
2022-07-27,Tech,0.024224999999999997,0.034625
2022-07-28,Tech,0.08690357142857143,0.07959285714285715
2022-07-29,Tech,0.0324625,0.012135000000000007
2022-08-01,Tech,0.21142432432432431,0.1599756756756757
2022-08-02,Tech,0.18707083333333333,0.14502916666666665
2022-08-03,Tech,-0.057009090909090905,-0.10738636363636363
2022-08-04,Tech,0.13414062499999999,0.155575
2022-08-05,Tech,0.04029583333333333,-0.02822916666666667
2022-08-08,Tech,0.113025,0.020291666666666663
2022-08-09,Tech,0.060586363636363647,0.03957272727272727
2022-08-10,Tech,0.00800909090909091,-0.09548409090909091
2022-08-11,Tech,0.09082307692307691,0.04595769230769231
2022-08-12,Tech,0.10524814814814815,0.07881111111111111
2022-08-15,Tech,0.3002619047619048,0.22483809523809525
2022-08-16,Tech,0.16329999999999997,0.10843043478260869
2022-08-17,Tech,0.17206875000000002,0.0834625
2022-08-18,Tech,0.0595,0.07387142857142857
2022-08-19,Tech,0.10004166666666668,0.03423333333333334
2022-08-22,Tech,0.11055833333333333,0.1110166666666667
2022-08-23,Tech,0.1899783783783784,0.07965405405405405
2022-08-24,Tech,0.008807142857142855,0.052857142857142846
2022-08-25,Tech,0.056453333333333335,0.03851
2022-08-26,Tech,0.08845555555555557,0.050070370370370376
2022-08-29,Tech,0.13341538461538463,0.000973076923076927
2022-08-30,Tech,0.07358437500000001,-0.07460312499999999
2022-08-31,Tech,0.06449,0.07159
2022-09-01,Tech,0.10543684210526315,0.07451052631578947
2022-09-02,Tech,-0.037930769230769226,-0.09895256410256412
2022-09-06,Tech,0.15812692307692308,-0.006684615384615387
2022-09-07,Tech,0.061667346938775514,0.022708163265306128
2022-09-08,Tech,0.12257222222222224,-0.005205555555555554
2022-09-09,Tech,0.09885263157894737,0.10232105263157895
2022-09-12,Tech,0.17821176470588238,0.13298235294117647
2022-09-13,Tech,0.0665,0.05961538461538462
2022-09-14,Tech,0.06728076923076924,-0.0026538461538461546
2022-09-15,Tech,0.08218750000000001,-0.07302916666666666
2022-09-16,Tech,-0.017126829268292683,-0.04403170731707318
2022-09-19,Tech,0.028005000000000002,0.05883000000000001
2022-09-20,Tech,0.08246666666666666,-0.055237037037037036
2022-09-21,Tech,0.1057857142857143,-0.02433809523809524
2022-09-22,Tech,0.0735304347826087,0.09833913043478261
2022-09-23,Tech,0.15648636363636362,0.11191363636363637
2022-09-26,Tech,0.050249999999999996,-0.009615000000000002
2022-09-27,Tech,0.07450384615384616,0.02772692307692308
2022-09-28,Tech,0.17852068965517243,0.09379655172413794
2022-09-29,Tech,0.002042105263157892,-0.010139473684210526
2022-09-30,Tech,0.04643684210526316,0.006563157894736838
2022-10-03,Tech,-0.09451818181818185,0.04553636363636364
2022-10-04,Tech,0.3062037037037037,0.14791851851851853
2022-10-05,Tech,0.158664,0.16058
2022-10-06,Tech,0.10651111111111111,0.08240370370370372
2022-10-07,Tech,-0.06509583333333332,-0.16518333333333335
2022-10-10,Tech,0.06722615384615384,0.0019600000000000004
2022-10-11,Tech,0.06544473684210526,-0.03601842105263158
2022-10-12,Tech,-0.0055000000000000005,0.012474999999999997
2022-10-13,Tech,-0.05774999999999999,0.005520588235294117
2022-10-14,Tech,0.007965517241379307,0.037775862068965514
2022-10-17,Tech,0.07629411764705882,0.03146470588235294
2022-10-18,Tech,0.059087499999999994,0.052291666666666674
2022-10-19,Tech,0.123965625,0.027318750000000003
2022-10-20,Tech,-0.061470588235294124,-0.12582941176470588
2022-10-21,Tech,0.19240000000000002,0.1268375
2022-10-24,Tech,0.039357142857142854,0.05100000000000001
2022-10-25,Tech,-0.002363636363636366,-0.05202272727272727
2022-10-26,Tech,-0.031094117647058814,-0.0958
2022-10-27,Tech,0.2656230769230769,0.22862307692307693
2022-10-28,Tech,0.021041666666666667,0.01123055555555556
2022-10-31,Tech,0.09733333333333333,0.08297878787878787
2022-11-01,Tech,0.10014399999999998,0.020171999999999995
2022-11-02,Tech,0.11281034482758623,-0.031058620689655175
2022-11-03,Tech,0.11285263157894736,0.08783157894736843
2022-11-04,Tech,-0.006963333333333344,-0.055523333333333334
2022-11-07,Tech,0.1102111111111111,0.006211111111111109
2022-11-08,Tech,0.1525111111111111,0.053981481481481484
2022-11-09,Tech,0.07044347826086957,0.08698260869565219
2022-11-10,Tech,0.0704923076923077,-0.03182307692307692
2022-11-11,Tech,0.08368571428571428,0.06757142857142857
2022-11-14,Tech,0.1583142857142857,0.07352857142857143
2022-11-15,Tech,0.08824375,0.033021875000000006
2022-11-16,Tech,0.12644761904761906,0.022133333333333338
2022-11-17,Tech,-0.0091325,-0.026652500000000003
2022-11-18,Tech,0.09989259259259259,0.02487037037037037
2022-11-21,Tech,0.34498,0.16821000000000003
2022-11-22,Tech,0.20202105263157896,0.05197368421052631
2022-11-23,Tech,-0.06414166666666667,0.03741666666666666
2022-11-25,Tech,0.19458571428571428,0.11944285714285716
2022-11-28,Tech,-0.025199999999999993,-0.03264
2022-11-29,Tech,0.10311818181818184,0.036866666666666666
2022-11-30,Tech,-0.04848,-0.10613333333333334
2022-12-01,Tech,0.0887375,0.04278124999999999
2022-12-02,Tech,0.22039545454545453,0.12444545454545454
2022-12-05,Tech,0.09554074074074073,0.08631481481481483
2022-12-06,Tech,0.10132222222222223,0.05577222222222224
2022-12-07,Tech,0.04179333333333334,0.04592
2022-12-08,Tech,0.20778000000000002,0.19776
2022-12-09,Tech,0.12050000000000001,0.15442666666666668
2022-12-12,Tech,0.14611538461538462,0.13004615384615384
2022-12-13,Tech,0.13646666666666665,0.10873333333333333
2022-12-14,Tech,0.1678925925925926,0.0745851851851852
2022-12-15,Tech,0.012990909090909088,0.08741818181818183
2022-12-16,Tech,-0.05317999999999999,-0.026046666666666662
2022-12-19,Tech,0.024851851851851854,-0.0033037037037036937
2022-12-20,Tech,0.029570833333333327,0.025808333333333332
2022-12-21,Tech,0.20109333333333332,0.16846000000000003
2022-12-22,Tech,0.13849499999999998,0.10900499999999999
2022-12-23,Tech,-0.15005333333333332,-0.16832333333333335
2022-12-27,Tech,0.1096705882352941,0.09432352941176471
2022-12-28,Tech,-0.0023535714285714262,-0.06869642857142857
2022-12-29,Tech,0.07722857142857142,-0.08506428571428572
2022-12-30,Tech,0.2059923076923077,0.010715384615384618
2023-01-03,Tech,0.04646818181818182,-0.08260909090909091
2023-01-04,Tech,0.11554313725490195,0.048205882352941175
2023-01-05,Tech,0.05114615384615385,0.0660846153846154
2023-01-06,Tech,0.23123703703703705,0.12179629629629629
2023-01-09,Tech,0.24500952380952382,0.18898571428571428
2023-01-10,Tech,0.01899999999999999,0.006341666666666665
2023-01-11,Tech,0.19832857142857144,0.15116190476190478
2023-01-12,Tech,0.09478235294117648,0.010076470588235301
2023-01-13,Tech,0.07735384615384616,0.02566923076923077
2023-01-17,Tech,0.14329285714285714,0.11044285714285713
2023-01-18,Tech,0.15664130434782608,0.09451739130434783
2023-01-19,Tech,0.15875,0.12004444444444445
2023-01-20,Tech,0.0929,0.011041666666666677
2023-01-23,Tech,0.05718846153846154,-0.032365384615384615
2023-01-24,Tech,0.11555555555555556,0.17522592592592592
2023-01-25,Tech,0.10965625000000001,-0.010203125000000002
2023-01-26,Tech,0.07621379310344828,0.07775517241379311
2023-01-27,Tech,0.0456108108108108,0.04606756756756757
2023-01-30,Tech,-0.013752941176470586,0.009521568627450986
2023-01-31,Tech,0.08663548387096774,0.034677419354838715
2023-02-01,Tech,-0.00010399999999999659,-0.056672
2023-02-02,Tech,0.037351999999999996,0.035852
2023-02-03,Tech,0.16897096774193548,0.06991935483870967
2023-02-06,Tech,-0.047700000000000006,0.0261
2023-02-07,Tech,0.25118709677419354,0.0412774193548387
2023-02-08,Tech,0.18101764705882353,0.13291764705882353
2023-02-09,Tech,0.020411764705882345,0.04424705882352941
2023-02-10,Tech,0.2596157894736842,0.15200526315789473
2023-02-13,Tech,0.018305555555555554,-0.0032444444444444448
2023-02-14,Tech,0.1794948717948718,0.09749487179487179
2023-02-15,Tech,0.2537714285714286,0.2784857142857143
2023-02-16,Tech,0.06459090909090909,0.10213636363636365
2023-02-17,Tech,0.16790740740740742,0.10113333333333333
2023-02-21,Tech,0.11672173913043477,-0.015221739130434784
2023-02-22,Tech,0.1415717948717949,0.09721282051282053
2023-02-23,Tech,0.08893658536585367,0.17623658536585365
2023-02-24,Tech,0.07973048780487806,0.03962560975609756
2023-02-27,Tech,-0.028658064516129036,-0.08028387096774194
2023-02-28,Tech,0.1355952380952381,0.0908
2023-03-01,Tech,0.22342,0.16965
2023-03-02,Tech,0.1679,0.09359615384615384
2023-03-03,Tech,0.10085000000000001,0.0010533333333333358
2023-03-06,Tech,0.19255,0.13650833333333331
2023-03-07,Tech,0.06906969696969696,0.009284848484848483
2023-03-08,Tech,0.06786428571428571,0.080175
2023-03-09,Tech,0.09958260869565218,0.058517391304347834
2023-03-10,Tech,0.15355172413793106,0.05918620689655173
2023-03-13,Tech,0.10253599999999999,0.031792
2023-03-14,Tech,0.07417142857142857,0.04173571428571428
2023-03-15,Tech,0.23081666666666667,0.12482222222222224
2023-03-16,Tech,0.048415789473684204,0.08669473684210527
2023-03-17,Tech,0.07618571428571429,0.04343877551020408
2023-03-20,Tech,0.08805405405405406,0.05166756756756757
2023-03-21,Tech,0.16192954545454546,0.0710840909090909
2023-03-22,Tech,0.014220689655172421,0.056
2023-03-23,Tech,0.10832820512820514,0.05973846153846153
2023-03-24,Tech,0.19302285714285716,0.15091428571428572
2023-03-27,Tech,0.048513793103448284,0.0691241379310345
2023-03-28,Tech,0.14934583333333332,0.09220208333333334
2023-03-29,Tech,0.190395,0.08990499999999998
2023-03-30,Tech,0.10580384615384616,0.11092692307692308
2023-03-31,Tech,0.1390032258064516,0.06385483870967743
2023-04-03,Tech,0.21570909090909088,0.11492727272727275
2023-04-04,Tech,0.1748203125,0.1478859375
2023-04-05,Tech,0.10433333333333332,0.03133939393939393
2023-04-06,Tech,-0.003309677419354836,-0.08865806451612904
2023-04-10,Tech,0.15912105263157894,0.007057894736842111
2023-04-11,Tech,0.159325,0.11894464285714286
2023-04-12,Tech,0.11240000000000001,0.058790476190476185
2023-04-13,Tech,0.10389259259259259,0.0783037037037037
2023-04-14,Tech,0.05014666666666667,0.04495333333333334
2023-04-17,Tech,0.2187277777777778,0.14500277777777779
2023-04-18,Tech,0.18476486486486488,0.1123108108108108
2023-04-19,Tech,0.1987380952380952,0.14407619047619047
2023-04-20,Tech,0.14875,0.12895833333333334
2023-04-21,Tech,0.08941388888888888,0.01907222222222222
2023-04-24,Tech,0.11258333333333333,0.08754
2023-04-25,Tech,0.21698571428571428,0.09315714285714286
2023-04-26,Tech,0.08565277777777777,0.04615
2023-04-27,Tech,0.141592,0.10569600000000001
2023-04-28,Tech,0.04005714285714286,0.05876122448979591
2023-05-01,Tech,0.08840444444444444,0.04221333333333333
2023-05-02,Tech,0.1187326530612245,0.1422469387755102
2023-05-03,Tech,0.10884166666666667,-0.021594444444444447
2023-05-04,Tech,0.16695342465753424,0.11424520547945205
2023-05-05,Tech,0.003957377049180322,-0.022203278688524584
2023-05-08,Tech,0.033888888888888885,0.017594444444444447
2023-05-09,Tech,0.13686578947368422,0.09993157894736843
2023-05-10,Tech,0.012088571428571422,-0.05764
2023-05-11,Tech,0.12723500000000001,0.11003
2023-05-12,Tech,0.038941666666666666,0.034725
2023-05-15,Tech,0.108285,0.115985
2023-05-16,Tech,0.17892258064516128,0.12552903225806453
2023-05-17,Tech,0.11746052631578947,0.019652631578947373
2023-05-18,Tech,0.10225,0.047828571428571436
2023-05-19,Tech,0.12518214285714288,0.14112857142857144
2023-05-22,Tech,0.1585,0.055903125
2023-05-23,Tech,0.04644464285714286,0.024116071428571424
2023-05-24,Tech,0.16922399999999999,0.073012
2023-05-25,Tech,-0.0031499999999999966,0.02415555555555556
2023-05-26,Tech,0.039405303030303034,0.04100151515151516
2023-05-30,Tech,0.1368890909090909,0.040312727272727264
2023-05-31,Tech,0.122012,0.08522066666666667
2023-06-01,Tech,0.08310999999999999,0.0038699999999999997
2023-06-02,Tech,0.14330806451612904,0.10565
2023-06-05,Tech,0.04989830508474576,0.0786728813559322
2023-06-06,Tech,0.11625333333333332,0.03690533333333333
2023-06-07,Tech,0.004503225806451609,0.06312903225806452
2023-06-08,Tech,0.16249999999999998,0.0763361111111111
2023-06-09,Tech,0.08571290322580646,0.07897580645161291
2023-06-12,Tech,0.09368269230769231,0.09899423076923076
2023-06-13,Tech,0.12368533333333334,0.11221999999999999
2023-06-14,Tech,0.1633777777777778,0.14951805555555556
2023-06-15,Tech,0.22779038461538462,0.08231730769230769
2023-06-16,Tech,0.14268196721311474,0.05686065573770492
2023-06-20,Tech,0.10173396226415093,0.14902264150943395
2023-06-21,Tech,0.10961559633027523,0.08920733944954128
2023-06-22,Tech,0.06483448275862069,0.01846551724137931
2023-06-23,Tech,0.09864090909090907,0.11168863636363636
2023-06-26,Tech,0.1537931818181818,0.11664772727272726
2023-06-27,Tech,0.16101836734693878,0.08091632653061225
2023-06-28,Tech,0.12041730769230771,0.1000826923076923
2023-06-29,Tech,0.05636976744186046,-0.04240581395348837
2023-06-30,Tech,0.07906551724137932,0.06382931034482758
2023-07-03,Tech,0.10874807692307693,0.1335326923076923
2023-07-05,Tech,0.26784782608695656,0.1895695652173913
2023-07-06,Tech,0.12146190476190477,0.08198730158730158
2023-07-07,Tech,0.042983928571428576,0.014312499999999997
2023-07-10,Tech,0.04262250000000001,0.066185
2023-07-11,Tech,0.06496037735849057,0.12703396226415095
2023-07-12,Tech,0.12375192307692306,0.12018461538461539
2023-07-13,Tech,0.13771521739130435,0.10722173913043478
2023-07-14,Tech,0.1955325,0.14438250000000002
2023-07-17,Tech,0.180612,0.09813600000000001
2023-07-18,Tech,0.1529875,0.06692321428571428
2023-07-19,Tech,0.26391590909090906,0.11556136363636363
2023-07-20,Tech,0.17213793103448277,0.12973103448275863
2023-07-21,Tech,0.0654188679245283,-0.0289
2023-07-24,Tech,0.056914893617021275,0.039489361702127655
2023-07-25,Tech,0.156827868852459,0.08299672131147541
2023-07-26,Tech,0.02911333333333334,0.09407111111111112
2023-07-27,Tech,0.08688965517241379,0.11124137931034482
2023-07-28,Tech,0.13809736842105264,0.12365921052631579
2023-07-31,Tech,0.17434999999999998,0.09888571428571429
2023-08-01,Tech,0.19094529914529912,0.18302222222222223
2023-08-02,Tech,0.1802694915254237,0.08373898305084745
2023-08-03,Tech,0.07313780487804879,-0.014147560975609754
2023-08-04,Tech,0.0613525641025641,0.08655769230769231
2023-08-07,Tech,0.1209268292682927,0.15440731707317074
2023-08-08,Tech,0.05674423076923077,0.020713461538461538
2023-08-09,Tech,0.1382974358974359,0.12603076923076925
2023-08-10,Tech,0.04144871794871795,-0.018987179487179484
2023-08-11,Tech,0.09993191489361704,0.09563829787234043
2023-08-14,Tech,0.14196666666666669,0.06981025641025641
2023-08-15,Tech,0.15345238095238095,0.1407190476190476
2023-08-16,Tech,0.07854333333333334,0.010399999999999998
2023-08-17,Tech,0.09971538461538462,0.0783923076923077
2023-08-18,Tech,0.08285555555555556,0.11169814814814816
2023-08-21,Tech,0.18341521739130434,0.040382608695652175
2023-08-22,Tech,0.11709024390243902,0.10938902439024391
2023-08-23,Tech,0.1346642857142857,0.10314523809523811
2023-08-24,Tech,0.15042906976744186,0.16151046511627906
2023-08-25,Tech,0.09973900709219859,0.08142482269503547
2023-08-28,Tech,0.08809076923076924,0.11302000000000001
2023-08-29,Tech,0.16105616438356166,0.10625068493150684
2023-08-30,Tech,0.2324892857142857,0.14847678571428571
2023-08-31,Tech,0.12222000000000001,0.06516727272727274
2023-09-01,Tech,0.15728,0.12729636363636365
2023-09-05,Tech,0.13585869565217393,0.1113608695652174
2023-09-06,Tech,0.20420873786407767,0.13113495145631068
2023-09-07,Tech,0.10018039215686274,0.05585686274509803
2023-09-08,Tech,0.16509846153846156,0.06909384615384614
2023-09-11,Tech,0.10093396226415094,-0.0005754716981132112
2023-09-12,Tech,0.21652000000000002,0.158365
2023-09-13,Tech,0.06476071428571428,0.04417321428571429
2023-09-14,Tech,0.288045,0.15901
2023-09-15,Tech,0.17602272727272728,0.17430757575757577
2023-09-18,Tech,0.029327380952380955,0.030611904761904757
2023-09-19,Tech,0.17386718750000002,0.1012046875
2023-09-20,Tech,0.08366491228070176,0.07935789473684211
2023-09-21,Tech,0.07398923076923078,0.02266769230769231
2023-09-22,Tech,0.15487083333333335,0.06747291666666666
2023-09-25,Tech,0.17365,0.08983958333333335
2023-09-26,Tech,0.10479677419354837,0.036085483870967744
2023-09-27,Tech,0.11329189189189191,0.10165135135135135
2023-09-28,Tech,0.13140465116279068,0.12401860465116277
2023-09-29,Tech,0.15303499999999998,0.1063825
2023-10-02,Tech,0.14775555555555556,0.14429629629629628
2023-10-03,Tech,0.19570405405405406,0.14470675675675676
2023-10-04,Tech,0.16963333333333333,0.10797333333333334
2023-10-05,Tech,0.10309534883720929,0.09852093023255813
2023-10-06,Tech,0.19473461538461537,0.12376153846153846
2023-10-09,Tech,0.14622051282051282,0.07771794871794871
2023-10-10,Tech,0.05048153846153847,0.001321538461538465
2023-10-11,Tech,0.14366603773584904,0.14826415094339623
2023-10-12,Tech,0.2093793103448276,0.1799586206896552
2023-10-13,Tech,0.1616547619047619,0.1083047619047619
2023-10-16,Tech,0.1488377777777778,0.09035333333333334
2023-10-17,Tech,0.146545,0.10501500000000001
2023-10-18,Tech,0.10292696629213484,0.056310112359550565
2023-10-19,Tech,0.014695999999999997,-0.01591866666666667
2023-10-20,Tech,0.17253333333333332,0.06345333333333333
2023-10-23,Tech,0.09536326530612246,-0.02250408163265306
2023-10-24,Tech,0.09861500000000001,0.05420874999999999
2023-10-25,Tech,0.185055737704918,0.11652786885245901
2023-10-26,Tech,0.1840111111111111,0.08892444444444444
2023-10-27,Tech,0.09625217391304348,0.059069565217391304
2023-10-30,Tech,0.18804626865671645,0.10382985074626866
2023-10-31,Tech,0.06425131578947368,0.0561157894736842
2023-11-01,Tech,0.18605245901639345,0.11856393442622952
2023-11-02,Tech,0.1046820895522388,0.09715820895522388
2023-11-03,Tech,0.1560328125,0.1333828125
2023-11-06,Tech,0.12211111111111109,0.1389488888888889
2023-11-07,Tech,0.1878906976744186,0.14608837209302328
2023-11-08,Tech,0.22080425531914896,0.16707446808510637
2023-11-09,Tech,0.049576315789473684,0.06252894736842106
2023-11-10,Tech,0.21756410256410255,0.13084615384615383
2023-11-13,Tech,0.24646976744186047,0.16660697674418604
2023-11-14,Tech,0.167956,0.126912
2023-11-15,Tech,0.26408360655737706,0.17077377049180326
2023-11-16,Tech,0.11580222222222222,0.06245111111111111
2023-11-17,Tech,0.08307826086956523,0.09271521739130435
2023-11-20,Tech,0.14884146341463414,0.1346
2023-11-21,Tech,0.18133030303030304,0.13811060606060607
2023-11-22,Tech,0.09957380952380952,0.07172142857142857
2023-11-24,Tech,0.1116974358974359,0.16267051282051279
2023-11-27,Tech,0.1815988372093023,0.13603255813953488
2023-11-28,Tech,0.2141846153846154,0.16199384615384615
2023-11-29,Tech,0.15431999999999998,0.15180222222222223
2023-11-30,Tech,0.19738,0.17251000000000002
2023-12-01,Tech,0.1658714285714286,0.16651836734693878
2023-12-04,Tech,0.12199062499999999,0.08034374999999999
2023-12-05,Tech,0.1768529411764706,0.12338676470588235
2023-12-06,Tech,0.1868769230769231,0.11640384615384616
2023-12-07,Tech,0.21634,0.12219000000000001
2023-12-08,Tech,0.10631475409836065,0.11925245901639345
2023-12-11,Tech,0.178755223880597,0.16248656716417909
2023-12-12,Tech,0.11772239999999999,0.10740400000000001
2023-12-13,Tech,0.13051728395061726,0.12255802469135804
2023-12-14,Tech,0.16552222222222224,0.1248
2023-12-15,Tech,0.17207142857142857,0.07474000000000001
2023-12-18,Tech,0.14267,0.06088666666666666
2023-12-19,Tech,0.11999803921568626,0.08511960784313725
2023-12-20,Tech,0.14781666666666668,0.12660000000000002
2023-12-21,Tech,-0.012939999999999997,0.27040000000000003
2023-12-22,Tech,0.1073375,0.18545
2023-12-26,Tech,0.09534000000000001,0.14794000000000002
2023-12-27,Tech,0.21273,0.1369
2023-12-28,Tech,0.181675,0.2155
2023-12-29,Tech,0.08514999999999999,0.14733000000000002
2020-01-03,Utilities,0.6369,0.3612
2020-01-06,Utilities,0.211275,0.012549999999999999
2020-01-07,Utilities,0.06061666666666667,0.03235
2020-01-08,Utilities,0.6369,0.3612
2020-01-09,Utilities,0.27973333333333333,0.2899333333333333
2020-01-10,Utilities,0.059199999999999996,0.013420000000000001
2020-01-13,Utilities,0.11642857142857144,0.027814285714285715
2020-01-14,Utilities,0.013199999999999998,-0.05179999999999999
2020-01-15,Utilities,0.27902,0.16956
2020-01-16,Utilities,0.10064999999999999,0.10106
2020-01-17,Utilities,0.16191818181818182,0.03720909090909091
2020-01-21,Utilities,0.15500588235294116,0.03833529411764706
2020-01-22,Utilities,0.16084666666666667,-0.03128666666666667
2020-01-23,Utilities,0.15989444444444445,0.06327222222222223
2020-01-24,Utilities,-0.0526875,0.005137500000000001
2020-01-27,Utilities,0.13805357142857141,0.005671428571428572
2020-01-28,Utilities,0.013038095238095234,0.020104761904761896
2020-01-29,Utilities,0.030371428571428574,-0.009342857142857148
2020-01-30,Utilities,0.16038181818181818,0.011845454545454546
2020-01-31,Utilities,0.1343181818181818,0.0972
2020-02-03,Utilities,0.12765555555555555,0.04057777777777778
2020-02-04,Utilities,0.1628285714285714,0.07309285714285714
2020-02-05,Utilities,0.11567142857142856,0.07658571428571428
2020-02-06,Utilities,0.040183333333333335,0.03346666666666667
2020-02-07,Utilities,0.18895000000000003,0.004083333333333332
2020-02-10,Utilities,0.15754545454545454,0.13202727272727274
2020-02-11,Utilities,0.15145,0.11109
2020-02-12,Utilities,0.2850346153846154,0.08896153846153847
2020-02-13,Utilities,0.19036470588235294,0.13856470588235292
2020-02-14,Utilities,0.26308928571428575,0.1264785714285714
2020-02-18,Utilities,0.19264736842105265,0.16384736842105263
2020-02-19,Utilities,0.2772242424242424,0.11380606060606062
2020-02-20,Utilities,0.23123846153846153,-0.021915384615384614
2020-02-21,Utilities,0.09205555555555556,0.03681851851851852
2020-02-24,Utilities,0.39232,0.16619
2020-02-25,Utilities,0.08315384615384615,-0.020207692307692312
2020-02-26,Utilities,0.23240000000000002,0.1428
2020-02-27,Utilities,0.16392,0.15463999999999997
2020-02-28,Utilities,0.22705714285714287,0.2122952380952381
2020-03-02,Utilities,-0.06541666666666668,-0.138025
2020-03-03,Utilities,0.1939384615384615,0.10530769230769232
2020-03-04,Utilities,0.03674444444444444,0.02144444444444445
2020-03-05,Utilities,0.35277000000000003,0.32686000000000004
2020-03-06,Utilities,0.03401428571428572,0.03148571428571429
2020-03-09,Utilities,0.18311666666666668,0.08977500000000001
2020-03-10,Utilities,-0.22054166666666666,-0.046674999999999994
2020-03-11,Utilities,0.2763,0.0715
2020-03-12,Utilities,0.07952857142857143,0.1365
2020-03-13,Utilities,0.018946153846153842,-0.047392307692307685
2020-03-16,Utilities,0.15891428571428573,0.05912857142857143
2020-03-17,Utilities,0.23752352941176474,0.02359411764705882
2020-03-18,Utilities,0.2514142857142857,0.4215285714285714
2020-03-19,Utilities,0.32,0.27481666666666665
2020-03-20,Utilities,0.20263333333333333,0.036633333333333344
2020-03-23,Utilities,0.15223,0.022250000000000002
2020-03-24,Utilities,-0.0036380952380952497,-0.01222380952380952
2020-03-25,Utilities,0.271975,0.166925
2020-03-26,Utilities,0.35291111111111106,0.27187777777777783
2020-03-27,Utilities,0.14983846153846156,0.1601923076923077
2020-03-30,Utilities,0.501925,0.3045583333333333
2020-03-31,Utilities,0.17685714285714285,0.16192857142857142
2020-04-01,Utilities,-0.17794166666666666,0.05429166666666666
2020-04-02,Utilities,-0.00708333333333333,0.03370833333333333
2020-04-03,Utilities,0.044075,-0.117425
2020-04-06,Utilities,0.25053333333333333,0.07008333333333333
2020-04-07,Utilities,0.3708916666666666,0.247425
2020-04-08,Utilities,0.2028,0.1374142857142857
2020-04-09,Utilities,0.11186,-0.03246
2020-04-13,Utilities,0.47338888888888886,0.4547555555555556
2020-04-14,Utilities,-0.017261904761904753,-0.09393333333333333
2020-04-15,Utilities,0.3996428571428571,0.09614285714285715
2020-04-16,Utilities,0.0771,-0.17693333333333333
2020-04-17,Utilities,0.26400625,0.0023374999999999993
2020-04-20,Utilities,0.4084214285714286,0.16605714285714285
2020-04-21,Utilities,0.0008722222222222233,0.049133333333333334
2020-04-22,Utilities,-0.0818888888888889,-0.2311222222222222
2020-04-23,Utilities,0.177856,0.071008
2020-04-24,Utilities,0.2074076923076923,0.09493846153846154
2020-04-27,Utilities,-0.004883333333333332,-0.1123
2020-04-28,Utilities,0.217625,0.06836
2020-04-29,Utilities,0.17717999999999998,0.13072
2020-04-30,Utilities,0.09456666666666669,0.03553333333333334
2020-05-01,Utilities,0.11624545454545455,0.14762727272727272
2020-05-04,Utilities,0.027275,-0.1066
2020-05-05,Utilities,0.20004999999999998,0.07813
2020-05-06,Utilities,0.16766538461538458,0.05073846153846154
2020-05-07,Utilities,0.19770000000000001,0.03232857142857143
2020-05-08,Utilities,0.20559333333333335,0.008773333333333333
2020-05-11,Utilities,0.09255238095238096,-0.038138095238095235
2020-05-12,Utilities,0.20876,0.05568000000000001
2020-05-13,Utilities,0.21735263157894735,0.008242105263157898
2020-05-14,Utilities,0.3294833333333333,0.16913333333333336
2020-05-15,Utilities,0.16424,0.08721000000000001
2020-05-18,Utilities,0.16700666666666666,-0.032499999999999994
2020-05-19,Utilities,0.3062307692307692,0.23611538461538462
2020-05-20,Utilities,0.2732,0.0077
2020-05-21,Utilities,0.01469999999999999,0.035640000000000005
2020-05-22,Utilities,0.2959222222222222,0.061722222222222234
2020-05-26,Utilities,0.12498000000000001,0.1255
2020-05-27,Utilities,0.31514,0.20536
2020-05-28,Utilities,0.2457,0.13804285714285713
2020-05-29,Utilities,0.17816,0.00030000000000000024
2020-06-01,Utilities,0.23187500000000003,0.07135000000000001
2020-06-02,Utilities,0.10210000000000001,0.1284625
2020-06-03,Utilities,0.30101666666666665,0.13193333333333332
2020-06-04,Utilities,0.0,0.0
2020-06-05,Utilities,0.03902857142857142,-0.0005142857142857211
2020-06-08,Utilities,0.14851666666666666,0.0974
2020-06-09,Utilities,0.7906,0.745
2020-06-10,Utilities,0.34032000000000007,0.13709999999999997
2020-06-11,Utilities,0.0,-0.10883333333333334
2020-06-12,Utilities,0.3182,0.5603
2020-06-15,Utilities,0.2732,0.0361
2020-06-16,Utilities,0.54005,0.05805
2020-06-17,Utilities,0.3716,-0.2316
2020-06-18,Utilities,0.0,0.0103
2020-06-19,Utilities,0.4316,0.19519999999999998
2020-06-22,Utilities,0.32135,0.023200000000000002
2020-06-23,Utilities,-0.13396666666666665,0.005816666666666667
2020-06-24,Utilities,0.05464,0.0033599999999999997
2020-06-25,Utilities,-0.1027,0.0181
2020-06-26,Utilities,0.0,-0.10815
2020-06-29,Utilities,0.085,0.0941
2020-06-30,Utilities,0.0,0.009
2020-07-01,Utilities,0.17,0.18005
2020-07-02,Utilities,0.16768333333333332,0.02363333333333333
2020-07-06,Utilities,0.8074,0.5927
2020-07-07,Utilities,0.17332162162162162,-0.00017027027027026315
2020-07-08,Utilities,-0.2394666666666667,-0.2394666666666667
2020-07-09,Utilities,-0.016174999999999995,0.008225
2020-07-10,Utilities,0.17556666666666665,0.18843333333333334
2020-07-13,Utilities,0.36819999999999997,0.03605
2020-07-14,Utilities,-0.00626666666666667,0.052950000000000004
2020-07-15,Utilities,0.2732,0.0168
2020-07-16,Utilities,0.550125,0.20885
2020-07-17,Utilities,0.11438,0.0235
2020-07-20,Utilities,0.3197,0.16653333333333334
2020-07-21,Utilities,0.06428571428571428,-0.1038142857142857
2020-07-22,Utilities,0.10826666666666666,0.02153333333333333
2020-07-24,Utilities,0.15332500000000002,0.2539
2020-07-27,Utilities,0.23264444444444443,0.2555222222222222
2020-07-28,Utilities,0.02975833333333334,-0.006725000000000013
2020-07-29,Utilities,0.2202,0.125
2020-07-30,Utilities,0.1367,-0.011840000000000007
2020-07-31,Utilities,0.10533999999999999,0.14752
2020-08-03,Utilities,0.2980714285714286,0.06254285714285714
2020-08-04,Utilities,0.38010000000000005,0.19855
2020-08-05,Utilities,0.36944000000000005,0.26661999999999997
2020-08-06,Utilities,-0.025675,0.008075
2020-08-07,Utilities,0.067925,-0.029062500000000005
2020-08-10,Utilities,0.0,0.0
2020-08-11,Utilities,0.03713333333333333,-0.0153
2020-08-12,Utilities,0.3568,0.01935
2020-08-13,Utilities,0.030355555555555556,0.0037333333333333333
2020-08-14,Utilities,0.0,0.0
2020-08-17,Utilities,0.6369,0.3839
2020-08-18,Utilities,0.48489999999999994,0.15903333333333333
2020-08-19,Utilities,0.4576,0.009
2020-08-21,Utilities,0.1972,0.010287500000000002
2020-08-24,Utilities,0.2822,0.18776666666666667
2020-08-25,Utilities,0.03977499999999998,-0.06682500000000001
2020-08-26,Utilities,0.1806,0.19440000000000002
2020-08-27,Utilities,0.31684999999999997,0.197125
2020-08-28,Utilities,0.0,0.0097
2020-09-01,Utilities,0.09330833333333333,0.07311666666666665
2020-09-02,Utilities,0.0,0.0194
2020-09-03,Utilities,0.5934666666666667,0.025833333333333333
2020-09-04,Utilities,0.49135,0.1411
2020-09-08,Utilities,0.2023,0.0219
2020-09-09,Utilities,0.08676363636363639,0.046927272727272734
2020-09-10,Utilities,0.743,0.0413
2020-09-11,Utilities,0.0,0.0097
2020-09-14,Utilities,0.0,0.0194
2020-09-15,Utilities,0.18358,0.09244
2020-09-16,Utilities,0.06172857142857142,0.0018285714285714283
2020-09-17,Utilities,0.19074,0.13563999999999998
2020-09-21,Utilities,0.0,0.0
2020-09-22,Utilities,0.5574,0.0077
2020-09-23,Utilities,0.4404,0.0207
2020-09-24,Utilities,0.0,0.009
2020-09-25,Utilities,0.0,-0.0013
2020-09-29,Utilities,0.21941428571428573,0.11972857142857142
2020-09-30,Utilities,0.1366,0.0012499999999999998
2020-10-01,Utilities,0.2972428571428572,0.09074761904761905
2020-10-02,Utilities,0.4404,0.3674
2020-10-05,Utilities,0.5106,0.3242666666666667
2020-10-06,Utilities,0.45352,0.28803999999999996
2020-10-07,Utilities,0.36147999999999997,-0.19922
2020-10-08,Utilities,0.2049,0.012575
2020-10-09,Utilities,0.0,0.15028000000000002
2020-10-12,Utilities,0.2023,0.3378
2020-10-13,Utilities,0.4767,0.3767
2020-10-14,Utilities,-0.022499999999999992,0.0129
2020-10-15,Utilities,0.2732,0.0271
2020-10-16,Utilities,0.5719,0.5768
2020-10-20,Utilities,0.39605,0.09110000000000001
2020-10-21,Utilities,0.0,0.006866666666666667
2020-10-22,Utilities,0.2241375,0.10065
2020-10-23,Utilities,0.12664999999999998,0.1968
2020-10-26,Utilities,0.16333999999999999,0.18938000000000002
2020-10-27,Utilities,0.0643875,-0.028887499999999997
2020-10-28,Utilities,0.08895,-0.15555000000000002
2020-10-29,Utilities,0.0,0.0026
2020-10-30,Utilities,0.12894,0.14024
2020-11-02,Utilities,0.1366,0.01065
2020-11-03,Utilities,0.18903,0.04734999999999999
2020-11-04,Utilities,0.28595,0.3699
2020-11-05,Utilities,0.032042857142857144,-0.07965714285714286
2020-11-06,Utilities,0.30845,0.1934
2020-11-09,Utilities,0.12651428571428572,0.06385714285714286
2020-11-10,Utilities,0.0601,0.0511875
2020-11-11,Utilities,0.2732,0.0077
2020-11-12,Utilities,0.1971333333333333,0.025333333333333333
2020-11-13,Utilities,0.347125,0.085025
2020-11-17,Utilities,-0.0006000000000000033,0.0071
2020-11-19,Utilities,0.24996000000000002,0.05774
2020-11-20,Utilities,-0.06364,-0.06528
2020-11-23,Utilities,0.07955,0.099225
2020-11-24,Utilities,0.301725,0.11765
2020-11-25,Utilities,0.2023,0.0129
2020-11-27,Utilities,0.34785,0.20865
2020-11-30,Utilities,0.5267,0.0155
2020-12-01,Utilities,0.12105714285714285,-0.03372857142857143
2020-12-02,Utilities,0.2732,0.0077
2020-12-03,Utilities,0.34772857142857144,0.06637142857142857
2020-12-07,Utilities,0.22615000000000002,0.147
2020-12-08,Utilities,0.2732,0.0168
2020-12-09,Utilities,0.33873333333333333,0.021933333333333332
2020-12-10,Utilities,0.57375,0.17875
2020-12-11,Utilities,0.18767499999999998,0.011200000000000002
2020-12-14,Utilities,0.14049999999999999,0.19540000000000002
2020-12-15,Utilities,0.19997499999999999,-0.085575
2020-12-17,Utilities,0.0,0.0
2020-12-18,Utilities,0.24698333333333333,0.017633333333333334
2020-12-21,Utilities,0.2732,0.0206
2020-12-22,Utilities,0.2575,0.16366
2020-12-23,Utilities,0.148,0.15965000000000001
2020-12-24,Utilities,0.1366,0.0129
2020-12-29,Utilities,0.501325,0.17347500000000005
2020-12-31,Utilities,0.0,0.0
2021-01-04,Utilities,0.4404,0.0451
2021-01-05,Utilities,0.196125,0.024175
2021-01-06,Utilities,0.21230000000000002,0.1799333333333333
2021-01-08,Utilities,0.05464,0.00698
2021-01-11,Utilities,0.16379999999999997,0.09812857142857144
2021-01-12,Utilities,0.23026666666666665,0.18453333333333333
2021-01-13,Utilities,0.37625,0.256525
2021-01-14,Utilities,0.15194,0.01626
2021-01-15,Utilities,-0.3818,-0.5676
2021-01-19,Utilities,0.4404,0.0207
2021-01-20,Utilities,0.0683,0.019375000000000003
2021-01-21,Utilities,0.06743333333333333,0.014199999999999999
2021-01-22,Utilities,0.0,0.009
2021-01-25,Utilities,0.1661,0.0073
2021-01-26,Utilities,0.24025555555555556,-0.054344444444444445
2021-01-27,Utilities,0.1979375,0.053412499999999995
2021-01-28,Utilities,0.5035000000000001,0.11075
2021-01-29,Utilities,0.18616,0.08420000000000001
2021-02-01,Utilities,0.18926666666666667,0.015066666666666667
2021-02-02,Utilities,0.5081,0.2015
2021-02-03,Utilities,0.2732,0.0168
2021-02-04,Utilities,0.013050000000000006,-0.008533333333333323
2021-02-05,Utilities,0.2809,0.25766666666666665
2021-02-08,Utilities,0.11273333333333334,0.03106666666666667
2021-02-09,Utilities,0.29086666666666666,0.21483333333333332
2021-02-10,Utilities,0.2732,0.0077
2021-02-11,Utilities,0.211575,0.13492500000000002
2021-02-12,Utilities,-0.0161,0.0019166666666666666
2021-02-16,Utilities,0.2436,-0.03591428571428571
2021-02-17,Utilities,0.3491666666666667,0.1776
2021-02-18,Utilities,0.31260000000000004,0.3527
2021-02-19,Utilities,0.1589,0.06043333333333334
2021-02-22,Utilities,0.60075,0.48310000000000003
2021-02-23,Utilities,0.2732,0.023219999999999998
2021-02-24,Utilities,0.21774,0.01394
2021-02-25,Utilities,-0.005699999999999997,-0.036425
2021-02-26,Utilities,0.0,-0.05924
2021-03-01,Utilities,-0.09866666666666667,-0.0951
2021-03-02,Utilities,0.0623,0.11076666666666668
2021-03-03,Utilities,-0.05178333333333331,-0.09323333333333332
2021-03-04,Utilities,0.2023,0.0129
2021-03-05,Utilities,0.5563,0.3027
2021-03-08,Utilities,0.19469999999999998,0.0129
2021-03-09,Utilities,-0.13396666666666665,-0.0013000000000000002
2021-03-10,Utilities,-0.0853,0.0339
2021-03-11,Utilities,0.3919,0.19415000000000002
2021-03-15,Utilities,0.28175,0.18705000000000002
2021-03-16,Utilities,0.25842,0.0629
2021-03-17,Utilities,0.14587999999999998,0.05478000000000001
2021-03-19,Utilities,0.17,0.17450000000000002
2021-03-24,Utilities,0.09106666666666667,0.011633333333333334
2021-03-26,Utilities,0.38139999999999996,0.114425
2021-03-29,Utilities,0.296,0.3049
2021-03-30,Utilities,0.5166,0.20114
2021-03-31,Utilities,0.0,0.0
2021-04-01,Utilities,0.1366,0.0071
2021-04-05,Utilities,0.12688000000000002,0.05289999999999999
2021-04-06,Utilities,0.11033333333333334,0.0116
2021-04-07,Utilities,0.0,0.1714
2021-04-08,Utilities,0.1366,0.36845
2021-04-09,Utilities,0.3996,0.2553666666666667
2021-04-12,Utilities,0.2732,0.0168
2021-04-13,Utilities,0.33926666666666666,0.14843333333333333
2021-04-14,Utilities,0.09106666666666667,0.1345666666666667
2021-04-15,Utilities,0.43667999999999996,0.07506
2021-04-16,Utilities,0.36005,0.03675
2021-04-20,Utilities,0.19965714285714284,0.041914285714285716
2021-04-21,Utilities,0.314,0.022574999999999998
2021-04-22,Utilities,0.3176875,0.1698125
2021-04-23,Utilities,0.16271428571428573,0.1751
2021-04-26,Utilities,0.09106666666666667,0.011166666666666667
2021-04-27,Utilities,0.131,0.20012
2021-04-28,Utilities,0.08185,0.151275
2021-04-29,Utilities,0.1991,0.085625
2021-04-30,Utilities,0.0,0.1806
2021-05-03,Utilities,0.20844000000000001,-0.07169
2021-05-04,Utilities,0.447,0.3343
2021-05-05,Utilities,0.42900000000000005,0.111925
2021-05-06,Utilities,0.14184000000000002,0.01626
2021-05-07,Utilities,0.0,0.0103
2021-05-10,Utilities,0.14229999999999998,0.092725
2021-05-11,Utilities,0.35167000000000004,0.07561
2021-05-13,Utilities,0.23707499999999998,0.01225
2021-05-14,Utilities,0.1909,0.1837
2021-05-17,Utilities,0.5106,0.3027
2021-05-18,Utilities,0.18213333333333334,0.014233333333333334
2021-05-19,Utilities,0.1806,0.18175000000000002
2021-05-20,Utilities,0.6908,-0.0155
2021-05-21,Utilities,0.17895714285714284,0.017528571428571428
2021-05-24,Utilities,0.21230000000000002,0.12573333333333334
2021-05-25,Utilities,0.36866,0.12546000000000002
2021-05-26,Utilities,0.2732,0.0077
2021-05-27,Utilities,0.3715,0.20215000000000002
2021-05-28,Utilities,0.36345,0.2031
2021-06-01,Utilities,0.2732,0.0219
2021-06-02,Utilities,0.233225,0.1267
2021-06-03,Utilities,0.43463333333333337,0.022366666666666663
2021-06-04,Utilities,0.0,0.017320000000000002
2021-06-07,Utilities,0.62465,0.554
2021-06-09,Utilities,0.12498000000000001,-0.05526
2021-06-10,Utilities,0.1366,0.02065
2021-06-11,Utilities,0.0,0.3612
2021-06-14,Utilities,0.0,0.0071
2021-06-15,Utilities,0.20961428571428573,0.11207142857142859
2021-06-16,Utilities,0.6249,0.0181
2021-06-17,Utilities,0.0,0.0194
2021-06-18,Utilities,0.4019,-0.1977
2021-06-21,Utilities,0.0,0.0
2021-06-22,Utilities,0.20327777777777778,0.05481111111111111
2021-06-24,Utilities,-0.06356666666666667,-0.3215666666666666
2021-06-25,Utilities,0.48786666666666667,0.47563333333333335
2021-06-28,Utilities,0.7096,0.3798
2021-06-29,Utilities,0.32947499999999996,0.18875
2021-06-30,Utilities,0.29583333333333334,-0.11913333333333335
2021-07-01,Utilities,0.24695,0.02
2021-07-02,Utilities,0.1366,-0.00065
2021-07-06,Utilities,0.2732,0.0194
2021-07-07,Utilities,0.2952,0.1315
2021-07-08,Utilities,0.296,0.3094
2021-07-09,Utilities,0.6348499999999999,0.4507
2021-07-12,Utilities,0.1366,0.0084
2021-07-13,Utilities,0.09106666666666667,0.06828333333333332
2021-07-14,Utilities,0.10455,-0.05595
2021-07-15,Utilities,0.34,0.3653
2021-07-16,Utilities,-0.3182,-0.3038
2021-07-19,Utilities,0.3256375,0.430775
2021-07-20,Utilities,0.110925,-0.082025
2021-07-21,Utilities,0.1366,0.0084
2021-07-22,Utilities,-0.10606666666666666,-0.11399999999999999
2021-07-23,Utilities,0.16678,0.07496
2021-07-26,Utilities,0.35235000000000005,0.207125
2021-07-27,Utilities,0.3358111111111111,0.32685555555555557
2021-07-28,Utilities,0.0,0.0
2021-07-29,Utilities,0.0,0.0
2021-07-30,Utilities,0.123475,0.09255000000000001
2021-08-02,Utilities,0.0,0.0
2021-08-03,Utilities,-0.10611999999999999,0.008
2021-08-04,Utilities,0.0,0.3612
2021-08-05,Utilities,0.1366,0.1806
2021-08-06,Utilities,0.23031428571428572,0.057442857142857136
2021-08-09,Utilities,0.2217,0.013333333333333334
2021-08-10,Utilities,0.31167500000000004,0.009675
2021-08-11,Utilities,0.2436,0.19046666666666667
2021-08-12,Utilities,0.09106666666666667,0.0155
2021-08-13,Utilities,0.08036666666666667,0.0936
2021-08-16,Utilities,0.319,0.11549999999999998
2021-08-17,Utilities,0.1642375,0.01415
2021-08-18,Utilities,0.296,0.296
2021-08-23,Utilities,0.5144333333333333,0.26356666666666667
2021-08-24,Utilities,-0.027879999999999995,0.008340000000000014
2021-08-25,Utilities,-0.0768,-0.19355714285714284
2021-08-26,Utilities,0.0116,-0.16235
2021-08-30,Utilities,0.0,0.0
2021-08-31,Utilities,0.34306000000000003,0.0814
2021-09-01,Utilities,-0.1366,-0.002599999999999999
2021-09-02,Utilities,0.28834,0.017779999999999997
2021-09-03,Utilities,0.29569999999999996,0.050949999999999995
2021-09-07,Utilities,0.0,0.0077
2021-09-08,Utilities,0.044875,0.1587875
2021-09-09,Utilities,0.0,0.3695
2021-09-13,Utilities,0.28636666666666666,0.14033333333333334
2021-09-14,Utilities,0.185475,0.1139
2021-09-15,Utilities,0.0,0.006466666666666667
2021-09-16,Utilities,0.5488500000000001,0.534875
2021-09-17,Utilities,0.17020000000000002,-0.013700000000000002
2021-09-20,Utilities,-0.3182,-0.0052
2021-09-21,Utilities,0.15086666666666668,0.006433333333333333
2021-09-22,Utilities,0.42405,0.0271
2021-09-23,Utilities,0.5917,0.2046
2021-09-24,Utilities,0.33483333333333337,0.24493333333333334
2021-09-28,Utilities,0.3290636363636364,0.1454
2021-09-29,Utilities,-0.022000000000000006,0.006450000000000001
2021-09-30,Utilities,0.26335,0.1935
2021-10-01,Utilities,-0.0871,0.0642
2021-10-04,Utilities,0.0,0.27
2021-10-05,Utilities,-0.04915,-0.11875
2021-10-06,Utilities,0.0683,0.01515
2021-10-08,Utilities,0.4939,0.009
2021-10-12,Utilities,0.2013111111111111,0.2078888888888889
2021-10-13,Utilities,0.0,-0.009
2021-10-14,Utilities,-0.1909,0.0
2021-10-15,Utilities,-0.042899999999999994,0.14930000000000002
2021-10-18,Utilities,0.2772,0.12846666666666665
2021-10-19,Utilities,0.22633333333333336,0.18930000000000002
2021-10-20,Utilities,0.060200000000000004,0.09065000000000001
2021-10-21,Utilities,0.32670000000000005,0.23197142857142858
2021-10-25,Utilities,0.3538,-0.08405
2021-10-26,Utilities,0.26215,0.19834999999999997
2021-10-27,Utilities,0.1366,0.0161
2021-10-28,Utilities,0.1101,0.022600000000000002
2021-10-29,Utilities,-0.13874999999999998,0.002575
2021-11-01,Utilities,0.2732,0.0168
2021-11-02,Utilities,0.2936,0.0668
2021-11-03,Utilities,0.0,0.009066666666666667
2021-11-04,Utilities,0.02717500000000002,0.07245
2021-11-05,Utilities,0.1341375,0.087675
2021-11-08,Utilities,0.279575,0.192325
2021-11-09,Utilities,0.1366,0.0145
2021-11-10,Utilities,0.014720000000000006,0.0051400000000000005
2021-11-11,Utilities,0.0,0.016333333333333335
2021-11-12,Utilities,-0.00645,0.097975
2021-11-15,Utilities,0.4215,0.3612
2021-11-16,Utilities,0.53445,0.18382500000000002
2021-11-17,Utilities,0.11315,0.1816
2021-11-18,Utilities,0.31845,0.18215
2021-11-19,Utilities,0.09866666666666667,0.0129
2021-11-22,Utilities,0.29295,0.2112
2021-11-23,Utilities,0.22753333333333334,0.14435
2021-11-24,Utilities,0.0,0.0194
2021-11-26,Utilities,0.34,0.09
2021-11-30,Utilities,0.23775000000000002,0.158225
2021-12-01,Utilities,0.292825,0.0103
2021-12-02,Utilities,0.0683,0.001925
2021-12-03,Utilities,0.0,0.0103
2021-12-06,Utilities,0.40693333333333337,0.027133333333333332
2021-12-07,Utilities,0.2612333333333333,0.13616666666666666
2021-12-08,Utilities,0.4058333333333333,-0.0564
2021-12-09,Utilities,-0.2732,-0.3612
2021-12-13,Utilities,0.296,0.3049
2021-12-14,Utilities,0.298075,0.012774999999999998
2021-12-15,Utilities,0.1815,0.1488
2021-12-16,Utilities,0.09106666666666667,0.016366666666666665
2021-12-17,Utilities,0.0,-0.0045
2021-12-20,Utilities,0.0,0.00225
2021-12-21,Utilities,0.35810000000000003,0.11437499999999999
2021-12-22,Utilities,0.5793999999999999,0.31435
2021-12-23,Utilities,0.0,0.009
2021-12-27,Utilities,0.4576,-0.1847
2021-12-28,Utilities,-0.10115,0.0058
2021-12-29,Utilities,-0.01056666666666665,0.07373333333333332
2021-12-30,Utilities,0.25292500000000007,0.20187499999999997
2021-12-31,Utilities,0.4381333333333333,0.34463333333333335
2022-01-03,Utilities,0.18213333333333334,0.0155
2022-01-04,Utilities,0.0359,-0.10724000000000003
2022-01-05,Utilities,0.20779999999999998,0.1793
2022-01-06,Utilities,0.20395000000000002,0.2947
2022-01-07,Utilities,0.296,0.5775
2022-01-10,Utilities,0.14880000000000002,0.20540000000000003
2022-01-11,Utilities,0.42955,0.41527499999999995
2022-01-12,Utilities,0.148,0.26745
2022-01-13,Utilities,0.0,0.0077
2022-01-14,Utilities,0.26015,0.2328
2022-01-18,Utilities,0.1723,0.14304999999999998
2022-01-19,Utilities,0.37714444444444445,0.23756666666666668
2022-01-20,Utilities,0.17635555555555554,0.15775555555555554
2022-01-21,Utilities,0.39976,0.14988
2022-01-24,Utilities,0.2282,0.08126666666666665
2022-01-25,Utilities,0.09638333333333332,0.09744999999999998
2022-01-26,Utilities,0.308225,0.16954375000000002
2022-01-27,Utilities,0.25055,0.0116
2022-01-28,Utilities,0.29924285714285714,0.24998571428571428
2022-01-31,Utilities,0.24961428571428573,0.22141428571428573
2022-02-01,Utilities,0.18472727272727274,0.0677909090909091
2022-02-02,Utilities,0.32861111111111113,0.22995555555555555
2022-02-03,Utilities,0.31808000000000003,0.27118000000000003
2022-02-04,Utilities,0.40635,0.21836666666666668
2022-02-07,Utilities,0.25042,0.24762
2022-02-08,Utilities,0.15132727272727273,0.05945454545454545
2022-02-09,Utilities,0.22322857142857142,0.06134285714285714
2022-02-10,Utilities,0.29525,0.16203333333333333
2022-02-11,Utilities,0.19193846153846156,0.11977692307692307
2022-02-14,Utilities,0.21407777777777776,0.09286666666666667
2022-02-15,Utilities,0.25855,0.06613
2022-02-16,Utilities,0.28121428571428575,0.15805714285714287
2022-02-17,Utilities,0.11963333333333333,-0.021249999999999995
2022-02-18,Utilities,0.1701166666666667,0.03381666666666667
2022-02-22,Utilities,0.015012499999999998,0.0027874999999999983
2022-02-23,Utilities,0.061284210526315795,0.06500526315789473
2022-02-24,Utilities,0.08196,0.05167000000000001
2022-02-25,Utilities,0.081925,0.21105
2022-02-28,Utilities,0.1591,0.1868
2022-03-01,Utilities,0.20735,0.009424999999999996
2022-03-02,Utilities,0.17230000000000004,0.19314285714285714
2022-03-03,Utilities,0.0,0.0
2022-03-04,Utilities,-0.1591,0.1748
2022-03-07,Utilities,0.16237142857142858,0.015471428571428572
2022-03-08,Utilities,0.16501666666666667,0.004716666666666667
2022-03-09,Utilities,-0.021733333333333344,-0.12119999999999999
2022-03-10,Utilities,0.035449999999999995,0.0103
2022-03-11,Utilities,0.050057142857142856,-0.04251428571428571
2022-03-14,Utilities,0.5574,0.3736
2022-03-15,Utilities,0.13168571428571427,0.0166
2022-03-16,Utilities,0.23775000000000002,0.014849999999999999
2022-03-17,Utilities,0.12660000000000002,-0.055600000000000004
2022-03-18,Utilities,0.12264,0.07262
2022-03-21,Utilities,0.4019,0.0245
2022-03-22,Utilities,-0.005733333333333333,0.04624444444444445
2022-03-23,Utilities,0.4955,0.3760333333333333
2022-03-24,Utilities,0.2732,0.0077
2022-03-25,Utilities,0.2732,0.3736
2022-03-28,Utilities,0.06589999999999999,-0.0005499999999999949
2022-03-29,Utilities,0.3411142857142857,0.05924285714285715
2022-03-30,Utilities,0.1459857142857143,0.12252857142857143
2022-03-31,Utilities,0.5105999999999999,0.274125
2022-04-01,Utilities,0.28343333333333337,-0.045533333333333335
2022-04-04,Utilities,0.38966666666666666,0.021533333333333335
2022-04-05,Utilities,0.1858,0.13813333333333333
2022-04-06,Utilities,0.27115,0.1732
2022-04-07,Utilities,0.3688,0.329225
2022-04-08,Utilities,0.0693,0.10386
2022-04-12,Utilities,0.2553,0.20384999999999998
2022-04-13,Utilities,0.284875,0.41775
2022-04-14,Utilities,0.0,0.3612
2022-04-18,Utilities,0.22555,0.28604999999999997
2022-04-19,Utilities,0.21856,0.010680000000000004
2022-04-20,Utilities,0.2612666666666667,0.010333333333333333
2022-04-21,Utilities,0.0129,-0.0116
2022-04-22,Utilities,0.14268333333333336,0.13960555555555554
2022-04-25,Utilities,0.12444615384615385,0.007907692307692308
2022-04-26,Utilities,0.22556923076923077,0.0819076923076923
2022-04-27,Utilities,0.3597,0.224975
2022-04-28,Utilities,0.01908333333333333,0.024616666666666676
2022-04-29,Utilities,0.12779565217391306,0.1984217391304348
2022-05-02,Utilities,0.1975111111111111,0.09975555555555556
2022-05-03,Utilities,0.16951666666666668,0.015349999999999997
2022-05-04,Utilities,0.29235,0.22421000000000002
2022-05-05,Utilities,-0.01180909090909091,0.12289090909090908
2022-05-06,Utilities,0.07526842105263158,0.20980000000000001
2022-05-09,Utilities,0.08225,0.16710000000000003
2022-05-10,Utilities,0.16570833333333332,0.053024999999999996
2022-05-11,Utilities,0.0,0.0
2022-05-12,Utilities,0.10533999999999999,0.0028200000000000005
2022-05-13,Utilities,0.015616666666666676,-0.11849999999999998
2022-05-16,Utilities,0.331775,0.195625
2022-05-17,Utilities,0.2732,0.0077
2022-05-18,Utilities,0.31206,0.08321999999999999
2022-05-19,Utilities,0.0,0.0129
2022-05-20,Utilities,0.3687666666666667,0.20796666666666666
2022-05-23,Utilities,0.07754444444444444,0.012033333333333333
2022-05-24,Utilities,0.1938625,0.0121125
2022-05-25,Utilities,0.33638,0.08462
2022-05-26,Utilities,0.2049,0.01805
2022-05-27,Utilities,0.1585,0.009866666666666668
2022-05-31,Utilities,0.3818,0.3674
2022-06-01,Utilities,0.17717,0.020499999999999997
2022-06-02,Utilities,0.45631666666666665,0.3033
2022-06-03,Utilities,0.47573333333333334,0.32456666666666667
2022-06-06,Utilities,0.18145,0.24125
2022-06-07,Utilities,0.09873333333333334,-0.050033333333333325
2022-06-08,Utilities,0.18816,0.030380000000000008
2022-06-09,Utilities,0.3246666666666667,0.0116
2022-06-10,Utilities,0.12154545454545454,0.06925454545454546
2022-06-13,Utilities,0.2822625,0.054912499999999996
2022-06-14,Utilities,0.08443636363636364,0.03342727272727272
2022-06-15,Utilities,0.21376250000000002,-0.038674999999999994
2022-06-16,Utilities,0.0,-0.092775
2022-06-17,Utilities,0.13712222222222226,0.0927
2022-06-21,Utilities,0.16378333333333334,0.08591666666666666
2022-06-22,Utilities,0.22238571428571433,0.11181428571428569
2022-06-23,Utilities,0.3727272727272727,0.2095454545454545
2022-06-24,Utilities,0.1275,0.07765000000000001
2022-06-27,Utilities,0.1591,0.0103
2022-06-28,Utilities,0.1283888888888889,0.08572222222222223
2022-06-29,Utilities,0.18404285714285715,0.1216
2022-06-30,Utilities,0.17024999999999998,0.1669875
2022-07-01,Utilities,0.14705000000000001,0.11611666666666666
2022-07-05,Utilities,0.06504999999999998,0.392225
2022-07-06,Utilities,0.22490000000000002,0.056842857142857146
2022-07-07,Utilities,0.33365,0.176425
2022-07-08,Utilities,0.496625,0.366725
2022-07-11,Utilities,0.24095714285714287,0.12221428571428572
2022-07-12,Utilities,0.18764285714285717,0.09512857142857144
2022-07-14,Utilities,0.13396666666666665,-0.17726666666666668
2022-07-15,Utilities,0.10898333333333333,0.006933333333333329
2022-07-18,Utilities,0.30657500000000004,0.1204625
2022-07-19,Utilities,0.2301923076923077,0.030092307692307693
2022-07-20,Utilities,0.22581428571428575,-0.046642857142857146
2022-07-21,Utilities,0.06363333333333333,0.12923333333333334
2022-07-22,Utilities,0.11392,-0.0688
2022-07-25,Utilities,0.07646153846153846,0.21839230769230772
2022-07-26,Utilities,0.17838749999999998,0.1287125
2022-07-27,Utilities,0.14708333333333334,0.05655833333333334
2022-07-28,Utilities,0.21280000000000002,0.2372
2022-07-29,Utilities,0.18979444444444443,0.2335555555555556
2022-08-01,Utilities,0.27095833333333336,0.133175
2022-08-02,Utilities,0.153025,0.10143749999999999
2022-08-03,Utilities,0.25100000000000006,0.2763833333333333
2022-08-04,Utilities,0.1110235294117647,0.0950764705882353
2022-08-05,Utilities,0.24173157894736844,0.17434736842105264
2022-08-08,Utilities,0.07748750000000001,0.13166875000000003
2022-08-09,Utilities,0.07132857142857144,0.23495000000000002
2022-08-10,Utilities,0.18697777777777777,0.11535555555555553
2022-08-11,Utilities,0.25355999999999995,0.16785
2022-08-12,Utilities,-0.022160000000000013,0.33752
2022-08-15,Utilities,0.4136,0.0174
2022-08-16,Utilities,0.2962714285714286,0.05811428571428571
2022-08-17,Utilities,0.14771818181818183,0.1987909090909091
2022-08-18,Utilities,0.3844,0.33313333333333334
2022-08-19,Utilities,0.32965,0.16453333333333334
2022-08-22,Utilities,0.11893333333333334,0.021500000000000002
2022-08-23,Utilities,0.3471166666666667,0.25123333333333336
2022-08-24,Utilities,0.10194,-0.11061999999999998
2022-08-25,Utilities,0.3718333333333333,0.14323333333333332
2022-08-26,Utilities,0.22806666666666667,-0.04658333333333333
2022-08-29,Utilities,0.18213333333333334,0.012066666666666668
2022-08-30,Utilities,0.31562,0.08058000000000001
2022-08-31,Utilities,0.1728,0.16028571428571428
2022-09-01,Utilities,0.22481999999999996,0.08094
2022-09-02,Utilities,0.071525,0.005325
2022-09-06,Utilities,0.13702,-0.06966
2022-09-07,Utilities,0.22434285714285712,0.013257142857142856
2022-09-08,Utilities,0.23902222222222225,0.05696666666666667
2022-09-09,Utilities,0.20046666666666668,0.09196666666666667
2022-09-12,Utilities,0.1857625,0.0594875
2022-09-13,Utilities,0.2437909090909091,0.1007909090909091
2022-09-14,Utilities,0.0086,0.018066666666666665
2022-09-15,Utilities,0.38250000000000006,0.027275000000000008
2022-09-16,Utilities,0.31579999999999997,-0.07040714285714286
2022-09-19,Utilities,0.3237375,0.3235625
2022-09-20,Utilities,0.1881375,0.0307125
2022-09-21,Utilities,0.11346666666666666,0.1288
2022-09-22,Utilities,0.3902,0.35214999999999996
2022-09-23,Utilities,0.09448571428571428,0.05377857142857142
2022-09-26,Utilities,0.23782,0.014960000000000001
2022-09-27,Utilities,0.5173181818181818,0.28533636363636367
2022-09-28,Utilities,0.07925,0.07516666666666667
2022-09-29,Utilities,-0.08403999999999999,-0.11934
2022-09-30,Utilities,0.3818,0.3674
2022-10-03,Utilities,0.0593,-0.04666666666666666
2022-10-04,Utilities,0.1231,0.006442857142857142
2022-10-05,Utilities,0.13498,-0.026380000000000004
2022-10-06,Utilities,0.27740000000000004,0.17880000000000001
2022-10-07,Utilities,0.14232857142857144,0.031228571428571432
2022-10-10,Utilities,0.24523749999999997,0.188275
2022-10-11,Utilities,0.4289666666666667,0.23299999999999998
2022-10-12,Utilities,0.2722333333333333,0.12306666666666666
2022-10-13,Utilities,0.045533333333333335,0.012066666666666668
2022-10-14,Utilities,0.1366,0.00385
2022-10-17,Utilities,0.19233333333333333,0.06838333333333334
2022-10-18,Utilities,-0.047466666666666664,-0.07663333333333333
2022-10-19,Utilities,0.4255,0.18390000000000004
2022-10-20,Utilities,0.05734999999999999,-0.03071666666666667
2022-10-21,Utilities,0.1305875,0.0985375
2022-10-24,Utilities,0.1183,0.00774166666666667
2022-10-25,Utilities,0.20763749999999997,0.0705375
2022-10-26,Utilities,0.12496,0.005960000000000004
2022-10-27,Utilities,0.1781,0.11208571428571427
2022-10-28,Utilities,0.12206,0.16357333333333332
2022-10-31,Utilities,0.28465,0.14560833333333334
2022-11-01,Utilities,0.3438375,0.286575
2022-11-02,Utilities,0.4153,0.5868
2022-11-03,Utilities,0.1859333333333333,0.16673333333333332
2022-11-04,Utilities,0.14792727272727274,0.16477272727272727
2022-11-07,Utilities,0.1800625,0.20752500000000002
2022-11-08,Utilities,-0.008766666666666667,0.00612500000000001
2022-11-09,Utilities,0.1897333333333333,0.10466666666666664
2022-11-10,Utilities,0.030880000000000008,0.11141999999999999
2022-11-11,Utilities,0.395275,0.188225
2022-11-14,Utilities,0.1956,0.07181666666666667
2022-11-15,Utilities,0.06256666666666667,0.006500000000000003
2022-11-16,Utilities,0.2755,0.0212
2022-11-17,Utilities,0.18735,0.07353333333333333
2022-11-21,Utilities,0.18,0.12901428571428572
2022-11-22,Utilities,0.12264444444444446,0.05324444444444444
2022-11-23,Utilities,0.0,0.010339999999999998
2022-11-25,Utilities,0.28426,0.15106
2022-11-28,Utilities,0.23899999999999996,0.08149999999999999
2022-11-29,Utilities,0.2553,0.1565
2022-11-30,Utilities,0.17174,0.0005199999999999982
2022-12-01,Utilities,0.203875,0.1815
2022-12-02,Utilities,0.22686,0.24078
2022-12-05,Utilities,0.42545,0.19849999999999998
2022-12-06,Utilities,0.20745000000000002,0.102025
2022-12-07,Utilities,-0.05103333333333334,-0.04253333333333333
2022-12-08,Utilities,0.3615333333333333,0.23416666666666666
2022-12-09,Utilities,-0.11315,-0.1078
2022-12-12,Utilities,0.16501428571428572,0.004042857142857143
2022-12-13,Utilities,0.2597833333333333,-0.03931666666666667
2022-12-14,Utilities,0.1459857142857143,0.1729285714285714
2022-12-15,Utilities,0.0,0.3612
2022-12-16,Utilities,0.43746,0.16304000000000002
2022-12-19,Utilities,0.3042166666666667,0.12633333333333333
2022-12-20,Utilities,0.2607,0.06653333333333333
2022-12-21,Utilities,0.3709375,0.36110000000000003
2022-12-22,Utilities,0.45505,0.4078
2022-12-23,Utilities,0.0,0.0
2022-12-27,Utilities,0.4082666666666667,0.24726666666666666
2022-12-28,Utilities,0.1262,0.05224444444444445
2022-12-29,Utilities,0.1366,0.0116
2022-12-30,Utilities,0.015149999999999997,0.018600000000000005
2023-01-03,Utilities,0.07731999999999999,0.12625999999999998
2023-01-04,Utilities,0.135575,0.0866
2023-01-05,Utilities,0.2923875,0.07214999999999999
2023-01-06,Utilities,0.27897500000000003,0.2472875
2023-01-09,Utilities,0.04500000000000001,-0.1681
2023-01-10,Utilities,0.12151250000000001,0.10577499999999998
2023-01-11,Utilities,-0.125,-0.18425
2023-01-12,Utilities,0.15500000000000003,-0.0297
2023-01-13,Utilities,0.2593714285714286,0.12088571428571428
2023-01-17,Utilities,0.288875,0.188525
2023-01-18,Utilities,0.2841125,0.20751250000000002
2023-01-19,Utilities,0.2732,0.013300000000000001
2023-01-20,Utilities,0.16392,0.0098
2023-01-23,Utilities,0.15494285714285713,0.15175714285714287
2023-01-24,Utilities,0.18675,0.07852500000000001
2023-01-25,Utilities,0.23069166666666666,0.04179166666666667
2023-01-26,Utilities,0.28548571428571423,0.16987142857142853
2023-01-27,Utilities,0.2653357142857143,0.12267857142857143
2023-01-30,Utilities,0.19483333333333333,0.06815
2023-01-31,Utilities,0.12533333333333335,0.08835
2023-02-01,Utilities,0.2288875,-0.07175
2023-02-02,Utilities,0.0593,-0.02134285714285714
2023-02-03,Utilities,0.310825,0.2670625
2023-02-06,Utilities,0.3453333333333333,0.2614444444444445
2023-02-07,Utilities,0.11909333333333333,0.1236
2023-02-08,Utilities,0.29295,0.08432999999999999
2023-02-09,Utilities,0.22492222222222225,0.08072222222222222
2023-02-10,Utilities,0.25842,0.11004666666666665
2023-02-13,Utilities,0.0683,0.09969999999999998
2023-02-14,Utilities,0.23784444444444444,0.05103333333333334
2023-02-15,Utilities,0.10548181818181818,0.1741818181818182
2023-02-16,Utilities,0.23655999999999996,0.11802000000000001
2023-02-17,Utilities,0.18653125,0.15733125
2023-02-21,Utilities,0.04903999999999999,0.19277000000000002
2023-02-22,Utilities,0.17235,0.12657222222222222
2023-02-23,Utilities,0.15464285714285714,-0.017414285714285712
2023-02-24,Utilities,0.10008333333333334,0.20363333333333333
2023-02-27,Utilities,0.10715000000000001,0.23831000000000002
2023-02-28,Utilities,0.25129166666666664,0.16499166666666668
2023-03-01,Utilities,0.23666,0.1263
2023-03-02,Utilities,0.26525,0.17477499999999999
2023-03-03,Utilities,0.09106666666666667,0.010333333333333333
2023-03-06,Utilities,0.03463333333333334,-0.11213333333333332
2023-03-07,Utilities,0.11736666666666667,0.0925
2023-03-08,Utilities,0.1092846153846154,0.1294076923076923
2023-03-09,Utilities,0.09197999999999998,0.007040000000000002
2023-03-10,Utilities,0.10606666666666666,0.1047
2023-03-13,Utilities,0.2787857142857143,-0.01765714285714287
2023-03-14,Utilities,0.31918,0.0858
2023-03-15,Utilities,0.09272,-0.015359999999999995
2023-03-16,Utilities,0.3182666666666667,0.08756666666666667
2023-03-17,Utilities,0.16211111111111112,0.03823333333333333
2023-03-20,Utilities,0.2356909090909091,0.015963636363636364
2023-03-21,Utilities,0.2023,0.16243999999999997
2023-03-22,Utilities,0.27694,-0.054840000000000014
2023-03-23,Utilities,0.0683,0.0088375
2023-03-24,Utilities,0.09714285714285716,0.05891428571428571
2023-03-27,Utilities,0.35015,0.0309
2023-03-28,Utilities,0.09992857142857144,0.0634
2023-03-29,Utilities,0.44395714285714283,0.19584285714285715
2023-03-30,Utilities,0.14345000000000002,0.0943875
2023-03-31,Utilities,0.29098,0.27656000000000003
2023-04-03,Utilities,0.19115,0.0216125
2023-04-04,Utilities,0.33555,0.1734375
2023-04-05,Utilities,0.17461428571428575,0.20320000000000002
2023-04-06,Utilities,0.10846,0.06928
2023-04-10,Utilities,0.32421666666666665,0.16238333333333332
2023-04-11,Utilities,0.3399571428571428,0.17849999999999996
2023-04-12,Utilities,0.11708571428571428,0.06222857142857143
2023-04-13,Utilities,0.32032000000000005,0.14888
2023-04-14,Utilities,0.1963111111111111,0.051866666666666665
2023-04-17,Utilities,0.1612875,0.0125875
2023-04-18,Utilities,0.14051,0.12013
2023-04-19,Utilities,0.13932857142857144,0.09676428571428572
2023-04-20,Utilities,0.2483625,0.1823125
2023-04-21,Utilities,0.13573333333333334,0.03425000000000001
2023-04-24,Utilities,0.0,0.09412000000000001
2023-04-25,Utilities,0.06405,0.007694444444444445
2023-04-26,Utilities,0.24985384615384615,0.07843846153846155
2023-04-27,Utilities,0.18199999999999997,0.13785384615384616
2023-04-28,Utilities,0.1448846153846154,0.053953846153846165
2023-05-01,Utilities,0.12127857142857143,0.0799142857142857
2023-05-02,Utilities,0.09603846153846153,0.04779230769230769
2023-05-03,Utilities,0.2241111111111111,0.09476666666666667
2023-05-04,Utilities,0.11539999999999999,0.2628
2023-05-05,Utilities,0.05954615384615384,0.050600000000000006
2023-05-08,Utilities,0.2198909090909091,0.1306
2023-05-09,Utilities,0.2104285714285714,0.11191428571428572
2023-05-10,Utilities,0.20977692307692308,0.028046153846153846
2023-05-11,Utilities,0.1680666666666667,0.07075555555555556
2023-05-12,Utilities,0.2411,0.10783333333333334
2023-05-15,Utilities,0.1781,0.0662
2023-05-16,Utilities,0.26043333333333335,0.08593333333333332
2023-05-17,Utilities,0.29232,0.12835999999999997
2023-05-18,Utilities,0.19958,0.09603999999999999
2023-05-19,Utilities,0.17556666666666665,0.0146
2023-05-22,Utilities,0.2436,0.005566666666666667
2023-05-23,Utilities,0.22383636363636364,0.11538181818181817
2023-05-24,Utilities,-0.3612,-0.3464
2023-05-25,Utilities,0.17436000000000001,0.13186
2023-05-26,Utilities,0.059199999999999996,0.20884
2023-05-30,Utilities,0.168775,0.00935
2023-05-31,Utilities,0.13851666666666665,0.060708333333333336
2023-06-01,Utilities,0.3891,0.13683333333333333
2023-06-02,Utilities,0.17882727272727272,0.04620909090909091
2023-06-05,Utilities,0.2436,0.005566666666666667
2023-06-06,Utilities,0.07450909090909091,0.04908181818181818
2023-06-08,Utilities,0.38075000000000003,0.20037500000000003
2023-06-09,Utilities,0.15244545454545455,0.04555454545454545
2023-06-12,Utilities,0.12635000000000002,0.011879999999999998
2023-06-13,Utilities,0.1525,0.05914285714285714
2023-06-14,Utilities,0.036320000000000005,0.0021299999999999986
2023-06-15,Utilities,0.3882857142857143,0.2547285714285714
2023-06-16,Utilities,-0.0625,-0.087625
2023-06-20,Utilities,0.296425,0.113075
2023-06-21,Utilities,-0.019319999999999997,0.07108
2023-06-22,Utilities,0.1693375,0.055075
2023-06-23,Utilities,0.340325,0.060250000000000005
2023-06-26,Utilities,0.19373999999999997,0.037259999999999995
2023-06-27,Utilities,0.3035555555555555,0.10445555555555557
2023-06-28,Utilities,0.1628666666666667,0.07565833333333333
2023-06-29,Utilities,0.09106666666666667,0.030100000000000002
2023-06-30,Utilities,0.16144285714285717,0.11577142857142857
2023-07-03,Utilities,0.2339222222222222,0.06905555555555556
2023-07-05,Utilities,0.0947,-0.012333333333333333
2023-07-06,Utilities,0.26932500000000004,0.23977500000000002
2023-07-07,Utilities,0.2732769230769231,0.22773846153846153
2023-07-10,Utilities,0.22766666666666668,0.010950000000000001
2023-07-11,Utilities,0.2569857142857143,0.06795714285714285
2023-07-12,Utilities,0.1934090909090909,0.012836363636363639
2023-07-13,Utilities,0.10928,0.00566
2023-07-14,Utilities,0.0843,0.10073750000000001
2023-07-17,Utilities,0.175025,-0.07090000000000002
2023-07-18,Utilities,0.14998,0.10646000000000003
2023-07-19,Utilities,0.2063142857142857,0.11702857142857141
2023-07-20,Utilities,0.03874,-0.06931999999999999
2023-07-21,Utilities,0.36142,0.22367999999999996
2023-07-24,Utilities,0.1255,0.0177375
2023-07-25,Utilities,0.07550909090909091,0.1356909090909091
2023-07-26,Utilities,0.2615954545454545,0.12824545454545452
2023-07-27,Utilities,0.351075,0.27635
2023-07-28,Utilities,0.06201500000000001,0.0027400000000000033
2023-07-31,Utilities,0.0578,-0.04567142857142858
2023-08-01,Utilities,0.3329,0.14195714285714287
2023-08-02,Utilities,0.16043333333333334,0.08073333333333334
2023-08-03,Utilities,0.017157142857142853,0.0012428571428571408
2023-08-04,Utilities,0.09506315789473685,0.0767157894736842
2023-08-07,Utilities,0.1381409090909091,-0.05705909090909091
2023-08-08,Utilities,0.1268875,0.143575
2023-08-09,Utilities,0.04387272727272727,-0.03723636363636363
2023-08-10,Utilities,0.21833333333333335,0.0185
2023-08-11,Utilities,0.18652000000000002,0.07920999999999999
2023-08-14,Utilities,0.237075,0.013524999999999999
2023-08-15,Utilities,0.25405,0.1664
2023-08-16,Utilities,0.03415,0.07388750000000001
2023-08-17,Utilities,0.12726666666666667,0.1393
2023-08-18,Utilities,0.34972857142857144,0.16754285714285716
2023-08-21,Utilities,0.1316166666666667,0.009683333333333334
2023-08-22,Utilities,-0.04048,-0.030170000000000002
2023-08-23,Utilities,0.0,0.00515
2023-08-24,Utilities,0.055792857142857144,0.011435714285714287
2023-08-25,Utilities,0.13323636363636363,0.007845454545454546
2023-08-28,Utilities,0.22148571428571429,0.016028571428571427
2023-08-29,Utilities,0.09457272727272727,0.01363636363636364
2023-08-30,Utilities,0.2339142857142857,0.008657142857142858
2023-08-31,Utilities,0.1930333333333333,0.10391666666666667
2023-09-01,Utilities,0.16788888888888887,0.014633333333333335
2023-09-05,Utilities,0.28574,0.07472000000000001
2023-09-06,Utilities,0.2193,0.117175
2023-09-07,Utilities,0.11144666666666667,-0.08206
2023-09-08,Utilities,0.2636,0.06609999999999999
2023-09-11,Utilities,0.20261818181818184,0.1018090909090909
2023-09-12,Utilities,-0.01843076923076923,-0.08067692307692308
2023-09-13,Utilities,-0.06185,-0.08587499999999999
2023-09-14,Utilities,0.15385555555555555,0.11447777777777778
2023-09-15,Utilities,0.19284285714285712,0.011399999999999995
2023-09-18,Utilities,0.32542,0.07832000000000001
2023-09-19,Utilities,0.1276,0.02078
2023-09-20,Utilities,0.361775,0.014525
2023-09-21,Utilities,0.15372,0.07704
2023-09-22,Utilities,0.08943333333333332,0.06805
2023-09-25,Utilities,-0.03423333333333333,0.0025666666666666667
2023-09-26,Utilities,0.2601125,0.0169375
2023-09-27,Utilities,0.24425000000000002,0.0648125
2023-09-28,Utilities,0.16936666666666667,0.09975555555555556
2023-09-29,Utilities,0.16273076923076923,0.09825384615384615
2023-10-02,Utilities,0.43152999999999997,0.07036
2023-10-03,Utilities,0.263268,0.006796000000000002
2023-10-04,Utilities,0.21695000000000003,-0.21250999999999998
2023-10-05,Utilities,0.1251375,0.053512500000000005
2023-10-06,Utilities,0.14854,-0.015186666666666666
2023-10-09,Utilities,0.15494615384615384,0.0920923076923077
2023-10-10,Utilities,0.013700000000000004,0.0770125
2023-10-11,Utilities,0.11264285714285714,-0.046842857142857144
2023-10-12,Utilities,0.12972,0.08896
2023-10-13,Utilities,0.20694285714285712,0.05582857142857143
2023-10-16,Utilities,0.458575,0.011049999999999994
2023-10-17,Utilities,0.1269,0.0043333333333333375
2023-10-18,Utilities,0.2529222222222222,0.05893333333333333
2023-10-19,Utilities,0.12765,0.009683333333333334
2023-10-20,Utilities,0.1417,0.12876666666666667
2023-10-23,Utilities,0.24996666666666667,-0.02963333333333333
2023-10-24,Utilities,-0.046224999999999995,0.0641125
2023-10-25,Utilities,0.059523076923076915,0.08936923076923077
2023-10-26,Utilities,0.18892727272727272,0.07181818181818184
2023-10-27,Utilities,0.15887222222222222,0.09292222222222223
2023-10-30,Utilities,0.2575090909090909,0.07695454545454544
2023-10-31,Utilities,0.168775,0.01065
2023-11-01,Utilities,0.14645555555555556,0.1472666666666667
2023-11-02,Utilities,0.033433333333333336,0.033475
2023-11-03,Utilities,0.16944482758620688,0.08195172413793103
2023-11-06,Utilities,0.17863125000000002,0.061943750000000006
2023-11-07,Utilities,0.23880714285714286,0.07547142857142856
2023-11-08,Utilities,0.22798,0.0765
2023-11-09,Utilities,0.15975714285714288,0.07305714285714285
2023-11-10,Utilities,0.35129999999999995,0.09943333333333333
2023-11-13,Utilities,0.19163999999999998,-0.04446000000000001
2023-11-14,Utilities,0.1415375,0.0737375
2023-11-15,Utilities,0.33054,0.15553999999999998
2023-11-16,Utilities,0.0,0.0129
2023-11-17,Utilities,0.20554545454545456,0.15504545454545454
2023-11-20,Utilities,0.12967142857142858,0.18922857142857144
2023-11-21,Utilities,0.1366,0.01035
2023-11-22,Utilities,0.022160000000000003,0.08626
2023-11-24,Utilities,0.14435714285714285,0.10242857142857142
2023-11-27,Utilities,0.09964999999999999,0.1078
2023-11-28,Utilities,0.23673333333333332,0.17691666666666664
2023-11-29,Utilities,0.05464,0.0051400000000000005
2023-11-30,Utilities,0.21298571428571428,0.06705714285714286
2023-12-01,Utilities,0.26604285714285714,0.12172857142857142
2023-12-04,Utilities,0.23182,-0.062119999999999995
2023-12-05,Utilities,0.3016666666666667,0.13055
2023-12-06,Utilities,0.12248,0.07958
2023-12-07,Utilities,0.20724,0.14948
2023-12-08,Utilities,0.1617714285714286,0.11032142857142857
2023-12-11,Utilities,0.05464,0.15224
2023-12-12,Utilities,0.1472785714285714,0.07768571428571427
2023-12-13,Utilities,0.07491249999999999,0.0831625
2023-12-14,Utilities,0.2214875,0.11185
2023-12-15,Utilities,0.2262777777777778,0.0376888888888889
2023-12-18,Utilities,0.15152000000000002,0.1137
2023-12-19,Utilities,0.10928,0.08127999999999999
