fund,date,gross_return,net_return
Equity Equal Weight,2023-01-03,0.0022509057491670536,0.002250905749167087
Equity Equal Weight,2023-01-04,0.018428178719494943,0.01842817871949487
Equity Equal Weight,2023-01-05,-0.00679763801193668,-0.006797638011936669
Equity Equal Weight,2023-01-06,0.023249459158050576,0.023249459158050545
Equity Equal Weight,2023-01-09,0.00017208903132034817,0.00017208903132037712
Equity Equal Weight,2023-01-10,0.007616604974202161,0.007616604974202135
Equity Equal Weight,2023-01-11,0.00985384963869968,0.00985384963869973
Equity Equal Weight,2023-01-12,0.007037757028810942,0.0070377570288109315
Equity Equal Weight,2023-01-13,0.003431146425461702,0.0034311464254617174
Equity Equal Weight,2023-01-17,-0.004052224805721268,-0.004052224805721316
Equity Equal Weight,2023-01-18,-0.015965505018307232,-0.01596550501830718
Equity Equal Weight,2023-01-19,-0.007476202030265404,-0.007476202030265444
Equity Equal Weight,2023-01-20,0.01531290783669132,0.01531290783669137
Equity Equal Weight,2023-01-23,0.011435710954858267,0.01143571095485818
Equity Equal Weight,2023-01-24,-0.0028834216294746054,-0.002883421629474636
Equity Equal Weight,2023-01-25,0.0018486905394841722,0.0018486905394841102
Equity Equal Weight,2023-01-26,0.008422064284225662,0.00842206428422565
Equity Equal Weight,2023-01-27,-0.0012064818542402754,-0.0012064818542403266
Equity Equal Weight,2023-01-30,-0.01014423915496513,-0.010144239154965096
Equity Equal Weight,2023-01-31,0.011922802217140906,0.011922802217140926
Equity Equal Weight,2023-02-01,0.006518284067217187,0.006518284067217106
Equity Equal Weight,2023-02-02,0.00015704536703527584,0.00015704536703520233
Equity Equal Weight,2023-02-03,-0.012768350780830776,-0.012768350780830828
Equity Equal Weight,2023-02-06,-0.004594982931553284,-0.004594982931553249
Equity Equal Weight,2023-02-07,0.010953461048114671,0.010953461048114566
Equity Equal Weight,2023-02-08,-0.009564990182089908,-0.009564990182089894
Equity Equal Weight,2023-02-09,-0.00969477310696571,-0.00969477310696576
Equity Equal Weight,2023-02-10,0.00760192629547806,0.0076019262954780675
Equity Equal Weight,2023-02-13,0.00875099441629904,0.008750994416299118
Equity Equal Weight,2023-02-14,-0.000643929332159083,-0.0006439293321590656
Equity Equal Weight,2023-02-15,0.0002892134172157811,0.00028921341721588334
Equity Equal Weight,2023-02-16,-0.01393944574150931,-0.013939445741509293
Equity Equal Weight,2023-02-17,-0.0027721399648127053,-0.0027721399648127365
Equity Equal Weight,2023-02-21,-0.017502776074307804,-0.017502776074307835
Equity Equal Weight,2023-02-22,-0.005551258644505817,-0.005551258644505785
Equity Equal Weight,2023-02-23,0.0054789650955139645,0.005478965095514043
Equity Equal Weight,2023-02-24,-0.00947722361510689,-0.009477223615106944
Equity Equal Weight,2023-02-27,0.0017761100564900143,0.0017761100564899213
Equity Equal Weight,2023-02-28,-0.004292925502667183,-0.004292925502667133
Equity Equal Weight,2023-03-01,-0.0010580319937396523,-0.001058031993739661
Equity Equal Weight,2023-03-02,0.01196363459680069,0.01196363459680061
Equity Equal Weight,2023-03-03,0.013041698662887865,0.013041698662887846
Equity Equal Weight,2023-03-06,-0.001808663736776781,-0.0018086637367767944
Equity Equal Weight,2023-03-07,-0.01716608729068231,-0.017166087290682364
Equity Equal Weight,2023-03-08,0.0031917270516937163,0.0031917270516936824
Equity Equal Weight,2023-03-09,-0.01731871782501915,-0.017318717825019148
Equity Equal Weight,2023-03-10,-0.013042274760361034,-0.013042274760361017
Equity Equal Weight,2023-03-13,-0.0035160180638044687,-0.003516018063804416
Equity Equal Weight,2023-03-14,0.014545495217757273,0.014545495217757276
Equity Equal Weight,2023-03-15,-0.00968814247115212,-0.009688142471152128
Equity Equal Weight,2023-03-16,0.01420064899894593,0.014200648998945908
Equity Equal Weight,2023-03-17,-0.012241012240181462,-0.012241012240181481
Equity Equal Weight,2023-03-20,0.011381656021337803,0.011381656021337783
Equity Equal Weight,2023-03-21,0.008352348230895297,0.008352348230895368
Equity Equal Weight,2023-03-22,-0.01994875486296806,-0.0199487548629681
Equity Equal Weight,2023-03-23,0.0017877909140547074,0.0017877909140546766
Equity Equal Weight,2023-03-24,0.007631212702629167,0.007631212702629231
Equity Equal Weight,2023-03-27,0.004297343942389522,0.004297343942389453
Equity Equal Weight,2023-03-28,0.0015994860897350029,0.001599486089735036
Equity Equal Weight,2023-03-29,0.01557046620206545,0.01557046620206548
Equity Equal Weight,2023-03-30,0.004909293457587829,0.004909293457587838
Equity Equal Weight,2023-03-31,0.01245554165487161,0.012455541654871505
Equity Equal Weight,2023-04-03,0.006940014431519134,0.006940014431519037
Equity Equal Weight,2023-04-04,-0.005064090563162217,-0.00506409056316226
Equity Equal Weight,2023-04-05,0.0037000673038339793,0.003700067303833876
Equity Equal Weight,2023-04-06,-0.00016101982917674727,-0.00016101982917671176
Equity Equal Weight,2023-04-10,0.003514247817485643,0.0035142478174856606
Equity Equal Weight,2023-04-11,0.002569206481788522,0.0025692064817885996
Equity Equal Weight,2023-04-12,-0.002221933994919998,-0.002221933994919989
Equity Equal Weight,2023-04-13,0.006972895720065671,0.006972895720065653
Equity Equal Weight,2023-04-14,-0.005796901834398556,-0.005796901834398516
Equity Equal Weight,2023-04-17,0.00501314190495388,0.005013141904953944
Equity Equal Weight,2023-04-18,0.00031857017390728875,0.00031857017390723996
Equity Equal Weight,2023-04-19,0.00215018613987956,0.0021501861398796063
Equity Equal Weight,2023-04-20,-0.006963271769652834,-0.0069632717696528346
Equity Equal Weight,2023-04-21,-0.0010172047667623982,-0.0010172047667623696
Equity Equal Weight,2023-04-24,0.001757089349559311,0.0017570893495593154
Equity Equal Weight,2023-04-25,-0.014954209205319131,-0.014954209205319091
Equity Equal Weight,2023-04-26,-0.012476823412631973,-0.01247682341263201
Equity Equal Weight,2023-04-27,0.01466191302179606,0.01466191302179598
Equity Equal Weight,2023-04-28,0.009482238561268223,0.009482238561268286
Equity Equal Weight,2023-05-01,-0.0034225665792960943,-0.0034225665792960713
Equity Equal Weight,2023-05-02,-0.01668205447422317,-0.016682054474223218
Equity Equal Weight,2023-05-03,-0.01221749617771301,-0.01221749617771306
Equity Equal Weight,2023-05-04,-0.005351289952589209,-0.0053512899525891555
Equity Equal Weight,2023-05-05,0.017515249613176284,0.017515249613176298
Equity Equal Weight,2023-05-08,-0.0006943661313251728,-0.0006943661313251193
Equity Equal Weight,2023-05-09,-0.004258718762879401,-0.004258718762879421
Equity Equal Weight,2023-05-10,-0.0017783329876314969,-0.0017783329876315257
Equity Equal Weight,2023-05-11,-0.008972948417903201,-0.008972948417903193
Equity Equal Weight,2023-05-12,-0.0008388740546909412,-0.0008388740546909634
Equity Equal Weight,2023-05-15,0.004566875681341904,0.004566875681341953
Equity Equal Weight,2023-05-16,-0.01596931677803586,-0.015969316778035814
Equity Equal Weight,2023-05-17,0.012319075380388223,0.012319075380388123
Equity Equal Weight,2023-05-18,0.0058853739811349,0.005885373981134867
Equity Equal Weight,2023-05-19,-0.0024750102388178584,-0.0024750102388179096
Equity Equal Weight,2023-05-22,0.0006733174629292172,0.0006733174629292016
Equity Equal Weight,2023-05-23,-0.007158860298573353,-0.007158860298573377
Equity Equal Weight,2023-05-24,-0.0092430297574062,-0.009243029757406207
Equity Equal Weight,2023-05-25,9.278741905413855e-05,9.278741905416332e-05
Equity Equal Weight,2023-05-26,0.008663674683658413,0.008663674683658362
Equity Equal Weight,2023-05-30,-0.0018190711166541518,-0.0018190711166541362
Equity Equal Weight,2023-05-31,-0.004663092855496197,-0.004663092855496154
Equity Equal Weight,2023-06-01,0.005148317863618266,0.005148317863618246
Equity Equal Weight,2023-06-02,0.0195001976644241,0.019500197664424013
Equity Equal Weight,2023-06-05,-0.005896949385171216,-0.005896949385171268
Equity Equal Weight,2023-06-06,0.004403184679716094,0.004403184679716121
Equity Equal Weight,2023-06-07,0.008253330916676531,0.008253330916676571
Equity Equal Weight,2023-06-08,0.004105881849056212,0.004105881849056248
Equity Equal Weight,2023-06-09,-0.002802731516898365,-0.00280273151689836
Equity Equal Weight,2023-06-12,0.0052286646422442075,0.005228664642244141
Equity Equal Weight,2023-06-13,0.007318719029048488,0.007318719029048459
Equity Equal Weight,2023-06-14,0.00012724349296770352,0.00012724349296777682
Equity Equal Weight,2023-06-15,0.010003512200136698,0.010003512200136733
Equity Equal Weight,2023-06-16,0.0005502064556709698,0.000550206455671054
Equity Equal Weight,2023-06-20,-0.012622406708579165,-0.01262240670857917
Equity Equal Weight,2023-06-21,-0.0031648906733249046,-0.003164890673324927
Equity Equal Weight,2023-06-22,-0.005592422870120342,-0.005592422870120295
Equity Equal Weight,2023-06-23,-0.007259581439822718,-0.007259581439822749
Equity Equal Weight,2023-06-26,0.006682503230795585,0.006682503230795556
Equity Equal Weight,2023-06-27,0.007222896182025428,0.007222896182025318
Equity Equal Weight,2023-06-28,-0.0017040372863230946,-0.001704037286323068
Equity Equal Weight,2023-06-29,0.006333876012833468,0.006333876012833528
Equity Equal Weight,2023-06-30,0.008314033679412115,0.00831403367941208
Equity Equal Weight,2023-07-03,0.005677130992006776,0.005677130992006729
Equity Equal Weight,2023-07-05,-0.004240653464778885,-0.004240653464778865
Equity Equal Weight,2023-07-06,-0.012084138933912192,-0.012084138933912136
Equity Equal Weight,2023-07-07,0.0006819149565187499,0.0006819149565187033
Equity Equal Weight,2023-07-10,0.004779669698334353,0.004779669698334432
Equity Equal Weight,2023-07-11,0.014211688018259465,0.01421168801825945
Equity Equal Weight,2023-07-12,0.00823735096035434,0.008237350960354384
Equity Equal Weight,2023-07-13,0.005613289998631371,0.005613289998631421
Equity Equal Weight,2023-07-14,-0.006609687433745771,-0.006609687433745792
Equity Equal Weight,2023-07-17,-0.0035596088175880555,-0.0035596088175881
Equity Equal Weight,2023-07-18,0.005936202752823029,0.005936202752823139
Equity Equal Weight,2023-07-19,0.006037952272526241,0.006037952272526237
Equity Equal Weight,2023-07-20,0.0017480758015509055,0.0017480758015508968
Equity Equal Weight,2023-07-21,0.004489892359851595,0.004489892359851533
Equity Equal Weight,2023-07-24,0.005464941830862187,0.005464941830862102
Equity Equal Weight,2023-07-25,0.0034160131953540483,0.0034160131953540063
Equity Equal Weight,2023-07-26,0.0021904630775948686,0.002190463077594851
Equity Equal Weight,2023-07-27,-0.004634011643839128,-0.004634011643839142
Equity Equal Weight,2023-07-28,0.004241321399844555,0.0042413213998444554
Equity Equal Weight,2023-07-31,0.004314741590100032,0.004314741590099924
Equity Equal Weight,2023-08-01,-0.0036317010240047836,-0.0036317010240047853
Equity Equal Weight,2023-08-02,-0.013699281238668084,-0.013699281238668037
Equity Equal Weight,2023-08-03,-0.004931584621457254,-0.004931584621457263
Equity Equal Weight,2023-08-04,-0.002197023217300111,-0.002197023217300087
Equity Equal Weight,2023-08-07,0.00802041392341124,0.00802041392341124
Equity Equal Weight,2023-08-08,-0.003440940743932581,-0.00344094074393253
Equity Equal Weight,2023-08-09,-0.0019255958226743846,-0.0019255958226743752
Equity Equal Weight,2023-08-10,0.0009644399956669524,0.0009644399956669769
Equity Equal Weight,2023-08-11,0.001675815022885709,0.0016758150228857183
Equity Equal Weight,2023-08-14,0.0017062775996715216,0.0017062775996714574
Equity Equal Weight,2023-08-15,-0.013225456282507148,-0.013225456282507153
Equity Equal Weight,2023-08-16,-0.008186117279367163,-0.008186117279367133
Equity Equal Weight,2023-08-17,-0.004655788275770239,-0.0046557882757702895
Equity Equal Weight,2023-08-18,0.0017330293707238818,0.0017330293707238376
Equity Equal Weight,2023-08-21,-0.0005131283529655393,-0.000513128352965575
Equity Equal Weight,2023-08-22,-0.0049044034665741655,-0.00490440346657417
Equity Equal Weight,2023-08-23,0.007321780440630265,0.0073217804406302545
Equity Equal Weight,2023-08-24,-0.012228581664713429,-0.012228581664713412
Equity Equal Weight,2023-08-25,0.004912513294952161,0.0049125132949521255
Equity Equal Weight,2023-08-28,0.008364884527056863,0.00836488452705697
Equity Equal Weight,2023-08-29,0.011982477817999241,0.011982477817999326
Equity Equal Weight,2023-08-30,0.0015849659208836808,0.0015849659208837519
Equity Equal Weight,2023-08-31,-0.0030555686910886835,-0.0030555686910886948
Equity Equal Weight,2023-09-01,0.004049068438607958,0.004049068438607861
Equity Equal Weight,2023-09-05,-0.008724813019335222,-0.008724813019335254
Equity Equal Weight,2023-09-06,-0.00417614715166231,-0.004176147151662257
Equity Equal Weight,2023-09-07,-0.00017340816510796176,-0.00017340816510791335
Equity Equal Weight,2023-09-08,0.002637923536046847,0.002637923536046749
Equity Equal Weight,2023-09-11,0.002865687446399157,0.0028656874463992565
Equity Equal Weight,2023-09-12,0.00230824385120429,0.002308243851204317
Equity Equal Weight,2023-09-13,-0.0009672270966173916,-0.0009672270966173402
Equity Equal Weight,2023-09-14,0.012360870706178877,0.012360870706178861
Equity Equal Weight,2023-09-15,-0.010489077213557506,-0.010489077213557518
Equity Equal Weight,2023-09-18,-0.00024995003851792564,-0.00024995003851790987
Equity Equal Weight,2023-09-19,-0.0042135020148569065,-0.004213502014856929
Equity Equal Weight,2023-09-20,-0.005264643861468341,-0.005264643861468299
Equity Equal Weight,2023-09-21,-0.018588068789013295,-0.018588068789013312
Equity Equal Weight,2023-09-22,-0.0033341264056424035,-0.003334126405642457
Equity Equal Weight,2023-09-25,0.002086940375641444,0.0020869403756413885
Equity Equal Weight,2023-09-26,-0.012038678588931193,-0.012038678588931151
Equity Equal Weight,2023-09-27,-0.0014106684457594154,-0.0014106684457594332
Equity Equal Weight,2023-09-28,0.004051206390830819,0.004051206390830897
Equity Equal Weight,2023-09-29,-0.001064597661618716,-0.0010645976616187047
Equity Equal Weight,2023-10-02,-0.014277794548844161,-0.014277794548844147
Equity Equal Weight,2023-10-03,-0.008623840049693498,-0.00862384004969352
Equity Equal Weight,2023-10-04,0.0014587619619191331,0.001458761961919075
Equity Equal Weight,2023-10-05,-0.0018481504494788205,-0.0018481504494788359
Equity Equal Weight,2023-10-06,0.010572819190709796,0.010572819190709737
Equity Equal Weight,2023-10-09,0.00876392630362377,0.00876392630362366
Equity Equal Weight,2023-10-10,0.008282561086268073,0.008282561086268014
Equity Equal Weight,2023-10-11,0.003365157629009226,0.003365157629009241
Equity Equal Weight,2023-10-12,-0.008311144835865696,-0.008311144835865703
Equity Equal Weight,2023-10-13,0.0011147766253742544,0.001114776625374292
Equity Equal Weight,2023-10-16,0.01005749232970492,0.010057492329704987
Equity Equal Weight,2023-10-17,0.002793269700487219,0.002793269700487322
Equity Equal Weight,2023-10-18,-0.014298523672335571,-0.014298523672335528
Equity Equal Weight,2023-10-19,-0.009313396223776079,-0.009313396223776027
Equity Equal Weight,2023-10-20,-0.008972743882415861,-0.008972743882415868
Equity Equal Weight,2023-10-23,-0.00659698441956091,-0.006596984419560914
Equity Equal Weight,2023-10-24,0.010865236461424664,0.010865236461424566
Equity Equal Weight,2023-10-25,-0.012071946699170874,-0.012071946699170888
Equity Equal Weight,2023-10-26,-0.0020912306436232254,-0.0020912306436232653
Equity Equal Weight,2023-10-27,-0.010091752733279386,-0.010091752733279336
Equity Equal Weight,2023-10-30,0.010000411649502996,0.010000411649502938
Equity Equal Weight,2023-10-31,0.005876567388702727,0.00587656738870268
Equity Equal Weight,2023-11-01,0.004883111660390648,0.004883111660390682
Equity Equal Weight,2023-11-02,0.025794960167503007,0.025794960167502934
Equity Equal Weight,2023-11-03,0.012794021607402126,0.012794021607402062
Equity Equal Weight,2023-11-06,-0.004456576056500964,-0.0044565760565009604
Equity Equal Weight,2023-11-07,-0.0037390629774691317,-0.0037390629774691764
Equity Equal Weight,2023-11-08,-0.0011798844009914004,-0.0011798844009913712
Equity Equal Weight,2023-11-09,-0.008903880726641446,-0.0089038807266415
Equity Equal Weight,2023-11-10,0.010646732594233557,0.010646732594233654
Equity Equal Weight,2023-11-13,-0.0011335907036108964,-0.001133590703610854
Equity Equal Weight,2023-11-14,0.02459404341561296,0.024594043415612887
Equity Equal Weight,2023-11-15,0.005349194798091736,0.005349194798091705
Equity Equal Weight,2023-11-16,0.000763167978912289,0.0007631679789121826
Equity Equal Weight,2023-11-17,0.0031683198127045098,0.003168319812704601
Equity Equal Weight,2023-11-20,0.004432305553655234,0.004432305553655258
Equity Equal Weight,2023-11-21,-0.0023448833096139056,-0.00234488330961391
Equity Equal Weight,2023-11-22,0.0017220553186484743,0.001722055318648552
Equity Equal Weight,2023-11-24,0.002442867504645432,0.0024428675046455073
Equity Equal Weight,2023-11-27,0.0005314905739881359,0.0005314905739881581
Equity Equal Weight,2023-11-28,0.002042655700020208,0.0020426557000201573
Equity Equal Weight,2023-11-29,0.004678034968830294,0.004678034968830236
Equity Equal Weight,2023-11-30,0.006384512229031318,0.006384512229031358
Equity Equal Weight,2023-12-01,0.009225927380084266,0.00922592738008432
Equity Equal Weight,2023-12-04,-0.0018134092183667125,-0.0018134092183667017
Equity Equal Weight,2023-12-05,-0.005261485729965479,-0.005261485729965432
Equity Equal Weight,2023-12-06,-0.0007160063436409096,-0.0007160063436408848
Equity Equal Weight,2023-12-07,0.004900293951280299,0.004900293951280332
Equity Equal Weight,2023-12-08,0.00322869369613636,0.00322869369613632
Equity Equal Weight,2023-12-11,0.006783475745804727,0.0067834757458047346
Equity Equal Weight,2023-12-12,0.0007978025859253553,0.0007978025859254334
Equity Equal Weight,2023-12-13,0.020902411458579087,0.020902411458579184
Equity Equal Weight,2023-12-14,0.01449340725484245,0.014493407254842383
Equity Equal Weight,2023-12-15,-0.003011783157942525,-0.0030117831579424825
Equity Equal Weight,2023-12-18,-0.0013770380177555875,-0.0013770380177555719
Equity Equal Weight,2023-12-19,0.008156436334441006,0.008156436334441075
Equity Equal Weight,2023-12-20,-0.01475297813585756,-0.01475297813585752
Equity Equal Weight,2023-12-21,0.008160532810200164,0.008160532810200127
Equity Equal Weight,2023-12-22,0.0019599641329174915,0.0019599641329175466
Equity Equal Weight,2023-12-26,0.006506457589898613,0.00650645758989854
Equity Equal Weight,2023-12-27,0.0014553578874705298,0.001455357887470532
Equity Equal Weight,2023-12-28,0.0012242203691481567,0.0012242203691481546
Equity Equal Weight,2023-12-29,-0.0030351187391592354,-0.0030351187391591816
Equity Minimum Variance,2023-01-03,0.007393204058181082,0.007393204058181002
Equity Minimum Variance,2023-01-04,0.011597526196355876,0.0115975261963559
Equity Minimum Variance,2023-01-05,-0.0029813442410400546,-0.002981344241040018
Equity Minimum Variance,2023-01-06,0.017920571543850208,0.017920571543850183
Equity Minimum Variance,2023-01-09,-0.015451752392100244,-0.015451752392100282
Equity Minimum Variance,2023-01-10,0.0036281841776337627,0.0036281841776337753
Equity Minimum Variance,2023-01-11,0.0031967165037988386,0.0031967165037989353
Equity Minimum Variance,2023-01-12,-0.004604478529295838,-0.004604478529295797
Equity Minimum Variance,2023-01-13,0.003711106182802115,0.0037111061828021263
Equity Minimum Variance,2023-01-17,-0.011060060721779237,-0.01106006072177923
Equity Minimum Variance,2023-01-18,-0.019647231906274466,-0.019647231906274487
Equity Minimum Variance,2023-01-19,-0.003276798024602972,-0.0032767980246030115
Equity Minimum Variance,2023-01-20,0.009587503813966884,0.00958750381396678
Equity Minimum Variance,2023-01-23,0.006912915640314312,0.0069129156403142655
Equity Minimum Variance,2023-01-24,-0.004376011283611752,-0.004376011283611758
Equity Minimum Variance,2023-01-25,0.0019140651336242171,0.0019140651336242431
Equity Minimum Variance,2023-01-26,-0.002180475702609019,-0.0021804757026090416
Equity Minimum Variance,2023-01-27,-0.0007547677683322524,-0.0007547677683322762
Equity Minimum Variance,2023-01-30,-0.004687793669788437,-0.004687793669788443
Equity Minimum Variance,2023-01-31,0.010484192702250447,0.010484192702250539
Equity Minimum Variance,2023-02-01,-0.007989664617547701,-0.007998767546963048
Equity Minimum Variance,2023-02-02,-0.010939639076205493,-0.010939639076205543
Equity Minimum Variance,2023-02-03,-0.009249984566919549,-0.0092499845669195
Equity Minimum Variance,2023-02-06,-0.004872135253442101,-0.0048721352534421
Equity Minimum Variance,2023-02-07,0.007511956265948685,0.007511956265948694
Equity Minimum Variance,2023-02-08,-0.005454403397440494,-0.0054544033974405215
Equity Minimum Variance,2023-02-09,0.0008444988932149426,0.0008444988932150288
Equity Minimum Variance,2023-02-10,0.01119706131430788,0.011197061314307977
Equity Minimum Variance,2023-02-13,0.011230787717910347,0.011230787717910307
Equity Minimum Variance,2023-02-14,-0.00999523600991733,-0.009995236009917363
Equity Minimum Variance,2023-02-15,-0.00045997181567874557,-0.0004599718156786947
Equity Minimum Variance,2023-02-16,-0.012724409366250675,-0.012724409366250633
Equity Minimum Variance,2023-02-17,0.011058703620937442,0.011058703620937527
Equity Minimum Variance,2023-02-21,-0.0024208278329156305,-0.0024208278329156396
Equity Minimum Variance,2023-02-22,-0.009854759162415332,-0.009854759162415294
Equity Minimum Variance,2023-02-23,-0.002075484135149579,-0.0020754841351495745
Equity Minimum Variance,2023-02-24,-0.00625061777897632,-0.006250617778976286
Equity Minimum Variance,2023-02-27,0.0012068127999228183,0.0012068127999227407
Equity Minimum Variance,2023-02-28,-0.003199368039525042,-0.00319936803952503
Equity Minimum Variance,2023-03-01,-0.002548819170849519,-0.002555165636264567
Equity Minimum Variance,2023-03-02,0.005869515270845439,0.005869515270845449
Equity Minimum Variance,2023-03-03,0.007483347340951223,0.007483347340951241
Equity Minimum Variance,2023-03-06,0.003663046179191894,0.0036630461791919977
Equity Minimum Variance,2023-03-07,-0.011549767841808476,-0.0115497678418085
Equity Minimum Variance,2023-03-08,-0.00783053110294222,-0.007830531102942184
Equity Minimum Variance,2023-03-09,-0.012284310924307214,-0.012284310924307262
Equity Minimum Variance,2023-03-10,-0.0024249784843305374,-0.002424978484330542
Equity Minimum Variance,2023-03-13,0.009117631984094703,0.009117631984094654
Equity Minimum Variance,2023-03-14,0.008283218014121194,0.00828321801412124
Equity Minimum Variance,2023-03-15,0.005466824403090695,0.005466824403090653
Equity Minimum Variance,2023-03-16,0.004773724994048746,0.004773724994048711
Equity Minimum Variance,2023-03-17,-0.0034659470124727013,-0.0034659470124727143
Equity Minimum Variance,2023-03-20,0.010691689494710816,0.010691689494710888
Equity Minimum Variance,2023-03-21,-0.002325083922546356,-0.002325083922546378
Equity Minimum Variance,2023-03-22,-0.013695969057779249,-0.013695969057779256
Equity Minimum Variance,2023-03-23,0.008951498809367164,0.008951498809367076
Equity Minimum Variance,2023-03-24,0.012837297699276225,0.012837297699276329
Equity Minimum Variance,2023-03-27,0.004541501259777767,0.004541501259777814
Equity Minimum Variance,2023-03-28,-0.0007587427260016206,-0.0007587427260016266
Equity Minimum Variance,2023-03-29,0.004829290987963161,0.004829290987963253
Equity Minimum Variance,2023-03-30,0.004684989817046396,0.004684989817046459
Equity Minimum Variance,2023-03-31,0.011877943371268844,0.011877943371268795
Equity Minimum Variance,2023-04-03,0.008337023584741948,0.008329193322315076
Equity Minimum Variance,2023-04-04,0.0019247063507779323,0.001924706350777905
Equity Minimum Variance,2023-04-05,0.012187485393196806,0.012187485393196695
Equity Minimum Variance,2023-04-06,0.0009520321251922132,0.000952032125192126
Equity Minimum Variance,2023-04-10,-0.001242948752784938,-0.001242948752784967
Equity Minimum Variance,2023-04-11,-0.0010990526419418813,-0.0010990526419418778
Equity Minimum Variance,2023-04-12,0.0003152476911960138,0.00031524769119606333
Equity Minimum Variance,2023-04-13,0.010183472677398327,0.010183472677398386
Equity Minimum Variance,2023-04-14,-0.007948534407456208,-0.007948534407456243
Equity Minimum Variance,2023-04-17,0.0020612404183928588,0.00206124041839284
Equity Minimum Variance,2023-04-18,-7.477093635412701e-05,-7.477093635410714e-05
Equity Minimum Variance,2023-04-19,-0.001087308500854667,-0.0010873085008547
Equity Minimum Variance,2023-04-20,-0.0002483906132234233,-0.00024839061322345923
Equity Minimum Variance,2023-04-21,0.0058618861904548335,0.0058618861904549124
Equity Minimum Variance,2023-04-24,0.004409853084464182,0.004409853084464288
Equity Minimum Variance,2023-04-25,-0.002957393174909651,-0.002957393174909617
Equity Minimum Variance,2023-04-26,-0.0176566712314184,-0.017656671231418453
Equity Minimum Variance,2023-04-27,-0.0004137789232461304,-0.000413778923246122
Equity Minimum Variance,2023-04-28,0.0008144471671848847,0.0008144471671849285
Equity Minimum Variance,2023-05-01,0.0015048352786475375,0.0015005506913021716
Equity Minimum Variance,2023-05-02,-0.005523434500362644,-0.005523434500362634
Equity Minimum Variance,2023-05-03,-0.006885297439873359,-0.006885297439873317
Equity Minimum Variance,2023-05-04,-0.0005786882247768417,-0.0005786882247768022
Equity Minimum Variance,2023-05-05,0.00823923222838795,0.00823923222838796
Equity Minimum Variance,2023-05-08,-0.0008816772702327296,-0.0008816772702326947
Equity Minimum Variance,2023-05-09,-0.0031745673502920806,-0.00317456735029209
Equity Minimum Variance,2023-05-10,-0.002205611888145888,-0.002205611888145942
Equity Minimum Variance,2023-05-11,-0.0019239991645271493,-0.0019239991645271237
Equity Minimum Variance,2023-05-12,-0.00034293182305190635,-0.0003429318230518952
Equity Minimum Variance,2023-05-15,-0.0015127331081792672,-0.0015127331081792317
Equity Minimum Variance,2023-05-16,-0.013396500682931991,-0.013396500682931967
Equity Minimum Variance,2023-05-17,-8.698550500288731e-05,-8.698550500285673e-05
Equity Minimum Variance,2023-05-18,0.002597608516551509,0.0025976085165515528
Equity Minimum Variance,2023-05-19,0.001015781405684925,0.0010157814056850345
Equity Minimum Variance,2023-05-22,-0.004419241592327302,-0.0044192415923273165
Equity Minimum Variance,2023-05-23,-0.006172000480940333,-0.006172000480940354
Equity Minimum Variance,2023-05-24,-0.006406747786286003,-0.006406747786286027
Equity Minimum Variance,2023-05-25,-0.011029119296471188,-0.011029119296471213
Equity Minimum Variance,2023-05-26,-4.671182537208912e-05,-4.671182537208107e-05
Equity Minimum Variance,2023-05-30,-0.006231750668742052,-0.006231750668742042
Equity Minimum Variance,2023-05-31,0.003856651372894537,0.003856651372894593
Equity Minimum Variance,2023-06-01,0.0013158038637802452,0.0013102685392127889
Equity Minimum Variance,2023-06-02,0.01607940014967693,0.016079400149676903
Equity Minimum Variance,2023-06-05,-0.0037033477641992287,-0.0037033477641992274
Equity Minimum Variance,2023-06-06,-0.007549785000706177,-0.007549785000706133
Equity Minimum Variance,2023-06-07,0.002393632473549047,0.0023936324735489567
Equity Minimum Variance,2023-06-08,0.01009911416795916,0.010099114167959167
Equity Minimum Variance,2023-06-09,-0.0014214119649994532,-0.0014214119649994528
Equity Minimum Variance,2023-06-12,0.0017089154630974682,0.0017089154630973713
Equity Minimum Variance,2023-06-13,0.006534252360405514,0.006534252360405501
Equity Minimum Variance,2023-06-14,-0.00010369651469013488,-0.00010369651469011032
Equity Minimum Variance,2023-06-15,0.008842362125394763,0.008842362125394798
Equity Minimum Variance,2023-06-16,0.002493586291549109,0.0024935862915491658
Equity Minimum Variance,2023-06-20,-0.008865354321956448,-0.008865354321956453
Equity Minimum Variance,2023-06-21,-0.0019275427686410737,-0.001927542768641044
Equity Minimum Variance,2023-06-22,0.004702373440353616,0.004702373440353513
Equity Minimum Variance,2023-06-23,-0.0036878435777340074,-0.0036878435777339957
Equity Minimum Variance,2023-06-26,0.000807434823397013,0.0008074348233970685
Equity Minimum Variance,2023-06-27,-0.0003292227861985629,-0.0003292227861985131
Equity Minimum Variance,2023-06-28,-0.003512654097862633,-0.003512654097862611
Equity Minimum Variance,2023-06-29,0.0013365329646263498,0.0013365329646264357
Equity Minimum Variance,2023-06-30,0.011310942448140444,0.011310942448140349
Equity Minimum Variance,2023-07-03,0.0035993190231804434,0.0035926097171963267
Equity Minimum Variance,2023-07-05,-0.002060415139554964,-0.0020604151395550163
Equity Minimum Variance,2023-07-06,-0.008557765468583667,-0.008557765468583667
Equity Minimum Variance,2023-07-07,-0.012734042127655472,-0.012734042127655498
Equity Minimum Variance,2023-07-10,0.005367564509772807,0.005367564509772826
Equity Minimum Variance,2023-07-11,0.011887899922741491,0.011887899922741418
Equity Minimum Variance,2023-07-12,0.001525518014682755,0.001525518014682703
Equity Minimum Variance,2023-07-13,0.001208681774518456,0.0012086817745184941
Equity Minimum Variance,2023-07-14,0.004359041015760774,0.0043590410157607895
Equity Minimum Variance,2023-07-17,-0.00433001081289535,-0.004330010812895302
Equity Minimum Variance,2023-07-18,0.003131296978078241,0.003131296978078346
Equity Minimum Variance,2023-07-19,0.004401859319876622,0.004401859319876689
Equity Minimum Variance,2023-07-20,0.00797170457443994,0.007971704574439853
Equity Minimum Variance,2023-07-21,0.007368685555948747,0.0073686855559487174
Equity Minimum Variance,2023-07-24,-0.0033108852540661635,-0.003310885254066198
Equity Minimum Variance,2023-07-25,0.0005361627597447113,0.0005361627597446628
Equity Minimum Variance,2023-07-26,0.0024069613204823776,0.002406961320482459
Equity Minimum Variance,2023-07-27,-0.005117763021506272,-0.005117763021506239
Equity Minimum Variance,2023-07-28,0.004564397911659526,0.0045643979116596345
Equity Minimum Variance,2023-07-31,-0.0024773657639637647,-0.0024773657639637348
Equity Minimum Variance,2023-08-01,-0.008334988221089846,-0.008339096241142818
Equity Minimum Variance,2023-08-02,-0.009969636408329206,-0.009969636408329152
Equity Minimum Variance,2023-08-03,-0.0034716767313802245,-0.0034716767313802688
Equity Minimum Variance,2023-08-04,-0.004080311360430222,-0.004080311360430189
Equity Minimum Variance,2023-08-07,0.011137334334160648,0.011137334334160753
Equity Minimum Variance,2023-08-08,-0.004493039392541145,-0.004493039392541198
Equity Minimum Variance,2023-08-09,0.001360885183632479,0.001360885183632421
Equity Minimum Variance,2023-08-10,-0.0010034822779964006,-0.0010034822779964037
Equity Minimum Variance,2023-08-11,0.006281136195824195,0.006281136195824155
Equity Minimum Variance,2023-08-14,-0.0023918568867562443,-0.0023918568867562495
Equity Minimum Variance,2023-08-15,-0.008417970270958983,-0.00841797027095903
Equity Minimum Variance,2023-08-16,-0.003936058193891729,-0.003936058193891756
Equity Minimum Variance,2023-08-17,-0.009601193989080298,-0.009601193989080326
Equity Minimum Variance,2023-08-18,0.0015991265205685798,0.0015991265205685945
Equity Minimum Variance,2023-08-21,-0.0004735872164076517,-0.0004735872164076671
Equity Minimum Variance,2023-08-22,-0.003062360600250725,-0.0030623606002507797
Equity Minimum Variance,2023-08-23,0.010950093792350426,0.010950093792350346
Equity Minimum Variance,2023-08-24,-0.0087524000689281,-0.008752400068928079
Equity Minimum Variance,2023-08-25,0.0026808046404843524,0.002680804640484258
Equity Minimum Variance,2023-08-28,0.006039041522421436,0.006039041522421407
Equity Minimum Variance,2023-08-29,0.00851842675362824,0.008518426753628239
Equity Minimum Variance,2023-08-30,0.0015081666264522735,0.0015081666264522564
Equity Minimum Variance,2023-08-31,-0.004313648827156949,-0.004313648827156902
Equity Minimum Variance,2023-09-01,-8.82582854157724e-05,-9.368610068760663e-05
Equity Minimum Variance,2023-09-05,-0.010620885584966488,-0.010620885584966544
Equity Minimum Variance,2023-09-06,-0.002424074596941427,-0.0024240745969413835
Equity Minimum Variance,2023-09-07,0.006348109918095475,0.006348109918095535
Equity Minimum Variance,2023-09-08,0.005992584960632132,0.005992584960632152
Equity Minimum Variance,2023-09-11,0.0057632263949689636,0.005763226394968957
Equity Minimum Variance,2023-09-12,-0.0030249861441830196,-0.003024986144183006
Equity Minimum Variance,2023-09-13,0.0001594715933375077,0.00015947159333751237
Equity Minimum Variance,2023-09-14,0.010189361163637656,0.010189361163637667
Equity Minimum Variance,2023-09-15,-0.007381250096638681,-0.007381250096638703
Equity Minimum Variance,2023-09-18,-0.00038375543973999496,-0.0003837554397400078
Equity Minimum Variance,2023-09-19,-0.00043227427114369654,-0.00043227427114367334
Equity Minimum Variance,2023-09-20,0.0014100699853159095,0.0014100699853158982
Equity Minimum Variance,2023-09-21,-0.011654410002211086,-0.011654410002211124
Equity Minimum Variance,2023-09-22,-9.342285825611857e-05,-9.342285825608698e-05
Equity Minimum Variance,2023-09-25,-0.000464876511711729,-0.000464876511711676
Equity Minimum Variance,2023-09-26,-0.005920998303681948,-0.005920998303681979
Equity Minimum Variance,2023-09-27,-0.009038576311918444,-0.0090385763119184
Equity Minimum Variance,2023-09-28,0.0016455632317948882,0.0016455632317948776
Equity Minimum Variance,2023-09-29,-0.006661343819873523,-0.006661343819873489
Equity Minimum Variance,2023-10-02,-0.00966021173565023,-0.009662832802544541
Equity Minimum Variance,2023-10-03,-0.008344943847704766,-0.008344943847704789
Equity Minimum Variance,2023-10-04,0.0074913921162006805,0.007491392116200757
Equity Minimum Variance,2023-10-05,-0.0032129032719794763,-0.003212903271979428
Equity Minimum Variance,2023-10-06,0.005545664024022726,0.0055456640240227895
Equity Minimum Variance,2023-10-09,0.004345181525028406,0.004345181525028385
Equity Minimum Variance,2023-10-10,0.011217043477433849,0.011217043477433908
Equity Minimum Variance,2023-10-11,0.004712929296357048,0.004712929296357027
Equity Minimum Variance,2023-10-12,-0.0022620766063775133,-0.002262076606377561
Equity Minimum Variance,2023-10-13,0.003561470243530143,0.0035614702435300405
Equity Minimum Variance,2023-10-16,0.007347153423989947,0.007347153423989949
Equity Minimum Variance,2023-10-17,0.0060315626466738706,0.006031562646673816
Equity Minimum Variance,2023-10-18,-0.008726648598347223,-0.008726648598347264
Equity Minimum Variance,2023-10-19,-0.010561462185579072,-0.010561462185579074
Equity Minimum Variance,2023-10-20,-0.0032096614010663606,-0.003209661401066377
Equity Minimum Variance,2023-10-23,-0.002425930321068579,-0.0024259303210685257
Equity Minimum Variance,2023-10-24,0.011263871234086236,0.011263871234086231
Equity Minimum Variance,2023-10-25,-0.0082211821891125,-0.008221182189112497
Equity Minimum Variance,2023-10-26,-0.00168129345307274,-0.0016812934530727741
Equity Minimum Variance,2023-10-27,-0.011294910190812517,-0.011294910190812524
Equity Minimum Variance,2023-10-30,0.008365226353548593,0.008365226353548527
Equity Minimum Variance,2023-10-31,0.0024044477127108115,0.0024044477127107555
Equity Minimum Variance,2023-11-01,0.0056369581927932285,0.005630789613591203
Equity Minimum Variance,2023-11-02,0.01256626129831883,0.012566261298318837
Equity Minimum Variance,2023-11-03,0.003693023075533124,0.0036930230755332083
Equity Minimum Variance,2023-11-06,-0.004121151751574641,-0.004121151751574681
Equity Minimum Variance,2023-11-07,-0.0007946772159395139,-0.0007946772159395099
Equity Minimum Variance,2023-11-08,-0.00682107350805887,-0.006821073508058828
Equity Minimum Variance,2023-11-09,-0.013001184864008712,-0.013001184864008697
Equity Minimum Variance,2023-11-10,0.005760028556099488,0.005760028556099472
Equity Minimum Variance,2023-11-13,0.002741341851952468,0.0027413418519524058
Equity Minimum Variance,2023-11-14,0.010097214376958848,0.010097214376958874
Equity Minimum Variance,2023-11-15,0.004133005763634175,0.004133005763634179
Equity Minimum Variance,2023-11-16,-0.015930863351149908,-0.015930863351149904
Equity Minimum Variance,2023-11-17,-0.00042239159118384985,-0.00042239159118384606
Equity Minimum Variance,2023-11-20,0.004606112686196704,0.004606112686196706
Equity Minimum Variance,2023-11-21,0.001701332418981349,0.001701332418981405
Equity Minimum Variance,2023-11-22,0.0004940462428540838,0.0004940462428539849
Equity Minimum Variance,2023-11-24,0.0027854343482502644,0.002785434348250293
Equity Minimum Variance,2023-11-27,0.0022344379638431925,0.002234437963843261
Equity Minimum Variance,2023-11-28,0.005125815542870749,0.005125815542870837
Equity Minimum Variance,2023-11-29,0.00043312711903349937,0.0004331271190334274
Equity Minimum Variance,2023-11-30,0.00876905131348076,0.008769051313480825
Equity Minimum Variance,2023-12-01,0.006133824383912407,0.006126587446597442
Equity Minimum Variance,2023-12-04,0.004080632915749424,0.004080632915749449
Equity Minimum Variance,2023-12-05,0.0030572401997835128,0.003057240199783484
Equity Minimum Variance,2023-12-06,-0.0013611654048502437,-0.0013611654048502064
Equity Minimum Variance,2023-12-07,-0.004158158746969426,-0.004158158746969454
Equity Minimum Variance,2023-12-08,-0.0001783697688326224,-0.00017836976883267575
Equity Minimum Variance,2023-12-11,0.004794185190606865,0.0047941851906068145
Equity Minimum Variance,2023-12-12,0.0025852428817927397,0.0025852428817927375
Equity Minimum Variance,2023-12-13,0.021478849379468548,0.021478849379468645
Equity Minimum Variance,2023-12-14,3.871546451411634e-05,3.871546451406083e-05
Equity Minimum Variance,2023-12-15,-0.006575188042092797,-0.006575188042092783
Equity Minimum Variance,2023-12-18,0.001929153573939258,0.0019291535739391907
Equity Minimum Variance,2023-12-19,0.004316196312045535,0.004316196312045495
Equity Minimum Variance,2023-12-20,-0.013510772207466286,-0.013510772207466326
Equity Minimum Variance,2023-12-21,0.008230858519293682,0.008230858519293616
Equity Minimum Variance,2023-12-22,0.009326399612402803,0.009326399612402891
Equity Minimum Variance,2023-12-26,0.0009118509782754832,0.000911850978275508
Equity Minimum Variance,2023-12-27,0.004324610394890981,0.004324610394891071
Equity Minimum Variance,2023-12-28,0.0014908595903793222,0.001490859590379312
Equity Minimum Variance,2023-12-29,-0.0004595494047919506,-0.00045954940479198125
Equity Maximum Sharpe,2023-01-03,-0.0018144028884403195,-0.0018144028884403696
Equity Maximum Sharpe,2023-01-04,0.017702564991282935,0.017702564991282976
Equity Maximum Sharpe,2023-01-05,-0.0023128790782532055,-0.0023128790782531716
Equity Maximum Sharpe,2023-01-06,0.028756256800673594,0.02875625680067362
Equity Maximum Sharpe,2023-01-09,-0.015646598971570613,-0.015646598971570613
Equity Maximum Sharpe,2023-01-10,0.012594138158936598,0.012594138158936508
Equity Maximum Sharpe,2023-01-11,-0.00289917113128432,-0.0028991711312843504
Equity Maximum Sharpe,2023-01-12,-0.0060716643666291256,-0.006071664366629093
Equity Maximum Sharpe,2023-01-13,0.010331433223101295,0.01033143322310126
Equity Maximum Sharpe,2023-01-17,-0.0023874260018350805,-0.002387426001835058
Equity Maximum Sharpe,2023-01-18,-0.020454996230243896,-0.020454996230243938
Equity Maximum Sharpe,2023-01-19,-0.007418967238626953,-0.007418967238627006
Equity Maximum Sharpe,2023-01-20,0.0141825458861374,0.014182545886137321
Equity Maximum Sharpe,2023-01-23,0.006052996262625264,0.006052996262625232
Equity Maximum Sharpe,2023-01-24,-0.0011484340863543877,-0.001148434086354344
Equity Maximum Sharpe,2023-01-25,0.005340452739300118,0.005340452739300172
Equity Maximum Sharpe,2023-01-26,0.018125582765105237,0.01812558276510523
Equity Maximum Sharpe,2023-01-27,-0.004872332932882032,-0.004872332932882029
Equity Maximum Sharpe,2023-01-30,-0.011009561883027416,-0.011009561883027374
Equity Maximum Sharpe,2023-01-31,0.014569693783469551,0.014569693783469617
Equity Maximum Sharpe,2023-02-01,0.021526214459833957,0.02142004141542686
Equity Maximum Sharpe,2023-02-02,0.0009372648846608828,0.0009372648846608378
Equity Maximum Sharpe,2023-02-03,-0.005528583387120397,-0.005528583387120367
Equity Maximum Sharpe,2023-02-06,-0.013205129577165825,-0.013205129577165797
Equity Maximum Sharpe,2023-02-07,0.005817939518566673,0.005817939518566684
Equity Maximum Sharpe,2023-02-08,-0.0028352680207695807,-0.00283526802076961
Equity Maximum Sharpe,2023-02-09,0.004766431510262953,0.004766431510262903
Equity Maximum Sharpe,2023-02-10,0.0021849780938008657,0.0021849780938008045
Equity Maximum Sharpe,2023-02-13,0.016137845001021382,0.016137845001021445
Equity Maximum Sharpe,2023-02-14,0.010534151673155004,0.010534151673154968
Equity Maximum Sharpe,2023-02-15,-0.008092775680190213,-0.008092775680190178
Equity Maximum Sharpe,2023-02-16,-0.011863650194496648,-0.011863650194496644
Equity Maximum Sharpe,2023-02-17,-0.002729558961450272,-0.002729558961450218
Equity Maximum Sharpe,2023-02-21,-0.012932627747003054,-0.0129326277470031
Equity Maximum Sharpe,2023-02-22,-0.005038261185688683,-0.0050382611856887305
Equity Maximum Sharpe,2023-02-23,0.02669142809088887,0.02669142809088898
Equity Maximum Sharpe,2023-02-24,-0.004897774940361254,-0.004897774940361255
Equity Maximum Sharpe,2023-02-27,0.008252850535458284,0.008252850535458212
Equity Maximum Sharpe,2023-02-28,0.0021505803167511514,0.002150580316751194
Equity Maximum Sharpe,2023-03-01,0.003456982853179598,0.0033801971387952268
Equity Maximum Sharpe,2023-03-02,0.012739391499263685,0.01273939149926373
Equity Maximum Sharpe,2023-03-03,0.01544996516160843,0.015449965161608459
Equity Maximum Sharpe,2023-03-06,-0.009850521506953114,-0.009850521506953092
Equity Maximum Sharpe,2023-03-07,-0.01660991072564157,-0.016609910725641552
Equity Maximum Sharpe,2023-03-08,0.0029598874459912635,0.002959887445991294
Equity Maximum Sharpe,2023-03-09,-0.02343158309304209,-0.023431583093042052
Equity Maximum Sharpe,2023-03-10,-0.013905296718280842,-0.01390529671828089
Equity Maximum Sharpe,2023-03-13,0.001225616455623972,0.0012256164556239124
Equity Maximum Sharpe,2023-03-14,0.018659492430966294,0.018659492430966207
Equity Maximum Sharpe,2023-03-15,-0.018099449304775327,-0.01809944930477536
Equity Maximum Sharpe,2023-03-16,0.018248143416412316,0.018248143416412343
Equity Maximum Sharpe,2023-03-17,-0.0044242995358376915,-0.0044242995358376724
Equity Maximum Sharpe,2023-03-20,0.015082464868213115,0.015082464868213075
Equity Maximum Sharpe,2023-03-21,0.011940655932073732,0.01194065593207383
Equity Maximum Sharpe,2023-03-22,-0.01555883890518963,-0.01555883890518961
Equity Maximum Sharpe,2023-03-23,0.011979135973709074,0.011979135973709143
Equity Maximum Sharpe,2023-03-24,0.0059624161259500975,0.005962416125950165
Equity Maximum Sharpe,2023-03-27,-0.0024504034666782935,-0.0024504034666782415
Equity Maximum Sharpe,2023-03-28,-0.0011343645439288175,-0.0011343645439287897
Equity Maximum Sharpe,2023-03-29,0.008546536291483178,0.008546536291483164
Equity Maximum Sharpe,2023-03-30,0.007403977541557494,0.007403977541557527
Equity Maximum Sharpe,2023-03-31,0.014247721174693249,0.014247721174693195
Equity Maximum Sharpe,2023-04-03,0.00537618431527139,0.005337993443532696
Equity Maximum Sharpe,2023-04-04,-0.02108300413625324,-0.02108300413625319
Equity Maximum Sharpe,2023-04-05,-0.002505674485451799,-0.002505674485451803
Equity Maximum Sharpe,2023-04-06,0.00674965772848761,0.006749657728487568
Equity Maximum Sharpe,2023-04-10,0.006016056440582945,0.006016056440582895
Equity Maximum Sharpe,2023-04-11,-0.0013199850907728665,-0.0013199850907729127
Equity Maximum Sharpe,2023-04-12,-0.0058928356995954344,-0.005892835699595422
Equity Maximum Sharpe,2023-04-13,0.003850991272236743,0.003850991272236648
Equity Maximum Sharpe,2023-04-14,-0.0023797300571498257,-0.0023797300571498647
Equity Maximum Sharpe,2023-04-17,0.003749931008267228,0.003749931008267149
Equity Maximum Sharpe,2023-04-18,0.007137306480767813,0.007137306480767824
Equity Maximum Sharpe,2023-04-19,0.002142927571237192,0.002142927571237241
Equity Maximum Sharpe,2023-04-20,0.004941662975490959,0.004941662975491035
Equity Maximum Sharpe,2023-04-21,-0.0002331613455482212,-0.0002331613455481829
Equity Maximum Sharpe,2023-04-24,0.006102917666307497,0.006102917666307439
Equity Maximum Sharpe,2023-04-25,-0.01578402118373484,-0.015784021183734787
Equity Maximum Sharpe,2023-04-26,-0.007041266756882094,-0.007041266756882103
Equity Maximum Sharpe,2023-04-27,-0.026536965870118414,-0.026536965870118445
Equity Maximum Sharpe,2023-04-28,0.011022200009625687,0.011022200009625616
Equity Maximum Sharpe,2023-05-01,0.0162940300006358,0.016247507114510062
Equity Maximum Sharpe,2023-05-02,-0.017569315460859374,-0.01756931546085938
Equity Maximum Sharpe,2023-05-03,-0.012885760404913705,-0.012885760404913738
Equity Maximum Sharpe,2023-05-04,-0.017010140181116906,-0.017010140181116906
Equity Maximum Sharpe,2023-05-05,0.019505634865790617,0.01950563486579071
Equity Maximum Sharpe,2023-05-08,0.0019005147250216886,0.0019005147250217291
Equity Maximum Sharpe,2023-05-09,-0.009199467049269636,-0.00919946704926966
Equity Maximum Sharpe,2023-05-10,-0.0025378552812040053,-0.0025378552812039823
Equity Maximum Sharpe,2023-05-11,-0.0037670275314099335,-0.0037670275314098944
Equity Maximum Sharpe,2023-05-12,0.0009299144411707394,0.0009299144411707427
Equity Maximum Sharpe,2023-05-15,0.006936018635411076,0.006936018635411045
Equity Maximum Sharpe,2023-05-16,-0.01299647435124651,-0.012996474351246512
Equity Maximum Sharpe,2023-05-17,0.01541996467785163,0.015419964677851672
Equity Maximum Sharpe,2023-05-18,0.0157360759770885,0.015736075977088593
Equity Maximum Sharpe,2023-05-19,-0.0007166226794362894,-0.0007166226794362851
Equity Maximum Sharpe,2023-05-22,-0.0005437175690141467,-0.0005437175690141682
Equity Maximum Sharpe,2023-05-23,-0.014248390196763574,-0.014248390196763605
Equity Maximum Sharpe,2023-05-24,-0.009323999877501267,-0.009323999877501321
Equity Maximum Sharpe,2023-05-25,0.06415327052277726,0.0641532705227772
Equity Maximum Sharpe,2023-05-26,0.005863920634702373,0.005863920634702424
Equity Maximum Sharpe,2023-05-30,0.0002370338717093334,0.00023703387170925794
Equity Maximum Sharpe,2023-05-31,-0.014507997928446016,-0.014507997928446037
Equity Maximum Sharpe,2023-06-01,0.01111203931579373,0.011043267033482795
Equity Maximum Sharpe,2023-06-02,0.01643218025538004,0.016432180255379958
Equity Maximum Sharpe,2023-06-05,-0.0023378523336242026,-0.0023378523336241575
Equity Maximum Sharpe,2023-06-06,-0.006432742541627147,-0.006432742541627179
Equity Maximum Sharpe,2023-06-07,-0.004066058162764926,-0.004066058162764952
Equity Maximum Sharpe,2023-06-08,0.013875703813684229,0.013875703813684304
Equity Maximum Sharpe,2023-06-09,0.002433019272850086,0.002433019272850112
Equity Maximum Sharpe,2023-06-12,0.009859021603158831,0.00985902160315888
Equity Maximum Sharpe,2023-06-13,0.024935356471102562,0.024935356471102565
Equity Maximum Sharpe,2023-06-14,0.010488601770385726,0.010488601770385797
Equity Maximum Sharpe,2023-06-15,-0.0032109332556264957,-0.0032109332556264913
Equity Maximum Sharpe,2023-06-16,0.007701840744041548,0.007701840744041455
Equity Maximum Sharpe,2023-06-20,0.005899858829470482,0.005899858829470528
Equity Maximum Sharpe,2023-06-21,-0.006835519307886374,-0.006835519307886395
Equity Maximum Sharpe,2023-06-22,0.0027520248941632144,0.002752024894163263
Equity Maximum Sharpe,2023-06-23,-0.011692626525138233,-0.01169262652513825
Equity Maximum Sharpe,2023-06-26,-0.016213017403748746,-0.016213017403748697
Equity Maximum Sharpe,2023-06-27,0.012581995907190245,0.012581995907190224
Equity Maximum Sharpe,2023-06-28,-0.007274419768601759,-0.00727441976860177
Equity Maximum Sharpe,2023-06-29,0.0021613697752159776,0.002161369775216082
Equity Maximum Sharpe,2023-06-30,0.020413334483806056,0.020413334483806
Equity Maximum Sharpe,2023-07-03,0.004017037651292332,0.003958568291233311
Equity Maximum Sharpe,2023-07-05,-0.0038060022975589494,-0.003806002297558897
Equity Maximum Sharpe,2023-07-06,-0.004137640135973221,-0.004137640135973175
Equity Maximum Sharpe,2023-07-07,0.0024275134501024,0.002427513450102392
Equity Maximum Sharpe,2023-07-10,-0.001100155389711792,-0.0011001553897117544
Equity Maximum Sharpe,2023-07-11,0.010958776707553429,0.010958776707553408
Equity Maximum Sharpe,2023-07-12,0.015367034916936282,0.015367034916936362
Equity Maximum Sharpe,2023-07-13,0.01896814980592243,0.01896814980592243
Equity Maximum Sharpe,2023-07-14,-0.0031680398874393664,-0.003168039887439411
Equity Maximum Sharpe,2023-07-17,0.007297796737987928,0.007297796737987916
Equity Maximum Sharpe,2023-07-18,0.018721005278880494,0.01872100527888043
Equity Maximum Sharpe,2023-07-19,-0.007642246003404225,-0.0076422460034042405
Equity Maximum Sharpe,2023-07-20,-0.0057407343121697735,-0.005740734312169815
Equity Maximum Sharpe,2023-07-21,-0.010813890874695935,-0.010813890874695975
Equity Maximum Sharpe,2023-07-24,0.005741619865738689,0.005741619865738734
Equity Maximum Sharpe,2023-07-25,0.016227337818056103,0.016227337818056187
Equity Maximum Sharpe,2023-07-26,-0.007542472648876096,-0.007542472648876086
Equity Maximum Sharpe,2023-07-27,0.016142883789773556,0.016142883789773466
Equity Maximum Sharpe,2023-07-28,0.012185532119820834,0.012185532119820763
Equity Maximum Sharpe,2023-07-31,0.002455803065580309,0.002455803065580353
Equity Maximum Sharpe,2023-08-01,-0.0032319450104726735,-0.0032815175315080714
Equity Maximum Sharpe,2023-08-02,-0.02126942686613675,-0.021269426866136754
Equity Maximum Sharpe,2023-08-03,0.0043576400594908735,0.004357640059490908
Equity Maximum Sharpe,2023-08-04,-0.007351360627161048,-0.007351360627161019
Equity Maximum Sharpe,2023-08-07,0.015144707355100324,0.015144707355100318
Equity Maximum Sharpe,2023-08-08,-0.0073505706546827775,-0.007350570654682809
Equity Maximum Sharpe,2023-08-09,-0.01628442802947841,-0.01628442802947838
Equity Maximum Sharpe,2023-08-10,-0.004158109483891858,-0.004158109483891836
Equity Maximum Sharpe,2023-08-11,-0.011917887030091605,-0.011917887030091556
Equity Maximum Sharpe,2023-08-14,0.035664391256412756,0.03566439125641274
Equity Maximum Sharpe,2023-08-15,-0.0024920587805676146,-0.0024920587805675742
Equity Maximum Sharpe,2023-08-16,-0.0065056382304348286,-0.006505638230434818
Equity Maximum Sharpe,2023-08-17,-0.005832406177516292,-0.005832406177516347
Equity Maximum Sharpe,2023-08-18,0.00046596962450687747,0.00046596962450684565
Equity Maximum Sharpe,2023-08-21,0.03217984873762056,0.03217984873762059
Equity Maximum Sharpe,2023-08-22,-0.01454435599891137,-0.014544355998911351
Equity Maximum Sharpe,2023-08-23,0.007481305196601416,0.0074813051966013955
Equity Maximum Sharpe,2023-08-24,-0.0035455115265233548,-0.0035455115265233816
Equity Maximum Sharpe,2023-08-25,-0.008786451200584562,-0.008786451200584522
Equity Maximum Sharpe,2023-08-28,0.011003766812355657,0.011003766812355709
Equity Maximum Sharpe,2023-08-29,0.02334749026811434,0.023347490268114335
Equity Maximum Sharpe,2023-08-30,0.0037131939934630705,0.0037131939934631486
Equity Maximum Sharpe,2023-08-31,-0.000199026811695912,-0.00019902681169592373
Equity Maximum Sharpe,2023-09-01,-0.0030271014639349967,-0.0030369434533997763
Equity Maximum Sharpe,2023-09-05,-0.007891846534930889,-0.007891846534930913
Equity Maximum Sharpe,2023-09-06,-0.015619175032923984,-0.015619175032923982
Equity Maximum Sharpe,2023-09-07,0.0014576779636856032,0.0014576779636856774
Equity Maximum Sharpe,2023-09-08,-0.010882487997449244,-0.010882487997449286
Equity Maximum Sharpe,2023-09-11,-0.006039807631965066,-0.0060398076319650995
Equity Maximum Sharpe,2023-09-12,-0.0021341817791229348,-0.0021341817791229456
Equity Maximum Sharpe,2023-09-13,0.007220185701387501,0.007220185701387605
Equity Maximum Sharpe,2023-09-14,0.013231511627165045,0.013231511627165071
Equity Maximum Sharpe,2023-09-15,-0.032719345819695995,-0.032719345819696044
Equity Maximum Sharpe,2023-09-18,0.0038121933488002454,0.00381219334880023
Equity Maximum Sharpe,2023-09-19,0.0001806181496088942,0.0001806181496089021
Equity Maximum Sharpe,2023-09-20,-0.015732702128887725,-0.015732702128887777
Equity Maximum Sharpe,2023-09-21,-0.017935051227510983,-0.017935051227510934
Equity Maximum Sharpe,2023-09-22,0.006660783386737088,0.006660783386737146
Equity Maximum Sharpe,2023-09-25,0.013689686002602034,0.01368968600260212
Equity Maximum Sharpe,2023-09-26,-0.009924893490661117,-0.009924893490661169
Equity Maximum Sharpe,2023-09-27,0.009930214173376823,0.009930214173376806
Equity Maximum Sharpe,2023-09-28,0.0076141431363677195,0.007614143136367657
Equity Maximum Sharpe,2023-09-29,-0.005880057673731651,-0.005880057673731676
Equity Maximum Sharpe,2023-10-02,0.006060046164916152,0.006019747012741883
Equity Maximum Sharpe,2023-10-03,-0.011175672946424768,-0.011175672946424742
Equity Maximum Sharpe,2023-10-04,0.003616099386494793,0.0036160993864948754
Equity Maximum Sharpe,2023-10-05,0.002731340212376218,0.0027313402123763098
Equity Maximum Sharpe,2023-10-06,0.010752659692336521,0.01075265969233663
Equity Maximum Sharpe,2023-10-09,-0.0011077569763839053,-0.001107756976383878
Equity Maximum Sharpe,2023-10-10,0.003775723973309896,0.0037757239733098302
Equity Maximum Sharpe,2023-10-11,0.005642477778489329,0.005642477778489363
Equity Maximum Sharpe,2023-10-12,-0.006236170834035031,-0.006236170834035049
Equity Maximum Sharpe,2023-10-13,-0.011043051656093632,-0.01104305165609365
Equity Maximum Sharpe,2023-10-16,0.005803853705120344,0.0058038537051203765
Equity Maximum Sharpe,2023-10-17,-0.011006618243834315,-0.01100661824383431
Equity Maximum Sharpe,2023-10-18,-0.018962946653213228,-0.018962946653213186
Equity Maximum Sharpe,2023-10-19,-0.011903263548404092,-0.011903263548404097
Equity Maximum Sharpe,2023-10-20,-0.008743251676496467,-0.008743251676496477
Equity Maximum Sharpe,2023-10-23,0.008419373246010015,0.008419373246010053
Equity Maximum Sharpe,2023-10-24,0.017917541121345453,0.01791754112134547
Equity Maximum Sharpe,2023-10-25,-0.021880670172460592,-0.021880670172460537
Equity Maximum Sharpe,2023-10-26,-0.009269199706421215,-0.00926919970642126
Equity Maximum Sharpe,2023-10-27,-0.01613764690327305,-0.016137646903273017
Equity Maximum Sharpe,2023-10-30,0.01533802621475704,0.015338026214757106
Equity Maximum Sharpe,2023-10-31,-0.00676204962201437,-0.006762049622014321
Equity Maximum Sharpe,2023-11-01,0.018705284105377407,0.0186713446996547
Equity Maximum Sharpe,2023-11-02,0.018286172581256328,0.01828617258125642
Equity Maximum Sharpe,2023-11-03,0.009694473876364688,0.009694473876364684
Equity Maximum Sharpe,2023-11-06,0.00605229123138938,0.006052291231389395
Equity Maximum Sharpe,2023-11-07,0.0013508283280521168,0.0013508283280521116
Equity Maximum Sharpe,2023-11-08,0.005283090785046531,0.005283090785046518
Equity Maximum Sharpe,2023-11-09,-0.010236110288669638,-0.010236110288669664
Equity Maximum Sharpe,2023-11-10,0.015356431429060399,0.015356431429060402
Equity Maximum Sharpe,2023-11-13,0.0028428585976473554,0.002842858597647435
Equity Maximum Sharpe,2023-11-14,0.009192045418061774,0.009192045418061845
Equity Maximum Sharpe,2023-11-15,-0.0050961277970111435,-0.005096127797011185
Equity Maximum Sharpe,2023-11-16,0.0026375113272253045,0.002637511327225228
Equity Maximum Sharpe,2023-11-17,0.0018613665153800413,0.0018613665153799364
Equity Maximum Sharpe,2023-11-20,0.009142820271565849,0.009142820271565766
Equity Maximum Sharpe,2023-11-21,-0.002144314391752248,-0.0021443143917522223
Equity Maximum Sharpe,2023-11-22,-0.010407368027575166,-0.010407368027575137
Equity Maximum Sharpe,2023-11-24,-0.007040039863626688,-0.007040039863626668
Equity Maximum Sharpe,2023-11-27,0.009278573088277599,0.00927857308827762
Equity Maximum Sharpe,2023-11-28,-0.005978376388394486,-0.005978376388394491
Equity Maximum Sharpe,2023-11-29,0.006325248429543649,0.0063252484295437394
Equity Maximum Sharpe,2023-11-30,0.0064674172084491525,0.006467417208449122
Equity Maximum Sharpe,2023-12-01,0.0031493396735955675,0.003109203566532548
Equity Maximum Sharpe,2023-12-04,-0.013254056084944767,-0.013254056084944787
Equity Maximum Sharpe,2023-12-05,0.008020199532718361,0.008020199532718264
Equity Maximum Sharpe,2023-12-06,-0.009919052623809054,-0.0099190526238091
Equity Maximum Sharpe,2023-12-07,0.014930124875266529,0.01493012487526646
Equity Maximum Sharpe,2023-12-08,0.00927144961002119,0.009271449610021243
Equity Maximum Sharpe,2023-12-11,0.000978999279825839,0.0009789992798259206
Equity Maximum Sharpe,2023-12-12,0.012332941145670323,0.012332941145670295
Equity Maximum Sharpe,2023-12-13,0.010470882176371802,0.01047088217637171
Equity Maximum Sharpe,2023-12-14,0.009486100529115818,0.009486100529115804
Equity Maximum Sharpe,2023-12-15,0.005363969699378675,0.005363969699378579
Equity Maximum Sharpe,2023-12-18,0.010306465317383759,0.010306465317383662
Equity Maximum Sharpe,2023-12-19,0.0017032054596003829,0.0017032054596004542
Equity Maximum Sharpe,2023-12-20,-0.019458014856940285,-0.01945801485694032
Equity Maximum Sharpe,2023-12-21,0.010719562772516933,0.010719562772516955
Equity Maximum Sharpe,2023-12-22,0.006100103325940402,0.006100103325940465
Equity Maximum Sharpe,2023-12-26,0.003254039906232546,0.003254039906232631
Equity Maximum Sharpe,2023-12-27,0.0012213442797372794,0.001221344279737302
Equity Maximum Sharpe,2023-12-28,-0.002354338134352042,-0.002354338134352041
Equity Maximum Sharpe,2023-12-29,-0.0010759757616236648,-0.0010759757616236598
Equity Risk Parity,2023-01-03,0.0036863251435033015,0.0036863251435033106
Equity Risk Parity,2023-01-04,0.01747137026703787,0.017471370267037933
Equity Risk Parity,2023-01-05,-0.00694992439094157,-0.006949924390941553
Equity Risk Parity,2023-01-06,0.022250912708779172,0.022250912708779103
Equity Risk Parity,2023-01-09,-0.002043684335606187,-0.0020436843356061996
Equity Risk Parity,2023-01-10,0.006986481762401435,0.006986481762401464
Equity Risk Parity,2023-01-11,0.008829333397477726,0.008829333397477823
Equity Risk Parity,2023-01-12,0.004567400198945967,0.00456740019894597
Equity Risk Parity,2023-01-13,0.003144559048780293,0.0031445590487801933
Equity Risk Parity,2023-01-17,-0.0054008164733876304,-0.005400816473387637
Equity Risk Parity,2023-01-18,-0.01658750878528765,-0.016587508785287697
Equity Risk Parity,2023-01-19,-0.006603249386185042,-0.006603249386185062
Equity Risk Parity,2023-01-20,0.014184569907286695,0.01418456990728667
Equity Risk Parity,2023-01-23,0.009892778167252599,0.009892778167252647
Equity Risk Parity,2023-01-24,-0.0023618339889078057,-0.002361833988907769
Equity Risk Parity,2023-01-25,0.0016213209535032086,0.0016213209535032025
Equity Risk Parity,2023-01-26,0.0058760963977576965,0.0058760963977577685
Equity Risk Parity,2023-01-27,-0.0011926805766316615,-0.0011926805766316884
Equity Risk Parity,2023-01-30,-0.00861524957093035,-0.008615249570930406
Equity Risk Parity,2023-01-31,0.011434835408023168,0.011434835408023147
Equity Risk Parity,2023-02-01,0.004011158235138295,0.004010204003944251
Equity Risk Parity,2023-02-02,-0.0008678552921080004,-0.0008678552921079774
Equity Risk Parity,2023-02-03,-0.012927916211153028,-0.012927916211153079
Equity Risk Parity,2023-02-06,-0.0048137940673338596,-0.004813794067333843
Equity Risk Parity,2023-02-07,0.009385935121235239,0.009385935121235311
Equity Risk Parity,2023-02-08,-0.00964678565925284,-0.00964678565925281
Equity Risk Parity,2023-02-09,-0.00875852386497418,-0.008758523864974221
Equity Risk Parity,2023-02-10,0.008135361191388227,0.008135361191388135
Equity Risk Parity,2023-02-13,0.008841051718624553,0.008841051718624593
Equity Risk Parity,2023-02-14,-0.002913675330519153,-0.0029136753305191165
Equity Risk Parity,2023-02-15,0.0009961824488579918,0.0009961824488580184
Equity Risk Parity,2023-02-16,-0.013313499134462937,-0.013313499134462892
Equity Risk Parity,2023-02-17,0.00032768725159096617,0.0003276872515909357
Equity Risk Parity,2023-02-21,-0.015652561990489155,-0.015652561990489144
Equity Risk Parity,2023-02-22,-0.006096539955216005,-0.006096539955215974
Equity Risk Parity,2023-02-23,0.003193619997550778,0.003193619997550856
Equity Risk Parity,2023-02-24,-0.009329330488248416,-0.009329330488248466
Equity Risk Parity,2023-02-27,0.0014062959270947021,0.0014062959270946251
Equity Risk Parity,2023-02-28,-0.004324668820749831,-0.004324668820749777
Equity Risk Parity,2023-03-01,-0.0021214139329530706,-0.0021221366979474743
Equity Risk Parity,2023-03-02,0.0114138599410577,0.011413859941057591
Equity Risk Parity,2023-03-03,0.012351301700526826,0.012351301700526784
Equity Risk Parity,2023-03-06,-0.000971417951398909,-0.0009714179513988785
Equity Risk Parity,2023-03-07,-0.01646814511677529,-0.0164681451167753
Equity Risk Parity,2023-03-08,0.0016942959586966737,0.0016942959586967454
Equity Risk Parity,2023-03-09,-0.01608545986751879,-0.016085459867518748
Equity Risk Parity,2023-03-10,-0.011447193939420617,-0.011447193939420619
Equity Risk Parity,2023-03-13,0.0004752032672364763,0.0004752032672363793
Equity Risk Parity,2023-03-14,0.012934804127639286,0.012934804127639365
Equity Risk Parity,2023-03-15,-0.005058303670318449,-0.005058303670318454
Equity Risk Parity,2023-03-16,0.011599964229462198,0.01159996422946219
Equity Risk Parity,2023-03-17,-0.010521075970225216,-0.010521075970225224
Equity Risk Parity,2023-03-20,0.01103955512089154,0.011039555120891498
Equity Risk Parity,2023-03-21,0.005218394355120527,0.005218394355120504
Equity Risk Parity,2023-03-22,-0.01912256180928822,-0.019122561809288174
Equity Risk Parity,2023-03-23,0.002593637008197207,0.002593637008197147
Equity Risk Parity,2023-03-24,0.009949846045763338,0.009949846045763433
Equity Risk Parity,2023-03-27,0.0034010299409641485,0.00340102994096414
Equity Risk Parity,2023-03-28,0.0008452731299025345,0.0008452731299024574
Equity Risk Parity,2023-03-29,0.014131477127629756,0.014131477127629744
Equity Risk Parity,2023-03-30,0.004782576410892409,0.004782576410892414
Equity Risk Parity,2023-03-31,0.012422101482229166,0.01242210148222922
Equity Risk Parity,2023-04-03,0.006026354836895127,0.006025262038646728
Equity Risk Parity,2023-04-04,-0.0024074592365948156,-0.0024074592365948
Equity Risk Parity,2023-04-05,0.005992375719319213,0.0059923757193192095
Equity Risk Parity,2023-04-06,0.00017943406322810457,0.00017943406322817879
Equity Risk Parity,2023-04-10,0.0022160692765646746,0.0022160692765647028
Equity Risk Parity,2023-04-11,0.0018286889281460474,0.0018286889281460272
Equity Risk Parity,2023-04-12,-0.0021307916938997523,-0.002130791693899736
Equity Risk Parity,2023-04-13,0.007616824140853246,0.0076168241408531845
Equity Risk Parity,2023-04-14,-0.006318137802339708,-0.006318137802339696
Equity Risk Parity,2023-04-17,0.004667184216821855,0.004667184216821774
Equity Risk Parity,2023-04-18,-0.00023180997847394068,-0.00023180997847394025
Equity Risk Parity,2023-04-19,0.002087519868012564,0.0020875198680125884
Equity Risk Parity,2023-04-20,-0.006579192982547866,-0.006579192982547832
Equity Risk Parity,2023-04-21,0.0006766568998630831,0.0006766568998630706
Equity Risk Parity,2023-04-24,0.0018516554068084658,0.0018516554068084279
Equity Risk Parity,2023-04-25,-0.012348458097368044,-0.012348458097368065
Equity Risk Parity,2023-04-26,-0.014110339134200674,-0.014110339134200678
Equity Risk Parity,2023-04-27,0.013481631535559306,0.013481631535559258
Equity Risk Parity,2023-04-28,0.00725144053187906,0.007251440531879094
Equity Risk Parity,2023-05-01,-0.002904982596252075,-0.0029055435764846482
Equity Risk Parity,2023-05-02,-0.014718413087926848,-0.014718413087926874
Equity Risk Parity,2023-05-03,-0.010899541686035102,-0.01089954168603513
Equity Risk Parity,2023-05-04,-0.0038822903800081266,-0.003882290380008091
Equity Risk Parity,2023-05-05,0.015583541137800711,0.015583541137800694
Equity Risk Parity,2023-05-08,-0.0009506692039044202,-0.0009506692039044085
Equity Risk Parity,2023-05-09,-0.00436689643816002,-0.004366896438160017
Equity Risk Parity,2023-05-10,-0.0011261298756348767,-0.0011261298756348737
Equity Risk Parity,2023-05-11,-0.008330091053162013,-0.008330091053161959
Equity Risk Parity,2023-05-12,-0.0003683189814690547,-0.0003683189814690513
Equity Risk Parity,2023-05-15,0.0027766160463788977,0.0027766160463789102
Equity Risk Parity,2023-05-16,-0.01620939554444921,-0.016209395544449223
Equity Risk Parity,2023-05-17,0.009394700415468188,0.009394700415468193
Equity Risk Parity,2023-05-18,0.0050366257690050145,0.005036625769005099
Equity Risk Parity,2023-05-19,-0.0020387860648226983,-0.002038786064822662
Equity Risk Parity,2023-05-22,-0.00017663232768124637,-0.0001766323276812809
Equity Risk Parity,2023-05-23,-0.007406478040128943,-0.00740647804012895
Equity Risk Parity,2023-05-24,-0.008932915004783952,-0.008932915004783992
Equity Risk Parity,2023-05-25,-0.0036569844546277424,-0.0036569844546276986
Equity Risk Parity,2023-05-26,0.00696442025198288,0.006964420251982961
Equity Risk Parity,2023-05-30,-0.002580875745376973,-0.0025808757453770204
Equity Risk Parity,2023-05-31,-0.0019496512769561186,-0.0019496512769561214
Equity Risk Parity,2023-06-01,0.003760464404364586,0.0037598396290812186
Equity Risk Parity,2023-06-02,0.01754869629120923,0.017548696291209254
Equity Risk Parity,2023-06-05,-0.004706019652661556,-0.004706019652661597
Equity Risk Parity,2023-06-06,0.0020159388158883353,0.0020159388158882408
Equity Risk Parity,2023-06-07,0.007411563296109674,0.007411563296109591
Equity Risk Parity,2023-06-08,0.004832188866899493,0.004832188866899401
Equity Risk Parity,2023-06-09,-0.002955144080671054,-0.0029551440806711016
Equity Risk Parity,2023-06-12,0.0044609149429993425,0.004460914942999272
Equity Risk Parity,2023-06-13,0.006765095172341316,0.006765095172341251
Equity Risk Parity,2023-06-14,0.00029497696816993557,0.00029497696816993546
Equity Risk Parity,2023-06-15,0.010588050057174735,0.01058805005717467
Equity Risk Parity,2023-06-16,0.001224100332201924,0.0012241003322019939
Equity Risk Parity,2023-06-20,-0.011739090290538805,-0.011739090290538767
Equity Risk Parity,2023-06-21,-0.0026178094173077812,-0.002617809417307826
Equity Risk Parity,2023-06-22,-0.0036224475854013593,-0.0036224475854013116
Equity Risk Parity,2023-06-23,-0.0070499796368400066,-0.007049979636839954
Equity Risk Parity,2023-06-26,0.006472770591239818,0.00647277059123974
Equity Risk Parity,2023-06-27,0.005781566175502421,0.005781566175502517
Equity Risk Parity,2023-06-28,-0.002529146623043708,-0.00252914662304371
Equity Risk Parity,2023-06-29,0.005452196448808736,0.005452196448808788
Equity Risk Parity,2023-06-30,0.008654127037464052,0.008654127037464043
Equity Risk Parity,2023-07-03,0.00548991558560075,0.005489313263049356
Equity Risk Parity,2023-07-05,-0.0035864526813447184,-0.0035864526813447206
Equity Risk Parity,2023-07-06,-0.011475407490831101,-0.011475407490831091
Equity Risk Parity,2023-07-07,-0.0019436430211493788,-0.001943643021149355
Equity Risk Parity,2023-07-10,0.004844514493926803,0.004844514493926866
Equity Risk Parity,2023-07-11,0.013660096423421123,0.013660096423421031
Equity Risk Parity,2023-07-12,0.007366250533786457,0.007366250533786367
Equity Risk Parity,2023-07-13,0.0047733456596436895,0.004773345659643713
Equity Risk Parity,2023-07-14,-0.004792692495794412,-0.004792692495794393
Equity Risk Parity,2023-07-17,-0.004648532147101771,-0.004648532147101814
Equity Risk Parity,2023-07-18,0.004815609995118217,0.0048156099951182085
Equity Risk Parity,2023-07-19,0.006141728050116771,0.0061417280501168126
Equity Risk Parity,2023-07-20,0.0025705547510910896,0.0025705547510910254
Equity Risk Parity,2023-07-21,0.005649224694849043,0.005649224694848964
Equity Risk Parity,2023-07-24,0.0038802498118290537,0.0038802498118291062
Equity Risk Parity,2023-07-25,0.0024371111119603148,0.0024371111119603217
Equity Risk Parity,2023-07-26,0.0018080205846378958,0.001808020584637804
Equity Risk Parity,2023-07-27,-0.005287447811293127,-0.005287447811293089
Equity Risk Parity,2023-07-28,0.003710378187501229,0.0037103781875011954
Equity Risk Parity,2023-07-31,0.0027688365606504694,0.0027688365606504117
Equity Risk Parity,2023-08-01,-0.0045266895758643046,-0.004527113432831964
Equity Risk Parity,2023-08-02,-0.012553073131227246,-0.012553073131227221
Equity Risk Parity,2023-08-03,-0.005926990852375849,-0.005926990852375802
Equity Risk Parity,2023-08-04,-0.0023228968131791786,-0.0023228968131792094
Equity Risk Parity,2023-08-07,0.008237713597875394,0.008237713597875285
Equity Risk Parity,2023-08-08,-0.0030562472842163018,-0.0030562472842162736
Equity Risk Parity,2023-08-09,-0.0009124210012123369,-0.0009124210012123601
Equity Risk Parity,2023-08-10,0.0008923500761004125,0.0008923500761004455
Equity Risk Parity,2023-08-11,0.0023343091989052656,0.0023343091989052045
Equity Risk Parity,2023-08-14,0.0005443289482232937,0.000544328948223205
Equity Risk Parity,2023-08-15,-0.012116531705209687,-0.012116531705209654
Equity Risk Parity,2023-08-16,-0.0072904858232395245,-0.007290485823239545
Equity Risk Parity,2023-08-17,-0.005209995445227541,-0.005209995445227489
Equity Risk Parity,2023-08-18,0.0012479266248767757,0.0012479266248768273
Equity Risk Parity,2023-08-21,-0.0010554220677576234,-0.001055422067757661
Equity Risk Parity,2023-08-22,-0.003927968389038886,-0.003927968389038861
Equity Risk Parity,2023-08-23,0.007767612615872312,0.007767612615872332
Equity Risk Parity,2023-08-24,-0.01135403128319811,-0.011354031283198118
Equity Risk Parity,2023-08-25,0.004515240487781783,0.004515240487781735
Equity Risk Parity,2023-08-28,0.0073735838054750915,0.007373583805475148
Equity Risk Parity,2023-08-29,0.011513565008691625,0.011513565008691717
Equity Risk Parity,2023-08-30,0.0013768535639547528,0.001376853563954672
Equity Risk Parity,2023-08-31,-0.0037439493587695877,-0.0037439493587695383
Equity Risk Parity,2023-09-01,0.002638034472843234,0.0026375069012456454
Equity Risk Parity,2023-09-05,-0.009786730829597686,-0.00978673082959769
Equity Risk Parity,2023-09-06,-0.003914977292147415,-0.0039149772921474035
Equity Risk Parity,2023-09-07,0.001781411635545292,0.001781411635545238
Equity Risk Parity,2023-09-08,0.003696718227554029,0.003696718227554019
Equity Risk Parity,2023-09-11,0.0038696443732387366,0.0038696443732386676
Equity Risk Parity,2023-09-12,0.000703478278221095,0.0007034782782211479
Equity Risk Parity,2023-09-13,-0.0001279642297770074,-0.00012796422977701116
Equity Risk Parity,2023-09-14,0.012214470278223193,0.0122144702782232
Equity Risk Parity,2023-09-15,-0.009443535859460993,-0.009443535859461005
Equity Risk Parity,2023-09-18,-0.0004697555406893643,-0.0004697555406893983
Equity Risk Parity,2023-09-19,-0.003329210508398755,-0.003329210508398739
Equity Risk Parity,2023-09-20,-0.0033275208442436572,-0.003327520844243703
Equity Risk Parity,2023-09-21,-0.017381428828951235,-0.017381428828951218
Equity Risk Parity,2023-09-22,-0.00293410651664313,-0.0029341065166431646
Equity Risk Parity,2023-09-25,0.001162506383777106,0.0011625063837770178
Equity Risk Parity,2023-09-26,-0.011557517006807311,-0.011557517006807294
Equity Risk Parity,2023-09-27,-0.0038660832190179667,-0.003866083219017935
Equity Risk Parity,2023-09-28,0.0033818371863703818,0.0033818371863703067
Equity Risk Parity,2023-09-29,-0.0013668779864367206,-0.0013668779864367542
Equity Risk Parity,2023-10-02,-0.014528713830840053,-0.0145290420752765
Equity Risk Parity,2023-10-03,-0.008367499670492114,-0.008367499670492107
Equity Risk Parity,2023-10-04,0.002899094898923204,0.002899094898923149
Equity Risk Parity,2023-10-05,-0.0019508222514179215,-0.0019508222514179607
Equity Risk Parity,2023-10-06,0.009971418993891297,0.009971418993891312
Equity Risk Parity,2023-10-09,0.008187609804922578,0.008187609804922502
Equity Risk Parity,2023-10-10,0.008754123512842195,0.008754123512842105
Equity Risk Parity,2023-10-11,0.004315715065142859,0.004315715065142944
Equity Risk Parity,2023-10-12,-0.008040529479577153,-0.008040529479577119
Equity Risk Parity,2023-10-13,0.0020811487324749666,0.002081148732475002
Equity Risk Parity,2023-10-16,0.00986382044530677,0.009863820445306759
Equity Risk Parity,2023-10-17,0.0028013368039183427,0.002801336803918364
Equity Risk Parity,2023-10-18,-0.0135555374860023,-0.013555537486002356
Equity Risk Parity,2023-10-19,-0.009652797914306437,-0.009652797914306399
Equity Risk Parity,2023-10-20,-0.007689509886244436,-0.0076895098862443945
Equity Risk Parity,2023-10-23,-0.006136667218239144,-0.0061366672182391335
Equity Risk Parity,2023-10-24,0.011256511324236482,0.01125651132423644
Equity Risk Parity,2023-10-25,-0.011224034800160538,-0.011224034800160543
Equity Risk Parity,2023-10-26,-0.0018374829200495223,-0.0018374829200494824
Equity Risk Parity,2023-10-27,-0.010511774279390724,-0.010511774279390762
Equity Risk Parity,2023-10-30,0.009371566283130005,0.009371566283129962
Equity Risk Parity,2023-10-31,0.0053416176260622835,0.005341617626062334
Equity Risk Parity,2023-11-01,0.0050816817116030675,0.005080817757991296
Equity Risk Parity,2023-11-02,0.02400574157887916,0.024005741578879247
Equity Risk Parity,2023-11-03,0.011795187254160393,0.0117951872541604
Equity Risk Parity,2023-11-06,-0.004589748430205847,-0.0045897484302058755
Equity Risk Parity,2023-11-07,-0.0031313021414084534,-0.003131302141408443
Equity Risk Parity,2023-11-08,-0.002124431481413747,-0.0021244314814137244
Equity Risk Parity,2023-11-09,-0.009972286329247553,-0.009972286329247515
Equity Risk Parity,2023-11-10,0.009463223034665362,0.009463223034665402
Equity Risk Parity,2023-11-13,-0.001396480555274926,-0.0013964805552749704
Equity Risk Parity,2023-11-14,0.023480901920879572,0.023480901920879482
Equity Risk Parity,2023-11-15,0.0053174915160395944,0.005317491516039663
Equity Risk Parity,2023-11-16,-0.00022847067859003723,-0.00022847067858999814
Equity Risk Parity,2023-11-17,0.002137554379640182,0.0021375543796402496
Equity Risk Parity,2023-11-20,0.004251872302455462,0.004251872302455384
Equity Risk Parity,2023-11-21,-0.0013954851659688495,-0.0013954851659688794
Equity Risk Parity,2023-11-22,0.00186672990909088,0.0018667299090908696
Equity Risk Parity,2023-11-24,0.002547864131181068,0.0025478641311811323
Equity Risk Parity,2023-11-27,0.0008213904119131833,0.0008213904119132032
Equity Risk Parity,2023-11-28,0.0028760500973035014,0.0028760500973035175
Equity Risk Parity,2023-11-29,0.004165780490377562,0.004165780490377635
Equity Risk Parity,2023-11-30,0.006801781198715878,0.006801781198715773
Equity Risk Parity,2023-12-01,0.009331061287097722,0.009329999195628602
Equity Risk Parity,2023-12-04,-0.000784330004604155,-0.0007843300046042057
Equity Risk Parity,2023-12-05,-0.0041504789662908355,-0.004150478966290838
Equity Risk Parity,2023-12-06,0.00023214658128601728,0.00023214658128600796
Equity Risk Parity,2023-12-07,0.003127810431623492,0.003127810431623468
Equity Risk Parity,2023-12-08,0.002034862323755805,0.002034862323755826
Equity Risk Parity,2023-12-11,0.006349772039968804,0.006349772039968782
Equity Risk Parity,2023-12-12,0.001016863995868101,0.0010168639958680892
Equity Risk Parity,2023-12-13,0.021801222291150158,0.021801222291150113
Equity Risk Parity,2023-12-14,0.011154765848786316,0.011154765848786274
Equity Risk Parity,2023-12-15,-0.004345804596320396,-0.004345804596320391
Equity Risk Parity,2023-12-18,-0.0011070131585136046,-0.0011070131585135812
Equity Risk Parity,2023-12-19,0.0073230032621384115,0.007323003262138306
Equity Risk Parity,2023-12-20,-0.01451194554102488,-0.014511945541024862
Equity Risk Parity,2023-12-21,0.007773952159188346,0.007773952159188413
Equity Risk Parity,2023-12-22,0.0030210850809415544,0.0030210850809415657
Equity Risk Parity,2023-12-26,0.0053072752313373895,0.005307275231337449
Equity Risk Parity,2023-12-27,0.001921726721088995,0.0019217267210889233
Equity Risk Parity,2023-12-28,0.0018251180791154112,0.0018251180791153399
Equity Risk Parity,2023-12-29,-0.002632332069196936,-0.0026323320691968854
Equity Minimum CVaR,2023-01-03,0.006246729664990685,0.0062467296649906245
Equity Minimum CVaR,2023-01-04,0.011555303988450458,0.011555303988450394
Equity Minimum CVaR,2023-01-05,-0.0019354815483522319,-0.0019354815483522136
Equity Minimum CVaR,2023-01-06,0.01744745308795382,0.017447453087953813
Equity Minimum CVaR,2023-01-09,-0.015458766306111097,-0.015458766306111094
Equity Minimum CVaR,2023-01-10,0.004969628627540354,0.004969628627540246
Equity Minimum CVaR,2023-01-11,0.00462368174463202,0.004623681744632124
Equity Minimum CVaR,2023-01-12,-0.003730246108788468,-0.003730246108788471
Equity Minimum CVaR,2023-01-13,0.0030150875382987685,0.003015087538298822
Equity Minimum CVaR,2023-01-17,-0.010505425511601945,-0.01050542551160194
Equity Minimum CVaR,2023-01-18,-0.019307660789823627,-0.0193076607898236
Equity Minimum CVaR,2023-01-19,-0.0038797530651885786,-0.003879753065188618
Equity Minimum CVaR,2023-01-20,0.01053602240974943,0.01053602240974949
Equity Minimum CVaR,2023-01-23,0.009564051386832261,0.00956405138683225
Equity Minimum CVaR,2023-01-24,-0.002861848820736866,-0.002861848820736812
Equity Minimum CVaR,2023-01-25,0.0005379551167101445,0.0005379551167101759
Equity Minimum CVaR,2023-01-26,-0.003591537531190321,-0.0035915375311903475
Equity Minimum CVaR,2023-01-27,0.0010375479668084451,0.0010375479668085497
Equity Minimum CVaR,2023-01-30,-0.0043759566043864604,-0.0043759566043864995
Equity Minimum CVaR,2023-01-31,0.01057686178146019,0.010576861781460112
Equity Minimum CVaR,2023-02-01,-0.002775794854152946,-0.0028133234723364264
Equity Minimum CVaR,2023-02-02,-0.011104382897153514,-0.011104382897153542
Equity Minimum CVaR,2023-02-03,-0.011028710074563429,-0.011028710074563408
Equity Minimum CVaR,2023-02-06,-0.0032584123674969205,-0.00325841236749691
Equity Minimum CVaR,2023-02-07,0.01205453991702774,0.012054539917027762
Equity Minimum CVaR,2023-02-08,-0.006251198194747735,-0.006251198194747731
Equity Minimum CVaR,2023-02-09,-0.0008199922228479925,-0.0008199922228480094
Equity Minimum CVaR,2023-02-10,0.012562258003649619,0.012562258003649518
Equity Minimum CVaR,2023-02-13,0.010161928899207563,0.01016192889920764
Equity Minimum CVaR,2023-02-14,-0.007597298401192607,-0.007597298401192609
Equity Minimum CVaR,2023-02-15,0.0025149205129470446,0.0025149205129471053
Equity Minimum CVaR,2023-02-16,-0.014264673430245175,-0.014264673430245178
Equity Minimum CVaR,2023-02-17,0.013545773778792333,0.013545773778792292
Equity Minimum CVaR,2023-02-21,-0.0030379651793888823,-0.003037965179388924
Equity Minimum CVaR,2023-02-22,-0.010151265050985427,-0.010151265050985403
Equity Minimum CVaR,2023-02-23,-0.003968273908795226,-0.003968273908795172
Equity Minimum CVaR,2023-02-24,-0.006677012789034107,-0.006677012789034098
Equity Minimum CVaR,2023-02-27,-0.0017899532043567585,-0.001789953204356709
Equity Minimum CVaR,2023-02-28,-0.006864976525729561,-0.006864976525729594
Equity Minimum CVaR,2023-03-01,-0.005799513176099386,-0.005838009002348654
Equity Minimum CVaR,2023-03-02,0.009773019585335508,0.009773019585335607
Equity Minimum CVaR,2023-03-03,0.0073310811088769376,0.0073310811088769245
Equity Minimum CVaR,2023-03-06,0.005637345860289596,0.005637345860289633
Equity Minimum CVaR,2023-03-07,-0.007860806937970113,-0.007860806937970088
Equity Minimum CVaR,2023-03-08,-0.008428076793738226,-0.008428076793738248
Equity Minimum CVaR,2023-03-09,-0.011911203834454246,-0.01191120383445421
Equity Minimum CVaR,2023-03-10,-0.004446105641681741,-0.004446105641681797
Equity Minimum CVaR,2023-03-13,0.004241212043667918,0.004241212043667897
Equity Minimum CVaR,2023-03-14,0.01059095677073718,0.010590956770737181
Equity Minimum CVaR,2023-03-15,0.006109374880356514,0.006109374880356455
Equity Minimum CVaR,2023-03-16,0.0024626323354549574,0.0024626323354548507
Equity Minimum CVaR,2023-03-17,-0.006659408618275962,-0.006659408618275964
Equity Minimum CVaR,2023-03-20,0.011992545956290929,0.011992545956290845
Equity Minimum CVaR,2023-03-21,-0.0027693786909971435,-0.0027693786909971374
Equity Minimum CVaR,2023-03-22,-0.01587624536231711,-0.015876245362317132
Equity Minimum CVaR,2023-03-23,0.008051400550493613,0.008051400550493693
Equity Minimum CVaR,2023-03-24,0.012072992875628904,0.012072992875628907
Equity Minimum CVaR,2023-03-27,0.006637320489361393,0.006637320489361498
Equity Minimum CVaR,2023-03-28,-0.0029059368004609744,-0.0029059368004610286
Equity Minimum CVaR,2023-03-29,0.0048293018941760225,0.004829301894176075
Equity Minimum CVaR,2023-03-30,0.0061585360250304075,0.00615853602503047
Equity Minimum CVaR,2023-03-31,0.012955008873827858,0.012955008873827945
Equity Minimum CVaR,2023-04-03,0.008279397949443011,0.00824295210426862
Equity Minimum CVaR,2023-04-04,0.0013306779915393035,0.0013306779915394085
Equity Minimum CVaR,2023-04-05,0.015652439799995085,0.015652439799995088
Equity Minimum CVaR,2023-04-06,0.0010901204863420439,0.00109012048634205
Equity Minimum CVaR,2023-04-10,-0.0002384512144643396,-0.00023845121446430806
Equity Minimum CVaR,2023-04-11,-0.0017666245175012127,-0.001766624517501203
Equity Minimum CVaR,2023-04-12,-0.00034053124829006563,-0.00034053124829003245
Equity Minimum CVaR,2023-04-13,0.009300709736958623,0.009300709736958623
Equity Minimum CVaR,2023-04-14,-0.007228934220232638,-0.00722893422023263
Equity Minimum CVaR,2023-04-17,0.0036139752891105855,0.0036139752891106713
Equity Minimum CVaR,2023-04-18,-0.0003128635010531155,-0.00031286350105308447
Equity Minimum CVaR,2023-04-19,-0.001731107437072106,-0.0017311074370720547
Equity Minimum CVaR,2023-04-20,0.0011138352011245331,0.0011138352011246244
Equity Minimum CVaR,2023-04-21,0.00679603043544177,0.006796030435441747
Equity Minimum CVaR,2023-04-24,0.005851028797683695,0.005851028797683622
Equity Minimum CVaR,2023-04-25,-0.002719747407647465,-0.002719747407647466
Equity Minimum CVaR,2023-04-26,-0.01914547651234836,-0.019145476512348325
Equity Minimum CVaR,2023-04-27,0.008959532410606739,0.008959532410606652
Equity Minimum CVaR,2023-04-28,-0.0018761080883828102,-0.0018761080883827885
Equity Minimum CVaR,2023-05-01,0.0003993912268632216,0.00039279900795596845
Equity Minimum CVaR,2023-05-02,-0.004146700416181684,-0.004146700416181703
Equity Minimum CVaR,2023-05-03,-0.003900636013223098,-0.003900636013223102
Equity Minimum CVaR,2023-05-04,-0.0004054262799664543,-0.00040542627996642544
Equity Minimum CVaR,2023-05-05,0.010338819242630005,0.010338819242629915
Equity Minimum CVaR,2023-05-08,0.0012023368373276402,0.0012023368373277332
Equity Minimum CVaR,2023-05-09,-0.002955715544085026,-0.0029557155440850247
Equity Minimum CVaR,2023-05-10,-0.000900365637390873,-0.0009003656373908209
Equity Minimum CVaR,2023-05-11,-0.0020830848274350244,-0.002083084827435022
Equity Minimum CVaR,2023-05-12,-0.001199910428875502,-0.0011999104288754614
Equity Minimum CVaR,2023-05-15,-0.003170635501466172,-0.0031706355014661236
Equity Minimum CVaR,2023-05-16,-0.012183465335024837,-0.01218346533502479
Equity Minimum CVaR,2023-05-17,-0.0015800324001817982,-0.0015800324001817856
Equity Minimum CVaR,2023-05-18,0.0104063749031574,0.010406374903157323
Equity Minimum CVaR,2023-05-19,-0.0007161139664285708,-0.0007161139664285665
Equity Minimum CVaR,2023-05-22,-0.0041490240336922325,-0.004149024033692217
Equity Minimum CVaR,2023-05-23,-0.00610530012160056,-0.006105300121600599
Equity Minimum CVaR,2023-05-24,-0.0043016970388967644,-0.004301697038896712
Equity Minimum CVaR,2023-05-25,-0.01138009694580926,-0.011380096945809215
Equity Minimum CVaR,2023-05-26,0.00019758049331614774,0.00019758049331608518
Equity Minimum CVaR,2023-05-30,-0.006768687406507058,-0.006768687406507046
Equity Minimum CVaR,2023-05-31,0.004835145750143693,0.0048351457501436546
Equity Minimum CVaR,2023-06-01,0.003072568368793983,0.003071906777310396
Equity Minimum CVaR,2023-06-02,0.013441714673801189,0.013441714673801286
Equity Minimum CVaR,2023-06-05,-0.0007974030140504244,-0.0007974030140504018
Equity Minimum CVaR,2023-06-06,-0.009186863346444767,-0.009186863346444807
Equity Minimum CVaR,2023-06-07,-0.0002551279701231005,-0.0002551279701230591
Equity Minimum CVaR,2023-06-08,0.011856837214839626,0.011856837214839544
Equity Minimum CVaR,2023-06-09,-0.00031864166797513564,-0.00031864166797512805
Equity Minimum CVaR,2023-06-12,0.00278046376961712,0.0027804637696171586
Equity Minimum CVaR,2023-06-13,0.005035236044570617,0.005035236044570679
Equity Minimum CVaR,2023-06-14,0.0013004672511751393,0.0013004672511751636
Equity Minimum CVaR,2023-06-15,0.008715596533557385,0.008715596533557468
Equity Minimum CVaR,2023-06-16,-0.0007894719613006007,-0.0007894719613006362
Equity Minimum CVaR,2023-06-20,-0.006321049001264809,-0.006321049001264845
Equity Minimum CVaR,2023-06-21,0.001990258554925952,0.00199025855492585
Equity Minimum CVaR,2023-06-22,0.006416900356866142,0.006416900356866151
Equity Minimum CVaR,2023-06-23,-0.001613865521123325,-0.0016138655211233033
Equity Minimum CVaR,2023-06-26,-0.00012575078450717135,-0.00012575078450716148
Equity Minimum CVaR,2023-06-27,0.0004428542272864272,0.00044285422728651547
Equity Minimum CVaR,2023-06-28,-0.00350205378357586,-0.0035020537835758203
Equity Minimum CVaR,2023-06-29,0.0021476703054466857,0.002147670305446603
Equity Minimum CVaR,2023-06-30,0.013882265426505435,0.013882265426505391
Equity Minimum CVaR,2023-07-03,0.002539774663064114,0.0025202505828569866
Equity Minimum CVaR,2023-07-05,-0.004463299860670169,-0.004463299860670178
Equity Minimum CVaR,2023-07-06,-0.010832791819816624,-0.010832791819816667
Equity Minimum CVaR,2023-07-07,-0.014177455149551956,-0.014177455149551932
Equity Minimum CVaR,2023-07-10,0.007475733803820181,0.0074757338038202725
Equity Minimum CVaR,2023-07-11,0.010249107637059426,0.01024910763705944
Equity Minimum CVaR,2023-07-12,0.0011718456997928395,0.001171845699792895
Equity Minimum CVaR,2023-07-13,-0.0017088662981114406,-0.0017088662981114
Equity Minimum CVaR,2023-07-14,0.0032272263320116627,0.003227226332011668
Equity Minimum CVaR,2023-07-17,-0.004274198215653597,-0.004274198215653557
Equity Minimum CVaR,2023-07-18,0.002073505172999638,0.0020735051729996457
Equity Minimum CVaR,2023-07-19,0.00260540375432454,0.002605403754324609
Equity Minimum CVaR,2023-07-20,0.009056892445330134,0.009056892445330034
Equity Minimum CVaR,2023-07-21,0.007762108116243722,0.007762108116243782
Equity Minimum CVaR,2023-07-24,-0.0044705554467080865,-0.004470555446708047
Equity Minimum CVaR,2023-07-25,0.00031287989633548886,0.00031287989633543845
Equity Minimum CVaR,2023-07-26,0.001140247518577097,0.0011402475185771088
Equity Minimum CVaR,2023-07-27,-0.010517249932662159,-0.01051724993266212
Equity Minimum CVaR,2023-07-28,0.005187628525886695,0.005187628525886723
Equity Minimum CVaR,2023-07-31,-0.0001797408981376983,-0.00017974089813765914
Equity Minimum CVaR,2023-08-01,-0.008731197300030493,-0.008754312660839703
Equity Minimum CVaR,2023-08-02,-0.007239382492417787,-0.007239382492417734
Equity Minimum CVaR,2023-08-03,-0.003981346131015135,-0.003981346131015084
Equity Minimum CVaR,2023-08-04,-0.004085739741122378,-0.004085739741122363
Equity Minimum CVaR,2023-08-07,0.009344429373976788,0.009344429373976837
Equity Minimum CVaR,2023-08-08,-0.0031331209113639423,-0.0031331209113639735
Equity Minimum CVaR,2023-08-09,0.0005476464739716996,0.0005476464739717635
Equity Minimum CVaR,2023-08-10,-0.0019847136792724503,-0.001984713679272443
Equity Minimum CVaR,2023-08-11,0.008001564766614686,0.008001564766614733
Equity Minimum CVaR,2023-08-14,-0.0007649556309988433,-0.0007649556309988759
Equity Minimum CVaR,2023-08-15,-0.008880435647172032,-0.008880435647172003
Equity Minimum CVaR,2023-08-16,-0.0025614422952680077,-0.0025614422952680016
Equity Minimum CVaR,2023-08-17,-0.010372904146325983,-0.010372904146325967
Equity Minimum CVaR,2023-08-18,0.0025177049676984344,0.002517704967698542
Equity Minimum CVaR,2023-08-21,0.0008223515084079625,0.0008223515084080368
Equity Minimum CVaR,2023-08-22,-0.00399060769063472,-0.003990607690634751
Equity Minimum CVaR,2023-08-23,0.016908136761143146,0.016908136761143222
Equity Minimum CVaR,2023-08-24,-0.012239156212222706,-0.012239156212222713
Equity Minimum CVaR,2023-08-25,0.004996686538862629,0.004996686538862649
Equity Minimum CVaR,2023-08-28,0.003871233052937503,0.0038712330529375727
Equity Minimum CVaR,2023-08-29,0.009058823494335223,0.009058823494335178
Equity Minimum CVaR,2023-08-30,0.0016735529733689174,0.001673552973368908
Equity Minimum CVaR,2023-08-31,-0.0026227013479144814,-0.0026227013479145356
Equity Minimum CVaR,2023-09-01,-0.0004087571598225054,-0.00041611718977907497
Equity Minimum CVaR,2023-09-05,-0.012115179212607277,-0.012115179212607297
Equity Minimum CVaR,2023-09-06,-0.002133159479423955,-0.0021331594794239406
Equity Minimum CVaR,2023-09-07,0.00813030499912956,0.008130304999129478
Equity Minimum CVaR,2023-09-08,0.007398744244825884,0.007398744244825783
Equity Minimum CVaR,2023-09-11,0.005493546518062491,0.005493546518062553
Equity Minimum CVaR,2023-09-12,-0.0018936754923729233,-0.0018936754923729593
Equity Minimum CVaR,2023-09-13,-0.0024440568689632182,-0.002444056868963207
Equity Minimum CVaR,2023-09-14,0.008627407802198206,0.008627407802198173
Equity Minimum CVaR,2023-09-15,-0.007530089027733993,-0.007530089027733999
Equity Minimum CVaR,2023-09-18,-0.002723325982720357,-0.0027233259827204037
Equity Minimum CVaR,2023-09-19,0.00036826900850317246,0.0003682690085031748
Equity Minimum CVaR,2023-09-20,-0.0008199607114974832,-0.0008199607114974805
Equity Minimum CVaR,2023-09-21,-0.012854632183629918,-0.012854632183629922
Equity Minimum CVaR,2023-09-22,0.0005747947282694153,0.0005747947282694899
Equity Minimum CVaR,2023-09-25,-0.0015812078934875347,-0.0015812078934874796
Equity Minimum CVaR,2023-09-26,-0.006287412224634732,-0.006287412224634692
Equity Minimum CVaR,2023-09-27,-0.007774470918256063,-0.007774470918256116
Equity Minimum CVaR,2023-09-28,0.0025334565269845236,0.0025334565269845566
Equity Minimum CVaR,2023-09-29,-0.007074542802180919,-0.007074542802180894
Equity Minimum CVaR,2023-10-02,-0.011007655894128944,-0.01102079122305466
Equity Minimum CVaR,2023-10-03,-0.007352628168902023,-0.007352628168902031
Equity Minimum CVaR,2023-10-04,0.00895387430558136,0.008953874305581255
Equity Minimum CVaR,2023-10-05,-6.759438869128687e-05,-6.759438869130552e-05
Equity Minimum CVaR,2023-10-06,0.0016898288788097836,0.0016898288788098625
Equity Minimum CVaR,2023-10-09,0.005719340425551363,0.005719340425551334
Equity Minimum CVaR,2023-10-10,0.008172766460796687,0.008172766460796677
Equity Minimum CVaR,2023-10-11,0.0048202183791153,0.004820218379115282
Equity Minimum CVaR,2023-10-12,-0.003836346471889107,-0.0038363464718891294
Equity Minimum CVaR,2023-10-13,0.005645620609865816,0.005645620609865842
Equity Minimum CVaR,2023-10-16,0.008784110376608643,0.008784110376608645
Equity Minimum CVaR,2023-10-17,0.003929764248072346,0.003929764248072454
Equity Minimum CVaR,2023-10-18,-0.011114346534134676,-0.011114346534134678
Equity Minimum CVaR,2023-10-19,-0.012064939752976055,-0.012064939752976067
Equity Minimum CVaR,2023-10-20,-0.002697565170354089,-0.0026975651703541326
Equity Minimum CVaR,2023-10-23,0.00312451766830855,0.0031245176683085685
Equity Minimum CVaR,2023-10-24,0.00917293449324338,0.009172934493243412
Equity Minimum CVaR,2023-10-25,-0.007408840890826215,-0.007408840890826163
Equity Minimum CVaR,2023-10-26,3.5865717759701876e-06,3.5865717760152904e-06
Equity Minimum CVaR,2023-10-27,-0.00950481909160995,-0.00950481909160994
Equity Minimum CVaR,2023-10-30,0.005292097229555469,0.00529209722955537
Equity Minimum CVaR,2023-10-31,0.002391277250148678,0.002391277250148649
Equity Minimum CVaR,2023-11-01,0.006385833752029356,0.006373390749220942
Equity Minimum CVaR,2023-11-02,0.012524085401451722,0.012524085401451668
Equity Minimum CVaR,2023-11-03,0.005011714453008587,0.005011714453008631
Equity Minimum CVaR,2023-11-06,-0.004830051335727999,-0.004830051335728003
Equity Minimum CVaR,2023-11-07,-0.0007401096469529021,-0.0007401096469529245
Equity Minimum CVaR,2023-11-08,-0.0037517842903165744,-0.003751784290316529
Equity Minimum CVaR,2023-11-09,-0.01052717775997259,-0.010527177759972584
Equity Minimum CVaR,2023-11-10,0.006111869313405046,0.006111869313405016
Equity Minimum CVaR,2023-11-13,0.002411608418988142,0.0024116084189882425
Equity Minimum CVaR,2023-11-14,0.010601810873837405,0.010601810873837492
Equity Minimum CVaR,2023-11-15,0.0035649849175381264,0.0035649849175380943
Equity Minimum CVaR,2023-11-16,-0.0192347087637195,-0.019234708763719466
Equity Minimum CVaR,2023-11-17,-0.0012697068465902207,-0.001269706846590224
Equity Minimum CVaR,2023-11-20,0.004214389778694079,0.00421438977869415
Equity Minimum CVaR,2023-11-21,-0.00022220684381250107,-0.00022220684381246691
Equity Minimum CVaR,2023-11-22,-0.00035777231878160866,-0.00035777231878164617
Equity Minimum CVaR,2023-11-24,0.003360216854838754,0.0033602168548387823
Equity Minimum CVaR,2023-11-27,0.0017961435973219214,0.001796143597321942
Equity Minimum CVaR,2023-11-28,0.005497250208346098,0.005497250208346127
Equity Minimum CVaR,2023-11-29,-0.0006299648559831166,-0.0006299648559831006
Equity Minimum CVaR,2023-11-30,0.007019177480946149,0.007019177480946048
Equity Minimum CVaR,2023-12-01,0.0052391184517618,0.005202165571867923
Equity Minimum CVaR,2023-12-04,0.005986728206039211,0.0059867282060392935
Equity Minimum CVaR,2023-12-05,0.0036105348214485076,0.0036105348214485744
Equity Minimum CVaR,2023-12-06,-0.0016237176887103919,-0.001623717688710391
Equity Minimum CVaR,2023-12-07,-0.007103753956852838,-0.00710375395685281
Equity Minimum CVaR,2023-12-08,-0.0016610213655582776,-0.001661021365558235
Equity Minimum CVaR,2023-12-11,0.00283561211141887,0.002835612111418806
Equity Minimum CVaR,2023-12-12,0.00247933745646913,0.0024793374564691106
Equity Minimum CVaR,2023-12-13,0.02539263784375466,0.025392637843754562
Equity Minimum CVaR,2023-12-14,0.00040711555007927206,0.00040711555007932887
Equity Minimum CVaR,2023-12-15,-0.006385599924121804,-0.006385599924121799
Equity Minimum CVaR,2023-12-18,0.0021402091299423166,0.002140209129942283
Equity Minimum CVaR,2023-12-19,0.004811164425187237,0.004811164425187142
Equity Minimum CVaR,2023-12-20,-0.01278926932278864,-0.012789269322788677
Equity Minimum CVaR,2023-12-21,0.008687459449233577,0.008687459449233659
Equity Minimum CVaR,2023-12-22,0.009904077120977977,0.009904077120977961
Equity Minimum CVaR,2023-12-26,0.0013844849970155368,0.0013844849970154893
Equity Minimum CVaR,2023-12-27,0.004612946913766191,0.004612946913766125
Equity Minimum CVaR,2023-12-28,0.0030703792508853965,0.003070379250885491
Equity Minimum CVaR,2023-12-29,-0.0007513958106868569,-0.000751395810686839
Crypto Equal Weight,2023-01-01,0.007755602914296445,0.0077556029142964444
Crypto Equal Weight,2023-01-02,0.01900434961362503,0.01900434961362496
Crypto Equal Weight,2023-01-03,-0.0027050635667062563,-0.0027050635667063005
Crypto Equal Weight,2023-01-04,0.037039870961805214,0.037039870961805166
Crypto Equal Weight,2023-01-05,-0.014915270707060857,-0.01491527070706089
Crypto Equal Weight,2023-01-06,0.02399224989900126,0.023992249899001283
Crypto Equal Weight,2023-01-07,-0.0033150493784421474,-0.003315049378442181
Crypto Equal Weight,2023-01-08,0.02215294241808401,0.022152942418083965
Crypto Equal Weight,2023-01-09,0.027339779788495805,0.027339779788495777
Crypto Equal Weight,2023-01-10,0.006023627086972294,0.006023627086972239
Crypto Equal Weight,2023-01-11,0.029362723562493698,0.02936272356249381
Crypto Equal Weight,2023-01-12,0.025749110740923696,0.025749110740923786
Crypto Equal Weight,2023-01-13,0.03391595944645198,0.03391595944645198
Crypto Equal Weight,2023-01-14,0.034338832142037486,0.03433883214203748
Crypto Equal Weight,2023-01-15,-0.0026764894860901167,-0.0026764894860901167
Crypto Equal Weight,2023-01-16,-0.004590647914346924,-0.004590647914346935
Crypto Equal Weight,2023-01-17,-0.004905501990651051,-0.0049055019906510955
Crypto Equal Weight,2023-01-18,-0.042835744481502354,-0.0428357444815024
Crypto Equal Weight,2023-01-19,0.02374091325805703,0.02374091325805705
Crypto Equal Weight,2023-01-20,0.06451981663484793,0.06451981663484796
Crypto Equal Weight,2023-01-21,-0.009632871913905806,-0.009632871913905827
Crypto Equal Weight,2023-01-22,0.00994362955139263,0.009943629551392608
Crypto Equal Weight,2023-01-23,0.020945304673450772,0.020945304673450682
Crypto Equal Weight,2023-01-24,-0.041702126622754424,-0.04170212662275441
Crypto Equal Weight,2023-01-25,0.03070596164236805,0.030705961642368163
Crypto Equal Weight,2023-01-26,-0.0017370736202734992,-0.0017370736202735326
Crypto Equal Weight,2023-01-27,0.010663978155810239,0.010663978155810216
Crypto Equal Weight,2023-01-28,-0.008871756409081723,-0.008871756409081777
Crypto Equal Weight,2023-01-29,0.03185076197963703,0.0318507619796371
Crypto Equal Weight,2023-01-30,-0.04704284596112843,-0.0470428459611284
Crypto Equal Weight,2023-01-31,0.01970616656237656,0.01970616656237656
Crypto Equal Weight,2023-02-01,0.025797610005811867,0.025797610005811933
Crypto Equal Weight,2023-02-02,-0.004085517910096637,-0.004085517910096592
Crypto Equal Weight,2023-02-03,0.013795338410564273,0.01379533841056424
Crypto Equal Weight,2023-02-04,0.0008217074966740399,0.0008217074966740956
Crypto Equal Weight,2023-02-05,-0.021485676165057387,-0.021485676165057366
Crypto Equal Weight,2023-02-06,-0.017506770629490034,-0.01750677062949002
Crypto Equal Weight,2023-02-07,0.038691178326306426,0.03869117832630642
Crypto Equal Weight,2023-02-08,-0.015035624875278054,-0.015035624875278097
Crypto Equal Weight,2023-02-09,-0.05771134865422327,-0.05771134865422323
Crypto Equal Weight,2023-02-10,-0.0009264932442613171,-0.0009264932442613061
Crypto Equal Weight,2023-02-11,0.011119083825479525,0.011119083825479548
Crypto Equal Weight,2023-02-12,-0.014240155531741516,-0.014240155531741516
Crypto Equal Weight,2023-02-13,-0.0031842224978953057,-0.003184222497895295
Crypto Equal Weight,2023-02-14,0.029872183904632737,0.029872183904632754
Crypto Equal Weight,2023-02-15,0.06536374685986238,0.06536374685986246
Crypto Equal Weight,2023-02-16,-0.0437863949888458,-0.043786394988845845
Crypto Equal Weight,2023-02-17,0.04882788616562266,0.048827886165622614
Crypto Equal Weight,2023-02-18,0.007887810379065562,0.007887810379065607
Crypto Equal Weight,2023-02-19,-0.010708115017883579,-0.010708115017883602
Crypto Equal Weight,2023-02-20,0.025052763815127686,0.025052763815127665
Crypto Equal Weight,2023-02-21,-0.01918195592707385,-0.019181955927073835
Crypto Equal Weight,2023-02-22,-0.0074326139069554225,-0.0074326139069553765
Crypto Equal Weight,2023-02-23,-0.011735816425103697,-0.011735816425103685
Crypto Equal Weight,2023-02-24,-0.03497155614609792,-0.034971556146097926
Crypto Equal Weight,2023-02-25,-0.00247534121806664,-0.0024753412180666956
Crypto Equal Weight,2023-02-26,0.01773477469464306,0.01773477469464302
Crypto Equal Weight,2023-02-27,-0.004616748672202597,-0.004616748672202631
Crypto Equal Weight,2023-02-28,-0.012715198199124325,-0.012715198199124367
Crypto Equal Weight,2023-03-01,0.026136329455374235,0.026136329455374252
Crypto Equal Weight,2023-03-02,-0.010070787872863439,-0.010070787872863418
Crypto Equal Weight,2023-03-03,-0.022607444872867956,-0.02260744487286792
Crypto Equal Weight,2023-03-04,-0.018808995630489187,-0.01880899563048921
Crypto Equal Weight,2023-03-05,-0.001995698481330155,-0.001995698481330188
Crypto Equal Weight,2023-03-06,-0.00392180502006011,-0.003921805020060121
Crypto Equal Weight,2023-03-07,-0.008894546655637114,-0.008894546655637159
Crypto Equal Weight,2023-03-08,-0.02721030306671051,-0.02721030306671046
Crypto Equal Weight,2023-03-09,-0.06062363391736244,-0.060623633917362474
Crypto Equal Weight,2023-03-10,-0.004351473976778365,-0.004351473976778375
Crypto Equal Weight,2023-03-11,0.0018321938898936076,0.0018321938898935297
Crypto Equal Weight,2023-03-12,0.0674362877377666,0.06743628773776655
Crypto Equal Weight,2023-03-13,0.043876827588640886,0.043876827588640976
Crypto Equal Weight,2023-03-14,0.020163527323838592,0.020163527323838526
Crypto Equal Weight,2023-03-15,-0.05192990719788017,-0.051929907197880154
Crypto Equal Weight,2023-03-16,0.018210966972107202,0.018210966972107112
Crypto Equal Weight,2023-03-17,0.06565744021574993,0.06565744021574993
Crypto Equal Weight,2023-03-18,-0.022695728368747784,-0.02269572836874778
Crypto Equal Weight,2023-03-19,0.028497063352154364,0.028497063352154406
Crypto Equal Weight,2023-03-20,-0.03439950547262127,-0.03439950547262127
Crypto Equal Weight,2023-03-21,0.07619108897481006,0.07619108897481008
Crypto Equal Weight,2023-03-22,-0.049332456400027216,-0.04933245640002726
Crypto Equal Weight,2023-03-23,0.04653891872498438,0.04653891872498428
Crypto Equal Weight,2023-03-24,-0.027248347242557584,-0.027248347242557536
Crypto Equal Weight,2023-03-25,-0.0020463756958890474,-0.0020463756958890578
Crypto Equal Weight,2023-03-26,0.013712003864556753,0.013712003864556843
Crypto Equal Weight,2023-03-27,-0.019250616939979114,-0.019250616939979093
Crypto Equal Weight,2023-03-28,0.02988053761945489,0.02988053761945486
Crypto Equal Weight,2023-03-29,0.02862273797752435,0.02862273797752435
Crypto Equal Weight,2023-03-30,-0.00176075907499288,-0.001760759074992846
Crypto Equal Weight,2023-03-31,0.02249685501481828,0.02249685501481835
Crypto Equal Weight,2023-04-01,-0.004093416876705502,-0.004093416876705502
Crypto Equal Weight,2023-04-02,-0.007162079471210981,-0.007162079471210947
Crypto Equal Weight,2023-04-03,-0.0018588488543411661,-0.0018588488543411774
Crypto Equal Weight,2023-04-04,0.008769344303898264,0.008769344303898308
Crypto Equal Weight,2023-04-05,0.004589962586101925,0.004589962586101892
Crypto Equal Weight,2023-04-06,-0.008989619099706548,-0.008989619099706525
Crypto Equal Weight,2023-04-07,-0.0007157523707202245,-0.0007157523707201907
Crypto Equal Weight,2023-04-08,-0.007581287504680157,-0.007581287504680123
Crypto Equal Weight,2023-04-09,0.008575166111636202,0.008575166111636223
Crypto Equal Weight,2023-04-10,0.023579695263970035,0.02357969526396997
Crypto Equal Weight,2023-04-11,0.0038228605318978985,0.0038228605318979536
Crypto Equal Weight,2023-04-12,-0.0047451783135010975,-0.004745178313501075
Crypto Equal Weight,2023-04-13,0.023349721921274248,0.023349721921274158
Crypto Equal Weight,2023-04-14,0.015352888933841126,0.015352888933841236
Crypto Equal Weight,2023-04-15,-0.0004410469546381692,-0.0004410469546382023
Crypto Equal Weight,2023-04-16,0.007813593645352734,0.007813593645352723
Crypto Equal Weight,2023-04-17,-0.023954347127940978,-0.023954347127940978
Crypto Equal Weight,2023-04-18,0.02048926563833755,0.020489265638337528
Crypto Equal Weight,2023-04-19,-0.07030638123951992,-0.07030638123951993
Crypto Equal Weight,2023-04-20,-0.016593825169400268,-0.016593825169400223
Crypto Equal Weight,2023-04-21,-0.036250648570689395,-0.03625064857068938
Crypto Equal Weight,2023-04-22,0.027746816801226506,0.02774681680122648
Crypto Equal Weight,2023-04-23,-0.011357535930528784,-0.011357535930528795
Crypto Equal Weight,2023-04-24,-0.006202409007347477,-0.006202409007347476
Crypto Equal Weight,2023-04-25,0.016867220618823685,0.01686722061882362
Crypto Equal Weight,2023-04-26,-0.012759860883439278,-0.012759860883439278
Crypto Equal Weight,2023-04-27,0.014932648311098052,0.014932648311098085
Crypto Equal Weight,2023-04-28,0.003736322462608444,0.0037363224626083547
Crypto Equal Weight,2023-04-29,0.005886241885930077,0.00588624188593001
Crypto Equal Weight,2023-04-30,-0.013803832708956977,-0.01380383270895702
Crypto Equal Weight,2023-05-01,-0.017095930932513506,-0.017095930932513492
Crypto Equal Weight,2023-05-02,0.01303856664680343,0.013038566646803362
Crypto Equal Weight,2023-05-03,0.007033688642077719,0.007033688642077651
Crypto Equal Weight,2023-05-04,-0.010527365221955643,-0.010527365221955631
Crypto Equal Weight,2023-05-05,0.020691646115858102,0.020691646115858164
Crypto Equal Weight,2023-05-06,-0.029721123498456306,-0.029721123498456348
Crypto Equal Weight,2023-05-07,-0.011481109989431838,-0.011481109989431859
Crypto Equal Weight,2023-05-08,-0.03585792627868483,-0.03585792627868478
Crypto Equal Weight,2023-05-09,0.016064871833109975,0.016064871833110006
Crypto Equal Weight,2023-05-10,-0.0016382682780426987,-0.0016382682780426983
Crypto Equal Weight,2023-05-11,-0.02088555232312441,-0.02088555232312439
Crypto Equal Weight,2023-05-12,0.006633145413243956,0.0066331454132440015
Crypto Equal Weight,2023-05-13,-0.006690148368844429,-0.006690148368844406
Crypto Equal Weight,2023-05-14,0.009488724033330365,0.009488724033330342
Crypto Equal Weight,2023-05-15,0.008324650956111014,0.008324650956111013
Crypto Equal Weight,2023-05-16,0.008422101567971952,0.008422101567971962
Crypto Equal Weight,2023-05-17,0.014914573072979954,0.014914573072980053
Crypto Equal Weight,2023-05-18,-0.011625633084243761,-0.011625633084243803
Crypto Equal Weight,2023-05-19,0.003288349523594647,0.0032883495235946913
Crypto Equal Weight,2023-05-20,0.0049119396708774635,0.004911939670877441
Crypto Equal Weight,2023-05-21,-0.010665021585102118,-0.010665021585102075
Crypto Equal Weight,2023-05-22,0.00852947908232017,0.008529479082320268
Crypto Equal Weight,2023-05-23,0.008546689643816751,0.008546689643816663
Crypto Equal Weight,2023-05-24,-0.029311627575694967,-0.029311627575694943
Crypto Equal Weight,2023-05-25,0.0006137923240644661,0.0006137923240645549
Crypto Equal Weight,2023-05-26,0.013862260516455062,0.013862260516455116
Crypto Equal Weight,2023-05-27,0.008685536718812826,0.00868553671881278
Crypto Equal Weight,2023-05-28,0.027256993493929824,0.027256993493929738
Crypto Equal Weight,2023-05-29,-0.006321640644553051,-0.006321640644553095
Crypto Equal Weight,2023-05-30,0.009550061586042526,0.009550061586042435
Crypto Equal Weight,2023-05-31,-0.010968334133005764,-0.010968334133005797
Crypto Equal Weight,2023-06-01,-0.0070050480359822205,-0.007005048035982231
Crypto Equal Weight,2023-06-02,0.030470134154125517,0.030470134154125583
Crypto Equal Weight,2023-06-03,-0.0032645391579624763,-0.0032645391579624317
Crypto Equal Weight,2023-06-04,0.0019090477931811847,0.001909047793181129
Crypto Equal Weight,2023-06-05,-0.05556741970590499,-0.05556741970590495
Crypto Equal Weight,2023-06-06,0.03446928333226702,0.034469283332267064
Crypto Equal Weight,2023-06-07,-0.033975661274086084,-0.03397566127408613
Crypto Equal Weight,2023-06-08,0.007310911144695709,0.00731091114469562
Crypto Equal Weight,2023-06-09,-0.011508540340358876,-0.011508540340358864
Crypto Equal Weight,2023-06-10,-0.08270980281888682,-0.08270980281888685
Crypto Equal Weight,2023-06-11,0.0016502033140609273,0.0016502033140608496
Crypto Equal Weight,2023-06-12,0.00048789843885728174,0.00048789843885721496
Crypto Equal Weight,2023-06-13,0.0022993820597000175,0.002299382059699928
Crypto Equal Weight,2023-06-14,-0.0431723460804432,-0.04317234608044318
Crypto Equal Weight,2023-06-15,0.0057891036915591046,0.005789103691559161
Crypto Equal Weight,2023-06-16,0.011168012818247086,0.011168012818246975
Crypto Equal Weight,2023-06-17,0.00953205851289305,0.009532058512893071
Crypto Equal Weight,2023-06-18,-0.005460914609440515,-0.005460914609440537
Crypto Equal Weight,2023-06-19,0.006550246328475962,0.006550246328475895
Crypto Equal Weight,2023-06-20,0.027151896154307277,0.027151896154307353
Crypto Equal Weight,2023-06-21,0.06914386829461867,0.0691438682946186
Crypto Equal Weight,2023-06-22,-0.0036441032838237077,-0.0036441032838236964
Crypto Equal Weight,2023-06-23,0.0747016117794201,0.07470161177942014
Crypto Equal Weight,2023-06-24,0.011652634564868595,0.011652634564868647
Crypto Equal Weight,2023-06-25,-0.010868836642279276,-0.010868836642279223
Crypto Equal Weight,2023-06-26,0.005978334015964882,0.005978334015964926
Crypto Equal Weight,2023-06-27,0.02263140143154352,0.02263140143154363
Crypto Equal Weight,2023-06-28,-0.03996466241134235,-0.03996466241134233
Crypto Equal Weight,2023-06-29,0.029699728716752083,0.029699728716752194
Crypto Equal Weight,2023-06-30,0.09404904955033085,0.09404904955033078
Crypto Equal Weight,2023-07-01,-0.0018449409424392102,-0.0018449409424392549
Crypto Equal Weight,2023-07-02,0.005238620849933817,0.005238620849933762
Crypto Equal Weight,2023-07-03,-0.005122109370999129,-0.005122109370999106
Crypto Equal Weight,2023-07-04,-0.01944257981250476,-0.019442579812504746
Crypto Equal Weight,2023-07-05,-0.015160100684215774,-0.015160100684215805
Crypto Equal Weight,2023-07-06,-0.025132335253464935,-0.02513233525346492
Crypto Equal Weight,2023-07-07,0.01796298117539279,0.017962981175392745
Crypto Equal Weight,2023-07-08,0.001531650931283768,0.0015316509312837123
Crypto Equal Weight,2023-07-09,-0.013726282828247383,-0.013726282828247394
Crypto Equal Weight,2023-07-10,0.01268697689227245,0.012686976892272384
Crypto Equal Weight,2023-07-11,0.00029969873734785323,0.00029969873734780883
Crypto Equal Weight,2023-07-12,-0.004325411937046786,-0.00432541193704683
Crypto Equal Weight,2023-07-13,0.1954993284896968,0.19549932848969687
Crypto Equal Weight,2023-07-14,-0.06154752460039318,-0.061547524600393144
Crypto Equal Weight,2023-07-15,-0.01001040605553859,-0.010010406055538601
Crypto Equal Weight,2023-07-16,-0.0053807677283610475,-0.005380767728361047
Crypto Equal Weight,2023-07-17,-0.004097995284557188,-0.004097995284557232
Crypto Equal Weight,2023-07-18,0.0006437713452430377,0.0006437713452429605
Crypto Equal Weight,2023-07-19,0.029475186809692955,0.029475186809692966
Crypto Equal Weight,2023-07-20,-0.00025280173185267,-0.00025280173185271426
Crypto Equal Weight,2023-07-21,-0.0015039225025845096,-0.001503922502584465
Crypto Equal Weight,2023-07-22,-0.012805089144875936,-0.01280508914487588
Crypto Equal Weight,2023-07-23,0.013126348690180534,0.013126348690180478
Crypto Equal Weight,2023-07-24,-0.039110888204281935,-0.03911088820428188
Crypto Equal Weight,2023-07-25,0.0004515707248740953,0.0004515707248740064
Crypto Equal Weight,2023-07-26,0.01536213004313094,0.015362130043131028
Crypto Equal Weight,2023-07-27,0.0022443134630713455,0.0022443134630714123
Crypto Equal Weight,2023-07-28,0.007462819176447866,0.007462819176447866
Crypto Equal Weight,2023-07-29,0.003363640436718896,0.0033636404367189954
Crypto Equal Weight,2023-07-30,-0.0018887354070578285,-0.0018887354070578066
Crypto Equal Weight,2023-07-31,-0.01723273511035757,-0.01723273511035761
Crypto Equal Weight,2023-08-01,0.008097901202082248,0.008097901202082314
Crypto Equal Weight,2023-08-02,-0.03714694707929564,-0.03714694707929567
Crypto Equal Weight,2023-08-03,-0.01737553628357058,-0.01737553628357058
Crypto Equal Weight,2023-08-04,-0.007302872222976842,-0.007302872222976875
Crypto Equal Weight,2023-08-05,0.004349784985149952,0.004349784985149929
Crypto Equal Weight,2023-08-06,-0.005434122335717784,-0.005434122335717828
Crypto Equal Weight,2023-08-07,0.007016310190832321,0.0070163101908322645
Crypto Equal Weight,2023-08-08,0.014720931908673896,0.014720931908673851
Crypto Equal Weight,2023-08-09,-0.002395454912777484,-0.002395454912777484
Crypto Equal Weight,2023-08-10,-0.010313452290058634,-0.010313452290058645
Crypto Equal Weight,2023-08-11,-0.0025053540918613675,-0.002505354091861367
Crypto Equal Weight,2023-08-12,-3.937036608947508e-06,-3.937036608947508e-06
Crypto Equal Weight,2023-08-13,-0.006202337709924488,-0.00620233770992451
Crypto Equal Weight,2023-08-14,0.001951599250878311,0.0019515992508782887
Crypto Equal Weight,2023-08-15,-0.028483106955607816,-0.02848310695560785
Crypto Equal Weight,2023-08-16,-0.03890073461971866,-0.03890073461971866
Crypto Equal Weight,2023-08-17,-0.08842940887497387,-0.08842940887497386
Crypto Equal Weight,2023-08-18,0.006166164594595425,0.0061661645945954024
Crypto Equal Weight,2023-08-19,0.01446029421699644,0.014460294216996461
Crypto Equal Weight,2023-08-20,0.016883672615801638,0.016883672615801704
Crypto Equal Weight,2023-08-21,-0.009879608817271868,-0.009879608817271901
Crypto Equal Weight,2023-08-22,-0.014368192690346893,-0.014368192690346948
Crypto Equal Weight,2023-08-23,0.03150211746919023,0.031502117469190294
Crypto Equal Weight,2023-08-24,-0.012132670149970026,-0.012132670149969993
Crypto Equal Weight,2023-08-25,-0.0010979540234162925,-0.001097954023416281
Crypto Equal Weight,2023-08-26,-0.00558602193954032,-0.0055860219395402755
Crypto Equal Weight,2023-08-27,0.009236659750104226,0.009236659750104126
Crypto Equal Weight,2023-08-28,-0.005905699793415332,-0.005905699793415375
Crypto Equal Weight,2023-08-29,0.055070350603778455,0.055070350603778406
Crypto Equal Weight,2023-08-30,-0.022248078588893397,-0.02224807858889344
Crypto Equal Weight,2023-08-31,-0.03801269052597048,-0.03801269052597045
Crypto Equal Weight,2023-09-01,-0.012928701106311181,-0.012928701106311169
Crypto Equal Weight,2023-09-02,0.002151171943819353,0.002151171943819419
Crypto Equal Weight,2023-09-03,0.006164628955449203,0.006164628955449114
Crypto Equal Weight,2023-09-04,0.0031609911132003286,0.003160991113200229
Crypto Equal Weight,2023-09-05,-0.001604615569630974,-0.001604615569630985
Crypto Equal Weight,2023-09-06,0.0014576500461318865,0.0014576500461318531
Crypto Equal Weight,2023-09-07,0.007585107840102846,0.0075851078401028005
Crypto Equal Weight,2023-09-08,-0.00505856760002702,-0.005058567600026986
Crypto Equal Weight,2023-09-09,0.0036530195165871745,0.0036530195165871415
Crypto Equal Weight,2023-09-10,-0.01358203824648161,-0.013582038246481631
Crypto Equal Weight,2023-09-11,-0.033173901462008853,-0.033173901462008826
Crypto Equal Weight,2023-09-12,0.02023627737002509,0.02023627737002509
Crypto Equal Weight,2023-09-13,0.010910137712222902,0.010910137712222934
Crypto Equal Weight,2023-09-14,0.015075647116377934,0.015075647116377988
Crypto Equal Weight,2023-09-15,0.017594204754288658,0.017594204754288745
Crypto Equal Weight,2023-09-16,-0.0038962074747921236,-0.003896207474792135
Crypto Equal Weight,2023-09-17,-0.01639326751851299,-0.016393267518513
Crypto Equal Weight,2023-09-18,0.01968908084512331,0.01968908084512333
Crypto Equal Weight,2023-09-19,0.011995626949226115,0.011995626949226068
Crypto Equal Weight,2023-09-20,-0.010665434056974475,-0.01066543405697451
Crypto Equal Weight,2023-09-21,-0.01980039929133833,-0.019800399291338366
Crypto Equal Weight,2023-09-22,0.0012225372952483827,0.0012225372952483493
Crypto Equal Weight,2023-09-23,0.0025781426251764274,0.002578142625176527
Crypto Equal Weight,2023-09-24,-0.013020335411775552,-0.013020335411775497
Crypto Equal Weight,2023-09-25,0.00871039004850741,0.008710390048507488
Crypto Equal Weight,2023-09-26,-0.003099137163124954,-0.003099137163124932
Crypto Equal Weight,2023-09-27,0.009322785106952891,0.009322785106952836
Crypto Equal Weight,2023-09-28,0.02507332442056951,0.02507332442056942
Crypto Equal Weight,2023-09-29,0.005434094670924462,0.005434094670924372
Crypto Equal Weight,2023-09-30,0.004049637744505442,0.004049637744505397
Crypto Equal Weight,2023-10-01,0.02950824562609182,0.029508245626091778
Crypto Equal Weight,2023-10-02,-0.02263630601154587,-0.02263630601154587
Crypto Equal Weight,2023-10-03,0.00018829581268208287,0.00018829581268198226
Crypto Equal Weight,2023-10-04,-0.006274930158273262,-0.006274930158273295
Crypto Equal Weight,2023-10-05,-0.011059632702356848,-0.01105963270235688
Crypto Equal Weight,2023-10-06,0.009812111022711312,0.0098121110227114
Crypto Equal Weight,2023-10-07,-0.004232898693495946,-0.004232898693495968
Crypto Equal Weight,2023-10-08,-0.004816313761426894,-0.0048163137614268825
Crypto Equal Weight,2023-10-09,-0.03092759364739514,-0.03092759364739517
Crypto Equal Weight,2023-10-10,-0.0074236072208691,-0.0074236072208690995
Crypto Equal Weight,2023-10-11,-0.008962957009541505,-0.008962957009541528
Crypto Equal Weight,2023-10-12,-0.008336279694453464,-0.008336279694453497
Crypto Equal Weight,2023-10-13,0.00703169466928315,0.007031694669283217
Crypto Equal Weight,2023-10-14,0.0015492963973016472,0.0015492963973016138
Crypto Equal Weight,2023-10-15,0.006085723990029368,0.006085723990029379
Crypto Equal Weight,2023-10-16,0.029826719180017006,0.029826719180017003
Crypto Equal Weight,2023-10-17,-0.018865643579989568,-0.018865643579989544
Crypto Equal Weight,2023-10-18,-0.006922478049449166,-0.006922478049449121
Crypto Equal Weight,2023-10-19,0.017096205176686596,0.01709620517668653
Crypto Equal Weight,2023-10-20,0.02151512776330269,0.021515127763302777
Crypto Equal Weight,2023-10-21,0.018699108965846388,0.018699108965846367
Crypto Equal Weight,2023-10-22,0.00468562831336562,0.0046856283133656085
Crypto Equal Weight,2023-10-23,0.057254370553528625,0.057254370553528666
Crypto Equal Weight,2023-10-24,-5.517032091718671e-05,-5.5170320917175e-05
Crypto Equal Weight,2023-10-25,0.003641279162773314,0.0036412791627733476
Crypto Equal Weight,2023-10-26,-0.0004957256077606444,-0.0004957256077606775
Crypto Equal Weight,2023-10-27,-0.01083655687974755,-0.010836556879747494
Crypto Equal Weight,2023-10-28,0.012065201809833436,0.012065201809833503
Crypto Equal Weight,2023-10-29,0.012478492769189997,0.012478492769190108
Crypto Equal Weight,2023-10-30,0.012115615043815276,0.012115615043815309
Crypto Equal Weight,2023-10-31,0.009585151462079566,0.0095851514620795
Crypto Equal Weight,2023-11-01,0.020423321832506593,0.020423321832506502
Crypto Equal Weight,2023-11-02,-0.010673215464948316,-0.01067321546494826
Crypto Equal Weight,2023-11-03,0.005687092970192598,0.005687092970192653
Crypto Equal Weight,2023-11-04,0.00926673148983166,0.009266731489831592
Crypto Equal Weight,2023-11-05,0.022180669055755532,0.022180669055755553
Crypto Equal Weight,2023-11-06,0.029873216562228896,0.029873216562228855
Crypto Equal Weight,2023-11-07,-0.015245608939161114,-0.01524560893916116
Crypto Equal Weight,2023-11-08,0.009123363828995878,0.009123363828995812
Crypto Equal Weight,2023-11-09,0.018942521337077956,0.018942521337077967
Crypto Equal Weight,2023-11-10,0.01611912776409111,0.01611912776409108
Crypto Equal Weight,2023-11-11,0.00038478683348709415,0.000384786833487194
Crypto Equal Weight,2023-11-12,-0.0006957615929076177,-0.0006957615929076288
Crypto Equal Weight,2023-11-13,-0.015109750322123416,-0.015109750322123361
Crypto Equal Weight,2023-11-14,-0.03211101876751308,-0.0321110187675131
Crypto Equal Weight,2023-11-15,0.04185776999454001,0.04185776999453994
Crypto Equal Weight,2023-11-16,-0.0333948653714404,-0.03339486537144043
Crypto Equal Weight,2023-11-17,-0.001351106118128609,-0.0013511061181286088
Crypto Equal Weight,2023-11-18,0.0010200089476241625,0.001020008947624218
Crypto Equal Weight,2023-11-19,0.01752721150821428,0.017527211508214346
Crypto Equal Weight,2023-11-20,-0.012497110479452678,-0.012497110479452678
Crypto Equal Weight,2023-11-21,-0.05277398882146188,-0.05277398882146189
Crypto Equal Weight,2023-11-22,0.04727342608349422,0.04727342608349416
Crypto Equal Weight,2023-11-23,0.003197785503091077,0.003197785503091133
Crypto Equal Weight,2023-11-24,0.010683066717420787,0.010683066717420697
Crypto Equal Weight,2023-11-25,0.014944736662485992,0.014944736662485969
Crypto Equal Weight,2023-11-26,-0.010789537345764112,-0.010789537345764155
Crypto Equal Weight,2023-11-27,-0.024229064196371886,-0.02422906419637183
Crypto Equal Weight,2023-11-28,0.01087535974875631,0.010875359748756308
Crypto Equal Weight,2023-11-29,-0.00156338881621233,-0.0015633888162123188
Crypto Equal Weight,2023-11-30,-0.003735138334125721,-0.003735138334125754
Crypto Equal Weight,2023-12-01,0.01645782673107902,0.016457826731079095
Crypto Equal Weight,2023-12-02,0.01966302971088343,0.019663029710883517
Crypto Equal Weight,2023-12-03,0.004459218640063989,0.004459218640064044
Crypto Equal Weight,2023-12-04,0.02434106799439686,0.024341067994396948
Crypto Equal Weight,2023-12-05,0.018389489538105593,0.018389489538105597
Crypto Equal Weight,2023-12-06,0.001323715687506553,0.0013237156875065548
Crypto Equal Weight,2023-12-07,0.02423427798230167,0.02423427798230171
Crypto Equal Weight,2023-12-08,0.04694566876400497,0.04694566876400508
Crypto Equal Weight,2023-12-09,0.006388985528143444,0.006388985528143376
Crypto Equal Weight,2023-12-10,0.0019439946326410106,0.001943994632640944
Crypto Equal Weight,2023-12-11,-0.06588507928304639,-0.06588507928304643
Crypto Equal Weight,2023-12-12,0.006350064513168773,0.006350064513168663
Crypto Equal Weight,2023-12-13,0.03016846894188363,0.03016846894188374
Crypto Equal Weight,2023-12-14,0.0058804058603049054,0.005880405860304805
Crypto Equal Weight,2023-12-15,-0.04007389396266611,-0.04007389396266614
Crypto Equal Weight,2023-12-16,0.01889895317922652,0.01889895317922652
Crypto Equal Weight,2023-12-17,-0.01908536977025386,-0.01908536977025388
Crypto Equal Weight,2023-12-18,0.0026682168001951447,0.0026682168001952444
Crypto Equal Weight,2023-12-19,-0.013889862746785242,-0.013889862746785275
Crypto Equal Weight,2023-12-20,0.01919465039816033,0.019194650398160373
Crypto Equal Weight,2023-12-21,0.028038946398433566,0.02803894639843363
Crypto Equal Weight,2023-12-22,0.017659209009807143,0.01765920900980711
Crypto Equal Weight,2023-12-23,-0.009033084431587101,-0.009033084431587124
Crypto Equal Weight,2023-12-24,-0.017737058550317875,-0.01773705855031782
Crypto Equal Weight,2023-12-25,0.03047235648036244,0.030472356480362395
Crypto Equal Weight,2023-12-26,-0.022479580266228292,-0.022479580266228316
Crypto Equal Weight,2023-12-27,0.05254635573080771,0.05254635573080768
Crypto Equal Weight,2023-12-28,-0.00840828058475297,-0.008408280584752958
Crypto Equal Weight,2023-12-29,-0.018570001800694725,-0.01857000180069468
Crypto Equal Weight,2023-12-30,0.00732226086147536,0.00732226086147536
Crypto Equal Weight,2023-12-31,-0.011748167139113263,-0.011748167139113308
Crypto Minimum Variance,2023-01-01,0.004803600131163597,0.0048036001311635435
Crypto Minimum Variance,2023-01-02,0.004039943245135385,0.004039943245135458
Crypto Minimum Variance,2023-01-03,-0.0010371250648542403,-0.0010371250648542052
Crypto Minimum Variance,2023-01-04,0.00974599073343688,0.00974599073343696
Crypto Minimum Variance,2023-01-05,-0.003321525230140381,-0.0033215252301403986
Crypto Minimum Variance,2023-01-06,0.004063899301810489,0.004063899301810503
Crypto Minimum Variance,2023-01-07,-0.0007142885192434492,-0.0007142885192434889
Crypto Minimum Variance,2023-01-08,0.010601994428410439,0.010601994428410366
Crypto Minimum Variance,2023-01-09,0.007033203657664324,0.007033203657664355
Crypto Minimum Variance,2023-01-10,0.013388119414178444,0.013388119414178501
Crypto Minimum Variance,2023-01-11,0.02830748777253215,0.028307487772532225
Crypto Minimum Variance,2023-01-12,0.048124060742084675,0.04812406074208475
Crypto Minimum Variance,2023-01-13,0.05469278269202596,0.05469278269202604
Crypto Minimum Variance,2023-01-14,0.05138891562179076,0.05138891562179082
Crypto Minimum Variance,2023-01-15,-0.0033541543834211835,-0.0033541543834212373
Crypto Minimum Variance,2023-01-16,0.012602867956620918,0.012602867956621022
Crypto Minimum Variance,2023-01-17,-0.001442505578503337,-0.0014425055785033392
Crypto Minimum Variance,2023-01-18,-0.024456866136571713,-0.02445686613657172
Crypto Minimum Variance,2023-01-19,0.019262598627248335,0.01926259862724833
Crypto Minimum Variance,2023-01-20,0.07238937043766071,0.0723893704376608
Crypto Minimum Variance,2023-01-21,0.0023228987667696954,0.00232289876676961
Crypto Minimum Variance,2023-01-22,-0.002350893644023832,-0.002350893644023855
Crypto Minimum Variance,2023-01-23,0.01030712931362494,0.010307129313624985
Crypto Minimum Variance,2023-01-24,-0.015782348616392453,-0.015782348616392494
Crypto Minimum Variance,2023-01-25,0.02184387717985747,0.021843877179857474
Crypto Minimum Variance,2023-01-26,-0.003497018516315222,-0.003497018516315231
Crypto Minimum Variance,2023-01-27,0.004716726134310638,0.004716726134310623
Crypto Minimum Variance,2023-01-28,-0.0026128413531756184,-0.0026128413531756323
Crypto Minimum Variance,2023-01-29,0.030224377707599198,0.030224377707599226
Crypto Minimum Variance,2023-01-30,-0.03783987468518426,-0.03783987468518424
Crypto Minimum Variance,2023-01-31,0.01178157872669896,0.011781578726699049
Crypto Minimum Variance,2023-02-01,0.024293964888093482,0.02429237064372547
Crypto Minimum Variance,2023-02-02,-0.008650459260126449,-0.00865045926012642
Crypto Minimum Variance,2023-02-03,-0.0002961126444854319,-0.00029611264448548
Crypto Minimum Variance,2023-02-04,-0.004973363987059738,-0.00497336398705972
Crypto Minimum Variance,2023-02-05,-0.014094752973271216,-0.01409475297327123
Crypto Minimum Variance,2023-02-06,-0.009059226133898694,-0.009059226133898646
Crypto Minimum Variance,2023-02-07,0.02402601258442401,0.02402601258442405
Crypto Minimum Variance,2023-02-08,-0.010885600920047301,-0.010885600920047311
Crypto Minimum Variance,2023-02-09,-0.050331366924029605,-0.05033136692402962
Crypto Minimum Variance,2023-02-10,-0.0057847605838339195,-0.0057847605838339256
Crypto Minimum Variance,2023-02-11,0.009892456515291154,0.009892456515291137
Crypto Minimum Variance,2023-02-12,-0.0033503425380982275,-0.0033503425380981833
Crypto Minimum Variance,2023-02-13,0.00359303671227017,0.00359303671227007
Crypto Minimum Variance,2023-02-14,0.018778307486827076,0.018778307486827073
Crypto Minimum Variance,2023-02-15,0.0906241002686844,0.0906241002686845
Crypto Minimum Variance,2023-02-16,-0.03091031012204121,-0.030910310122041262
Crypto Minimum Variance,2023-02-17,0.04124286272460334,0.04124286272460331
Crypto Minimum Variance,2023-02-18,0.0023170786887102245,0.002317078688710117
Crypto Minimum Variance,2023-02-19,-0.011097352158664368,-0.011097352158664364
Crypto Minimum Variance,2023-02-20,0.020762976157661667,0.02076297615766176
Crypto Minimum Variance,2023-02-21,-0.01768201608059642,-0.017682016080596386
Crypto Minimum Variance,2023-02-22,-0.009159990707550617,-0.00915999070755058
Crypto Minimum Variance,2023-02-23,-0.008745276588279626,-0.008745276588279616
Crypto Minimum Variance,2023-02-24,-0.030663710726454373,-0.030663710726454352
Crypto Minimum Variance,2023-02-25,-0.0009089681996100527,-0.0009089681996100607
Crypto Minimum Variance,2023-02-26,0.01746176250172005,0.017461762501720157
Crypto Minimum Variance,2023-02-27,-0.001631481303859676,-0.0016314813038597054
Crypto Minimum Variance,2023-02-28,-0.014920109468466343,-0.014920109468466336
Crypto Minimum Variance,2023-03-01,0.02065358898536073,0.020653077701722644
Crypto Minimum Variance,2023-03-02,-0.006830999199920846,-0.006830999199920806
Crypto Minimum Variance,2023-03-03,-0.04622403310086625,-0.0462240331008662
Crypto Minimum Variance,2023-03-04,-0.0010917711855739963,-0.0010917711855740198
Crypto Minimum Variance,2023-03-05,0.004172538383752962,0.004172538383752977
Crypto Minimum Variance,2023-03-06,-1.2044541125875047e-05,-1.204454112591069e-05
Crypto Minimum Variance,2023-03-07,-0.010124416952676404,-0.010124416952676407
Crypto Minimum Variance,2023-03-08,-0.021824258505045286,-0.021824258505045324
Crypto Minimum Variance,2023-03-09,-0.06663488069821298,-0.066634880698213
Crypto Minimum Variance,2023-03-10,-0.009560436071394566,-0.009560436071394562
Crypto Minimum Variance,2023-03-11,0.02309128235780067,0.02309128235780067
Crypto Minimum Variance,2023-03-12,0.0760051441310192,0.07600514413101922
Crypto Minimum Variance,2023-03-13,0.08638388668356758,0.08638388668356756
Crypto Minimum Variance,2023-03-14,0.02024051864996196,0.020240518649961903
Crypto Minimum Variance,2023-03-15,-0.01618828743765272,-0.01618828743765277
Crypto Minimum Variance,2023-03-16,0.025035826960510262,0.02503582696051021
Crypto Minimum Variance,2023-03-17,0.08881781967324885,0.08881781967324875
Crypto Minimum Variance,2023-03-18,-0.01787713497237041,-0.017877134972370423
Crypto Minimum Variance,2023-03-19,0.03712367620968377,0.03712367620968382
Crypto Minimum Variance,2023-03-20,-0.011216491081476997,-0.011216491081477042
Crypto Minimum Variance,2023-03-21,0.016448433984704712,0.016448433984704636
Crypto Minimum Variance,2023-03-22,-0.038721231887398296,-0.03872123188739829
Crypto Minimum Variance,2023-03-23,0.04290223951908204,0.04290223951908212
Crypto Minimum Variance,2023-03-24,-0.02948990053546091,-0.029489900535460967
Crypto Minimum Variance,2023-03-25,0.0004937878926776098,0.0004937878926776218
Crypto Minimum Variance,2023-03-26,0.017113998803149056,0.01711399880314901
Crypto Minimum Variance,2023-03-27,-0.028432270153245662,-0.028432270153245676
Crypto Minimum Variance,2023-03-28,0.005258563979040302,0.005258563979040343
Crypto Minimum Variance,2023-03-29,0.035801535139936114,0.035801535139936114
Crypto Minimum Variance,2023-03-30,-0.009227138662003432,-0.00922713866200342
Crypto Minimum Variance,2023-03-31,0.015507092994078505,0.015507092994078597
Crypto Minimum Variance,2023-04-01,-0.00018836695682332883,-0.00018946606392200582
Crypto Minimum Variance,2023-04-02,-0.009050844011158599,-0.009050844011158632
Crypto Minimum Variance,2023-04-03,-0.01229290659110172,-0.012292906591101715
Crypto Minimum Variance,2023-04-04,0.012223832663006882,0.012223832663006862
Crypto Minimum Variance,2023-04-05,0.0008280623788019644,0.0008280623788019525
Crypto Minimum Variance,2023-04-06,-0.004275314111037231,-0.0042753141110372095
Crypto Minimum Variance,2023-04-07,-0.0037574259127152857,-0.0037574259127153287
Crypto Minimum Variance,2023-04-08,0.0007667963089440376,0.00076679630894394
Crypto Minimum Variance,2023-04-09,0.013138503767716771,0.013138503767716747
Crypto Minimum Variance,2023-04-10,0.04282481741196268,0.04282481741196276
Crypto Minimum Variance,2023-04-11,0.016206781614949484,0.016206781614949595
Crypto Minimum Variance,2023-04-12,-0.005038121822986006,-0.005038121822986019
Crypto Minimum Variance,2023-04-13,0.008184453533044474,0.008184453533044422
Crypto Minimum Variance,2023-04-14,0.004059436441496725,0.004059436441496755
Crypto Minimum Variance,2023-04-15,-0.005318352105678011,-0.0053183521056779925
Crypto Minimum Variance,2023-04-16,0.0007716245954044874,0.0007716245954045853
Crypto Minimum Variance,2023-04-17,-0.0269307214097565,-0.026930721409756497
Crypto Minimum Variance,2023-04-18,0.030538393197701748,0.030538393197701685
Crypto Minimum Variance,2023-04-19,-0.04786039834657487,-0.04786039834657485
Crypto Minimum Variance,2023-04-20,-0.018622003062662446,-0.018622003062662484
Crypto Minimum Variance,2023-04-21,-0.03140802755516464,-0.0314080275551647
Crypto Minimum Variance,2023-04-22,0.019477296385096574,0.019477296385096654
Crypto Minimum Variance,2023-04-23,-0.006343360906927465,-0.006343360906927442
Crypto Minimum Variance,2023-04-24,-0.002979777699770549,-0.002979777699770536
Crypto Minimum Variance,2023-04-25,0.025042972709545943,0.02504297270954603
Crypto Minimum Variance,2023-04-26,0.002575999074191976,0.002575999074192037
Crypto Minimum Variance,2023-04-27,0.03412177137338597,0.0341217713733859
Crypto Minimum Variance,2023-04-28,-0.0026195133194433784,-0.002619513319443323
Crypto Minimum Variance,2023-04-29,-0.0007953812207291324,-0.0007953812207290856
Crypto Minimum Variance,2023-04-30,-0.00038377812693573567,-0.00038377812693568547
Crypto Minimum Variance,2023-05-01,-0.034014659138302164,-0.034016816761861635
Crypto Minimum Variance,2023-05-02,0.019871317236390372,0.019871317236390462
Crypto Minimum Variance,2023-05-03,0.010130123960931136,0.010130123960931048
Crypto Minimum Variance,2023-05-04,-0.004551058149631942,-0.00455105814963197
Crypto Minimum Variance,2023-05-05,0.023641282034686312,0.023641282034686295
Crypto Minimum Variance,2023-05-06,-0.020048132143800478,-0.020048132143800523
Crypto Minimum Variance,2023-05-07,-0.015388695844674633,-0.015388695844674616
Crypto Minimum Variance,2023-05-08,-0.025252572641751087,-0.02525257264175107
Crypto Minimum Variance,2023-05-09,-0.00013004154798883257,-0.00013004154798879064
Crypto Minimum Variance,2023-05-10,-0.0006825485342516133,-0.000682548534251648
Crypto Minimum Variance,2023-05-11,-0.02270305712101408,-0.02270305712101406
Crypto Minimum Variance,2023-05-12,-0.004249040565884539,-0.004249040565884488
Crypto Minimum Variance,2023-05-13,-0.00025190268108434287,-0.0002519026810843261
Crypto Minimum Variance,2023-05-14,0.004913557460151542,0.004913557460151541
Crypto Minimum Variance,2023-05-15,0.009988593631736698,0.009988593631736764
Crypto Minimum Variance,2023-05-16,-0.004631074045509311,-0.004631074045509331
Crypto Minimum Variance,2023-05-17,0.012702700241530989,0.012702700241530973
Crypto Minimum Variance,2023-05-18,-0.019625469031186657,-0.01962546903118667
Crypto Minimum Variance,2023-05-19,0.0025387180577211214,0.002538718057721212
Crypto Minimum Variance,2023-05-20,0.010961671099889915,0.01096167109988988
Crypto Minimum Variance,2023-05-21,-0.008675994658490886,-0.008675994658490893
Crypto Minimum Variance,2023-05-22,0.00762592907071653,0.007625929070716575
Crypto Minimum Variance,2023-05-23,0.012871486732075367,0.012871486732075388
Crypto Minimum Variance,2023-05-24,-0.0313671215462029,-0.031367121546202914
Crypto Minimum Variance,2023-05-25,0.0046695421493811165,0.004669542149381201
Crypto Minimum Variance,2023-05-26,0.006327599857621643,0.006327599857621546
Crypto Minimum Variance,2023-05-27,0.007408778533866561,0.007408778533866567
Crypto Minimum Variance,2023-05-28,0.040774401401689586,0.04077440140168953
Crypto Minimum Variance,2023-05-29,-0.01258701674199092,-0.01258701674199092
Crypto Minimum Variance,2023-05-30,-0.0010563434547210245,-0.0010563434547210537
Crypto Minimum Variance,2023-05-31,-0.017125544812588055,-0.0171255448125881
Crypto Minimum Variance,2023-06-01,-0.013803337754209326,-0.013804868800085246
Crypto Minimum Variance,2023-06-02,0.026099457373154764,0.026099457373154777
Crypto Minimum Variance,2023-06-03,-0.0069262726060387945,-0.006926272606038841
Crypto Minimum Variance,2023-06-04,0.0009590449302527925,0.0009590449302527837
Crypto Minimum Variance,2023-06-05,-0.04881286605104991,-0.04881286605104995
Crypto Minimum Variance,2023-06-06,0.05086316371068797,0.050863163710688
Crypto Minimum Variance,2023-06-07,-0.0312546905866818,-0.031254690586681844
Crypto Minimum Variance,2023-06-08,0.006564845581857334,0.006564845581857437
Crypto Minimum Variance,2023-06-09,-0.00883607375310247,-0.008836073753102469
Crypto Minimum Variance,2023-06-10,-0.02479709845254621,-0.024797098452546185
Crypto Minimum Variance,2023-06-11,0.003977342388303636,0.003977342388303606
Crypto Minimum Variance,2023-06-12,6.471800576281933e-05,6.471800576290931e-05
Crypto Minimum Variance,2023-06-13,0.0019429567185997687,0.0019429567185997865
Crypto Minimum Variance,2023-06-14,-0.028705890546671553,-0.028705890546671498
Crypto Minimum Variance,2023-06-15,0.015959263416640015,0.015959263416640113
Crypto Minimum Variance,2023-06-16,0.025419597179521938,0.025419597179521913
Crypto Minimum Variance,2023-06-17,0.007882929264970452,0.007882929264970473
Crypto Minimum Variance,2023-06-18,-0.008132830613314568,-0.008132830613314601
Crypto Minimum Variance,2023-06-19,0.017134743635963144,0.017134743635963234
Crypto Minimum Variance,2023-06-20,0.04986454740447985,0.049864547404479875
Crypto Minimum Variance,2023-06-21,0.05616009666666381,0.05616009666666377
Crypto Minimum Variance,2023-06-22,-0.004092497606995237,-0.00409249760699526
Crypto Minimum Variance,2023-06-23,0.02515170562477767,0.025151705624777643
Crypto Minimum Variance,2023-06-24,-0.005625016729662346,-0.005625016729662313
Crypto Minimum Variance,2023-06-25,-0.0005192378578531931,-0.0005192378578532386
Crypto Minimum Variance,2023-06-26,-0.005235017139055736,-0.00523501713905572
Crypto Minimum Variance,2023-06-27,0.013209726075936012,0.013209726075936068
Crypto Minimum Variance,2023-06-28,-0.01843347555604839,-0.01843347555604835
Crypto Minimum Variance,2023-06-29,0.011668849640568498,0.01166884964056858
Crypto Minimum Variance,2023-06-30,0.0035554472860300315,0.003555447286029967
Crypto Minimum Variance,2023-07-01,0.0047968218507645245,0.0047949052491294
Crypto Minimum Variance,2023-07-02,-0.000938506482809253,-0.0009385064828092426
Crypto Minimum Variance,2023-07-03,0.01753108172980522,0.01753108172980511
Crypto Minimum Variance,2023-07-04,-0.011163470127165277,-0.011163470127165231
Crypto Minimum Variance,2023-07-05,-0.007571984003414534,-0.0075719840034145225
Crypto Minimum Variance,2023-07-06,-0.017359566672527454,-0.01735956667252747
Crypto Minimum Variance,2023-07-07,0.015187309862112492,0.015187309862112475
Crypto Minimum Variance,2023-07-08,0.0003890939351258568,0.00038909393512587265
Crypto Minimum Variance,2023-07-09,-0.007159583010957443,-0.0071595830109574266
Crypto Minimum Variance,2023-07-10,0.007213816799364874,0.007213816799364947
Crypto Minimum Variance,2023-07-11,0.00565600494647237,0.005656004946472448
Crypto Minimum Variance,2023-07-12,-0.005881818105251164,-0.005881818105251124
Crypto Minimum Variance,2023-07-13,0.037178300583754306,0.037178300583754265
Crypto Minimum Variance,2023-07-14,-0.03459847479778804,-0.03459847479778799
Crypto Minimum Variance,2023-07-15,0.000275114229490252,0.00027511422949033637
Crypto Minimum Variance,2023-07-16,-0.0028194018421424855,-0.002819401842142466
Crypto Minimum Variance,2023-07-17,-0.0028192338158708414,-0.002819233815870792
Crypto Minimum Variance,2023-07-18,-0.008753148854211553,-0.008753148854211523
Crypto Minimum Variance,2023-07-19,0.0024121232867781277,0.0024121232867782005
Crypto Minimum Variance,2023-07-20,-0.003018406940323148,-0.0030184069403231817
Crypto Minimum Variance,2023-07-21,0.003293982180402258,0.003293982180402333
Crypto Minimum Variance,2023-07-22,0.000590129198062693,0.0005901291980627832
Crypto Minimum Variance,2023-07-23,0.00867586901298359,0.008675869012983561
Crypto Minimum Variance,2023-07-24,-0.029294958945868685,-0.029294958945868643
Crypto Minimum Variance,2023-07-25,0.002105230708354422,0.002105230708354444
Crypto Minimum Variance,2023-07-26,0.004504863843714177,0.00450486384371418
Crypto Minimum Variance,2023-07-27,-0.004061252809740391,-0.0040612528097403455
Crypto Minimum Variance,2023-07-28,0.006991310351572409,0.006991310351572411
Crypto Minimum Variance,2023-07-29,-0.0014660842479818624,-0.0014660842479818914
Crypto Minimum Variance,2023-07-30,-0.006954033694430454,-0.006954033694430484
Crypto Minimum Variance,2023-07-31,-0.00430932623988251,-0.0043093262398825605
Crypto Minimum Variance,2023-08-01,0.014401403579468293,0.014401330295881198
Crypto Minimum Variance,2023-08-02,-0.018750770164342536,-0.018750770164342567
Crypto Minimum Variance,2023-08-03,0.0017759786927779456,0.001775978692778013
Crypto Minimum Variance,2023-08-04,-0.0037570351446868256,-0.0037570351446868377
Crypto Minimum Variance,2023-08-05,4.5828579472403176e-05,4.582857947244001e-05
Crypto Minimum Variance,2023-08-06,-0.0008039124003820457,-0.000803912400382023
Crypto Minimum Variance,2023-08-07,0.004069691322739729,0.004069691322739821
Crypto Minimum Variance,2023-08-08,0.01781132129161255,0.017811321291612447
Crypto Minimum Variance,2023-08-09,-0.006184682688243141,-0.006184682688243126
Crypto Minimum Variance,2023-08-10,-0.0031338527897942802,-0.003133852789794278
Crypto Minimum Variance,2023-08-11,-0.001105987001736434,-0.0011059870017364748
Crypto Minimum Variance,2023-08-12,0.0009863837522831689,0.0009863837522832153
Crypto Minimum Variance,2023-08-13,-0.004509246863558777,-0.004509246863558802
Crypto Minimum Variance,2023-08-14,0.004281483427461774,0.0042814834274618185
Crypto Minimum Variance,2023-08-15,-0.00888544203705869,-0.008885442037058655
Crypto Minimum Variance,2023-08-16,-0.016743243399933296,-0.016743243399933272
Crypto Minimum Variance,2023-08-17,-0.0656784556564128,-0.06567845565641284
Crypto Minimum Variance,2023-08-18,-0.020003228757786897,-0.02000322875778693
Crypto Minimum Variance,2023-08-19,0.0032825584148676043,0.0032825584148676867
Crypto Minimum Variance,2023-08-20,0.00600330348943992,0.006003303489440004
Crypto Minimum Variance,2023-08-21,-0.0033923872510878555,-0.003392387251087814
Crypto Minimum Variance,2023-08-22,-0.002660939178272829,-0.0026609391782728142
Crypto Minimum Variance,2023-08-23,0.016903156245079567,0.016903156245079654
Crypto Minimum Variance,2023-08-24,-0.010582532661653047,-0.010582532661653099
Crypto Minimum Variance,2023-08-25,-0.0028859420211958544,-0.002885942021195853
Crypto Minimum Variance,2023-08-26,-0.000989059056250906,-0.0009890590562509072
Crypto Minimum Variance,2023-08-27,0.002887158756206688,0.002887158756206709
Crypto Minimum Variance,2023-08-28,-0.0011224310161355264,-0.0011224310161355167
Crypto Minimum Variance,2023-08-29,0.05638637168822321,0.056386371688223136
Crypto Minimum Variance,2023-08-30,-0.016266247405916676,-0.016266247405916645
Crypto Minimum Variance,2023-08-31,-0.04262187232615605,-0.042621872326155996
Crypto Minimum Variance,2023-09-01,-0.005407397216120133,-0.005409677282245284
Crypto Minimum Variance,2023-09-02,0.0037994393231338855,0.0037994393231339796
Crypto Minimum Variance,2023-09-03,0.0034431678843842503,0.0034431678843842572
Crypto Minimum Variance,2023-09-04,-0.0047229403508742595,-0.004722940350874283
Crypto Minimum Variance,2023-09-05,-0.0011246976080522136,-0.0011246976080522275
Crypto Minimum Variance,2023-09-06,0.00131563285995075,0.0013156328599508438
Crypto Minimum Variance,2023-09-07,0.016920549749766277,0.0169205497497662
Crypto Minimum Variance,2023-09-08,-0.011096328700615153,-0.011096328700615166
Crypto Minimum Variance,2023-09-09,-0.00030273102257793923,-0.00030273102257794005
Crypto Minimum Variance,2023-09-10,-0.003398343107520099,-0.0033983431075200743
Crypto Minimum Variance,2023-09-11,-0.024075599335192866,-0.024075599335192877
Crypto Minimum Variance,2023-09-12,0.02852729990609444,0.028527299906094372
Crypto Minimum Variance,2023-09-13,0.01405094256496595,0.014050942564965974
Crypto Minimum Variance,2023-09-14,0.014151540647670408,0.014151540647670435
Crypto Minimum Variance,2023-09-15,0.002785550813812237,0.0027855508138121543
Crypto Minimum Variance,2023-09-16,-0.0020803013873748714,-0.0020803013873749165
Crypto Minimum Variance,2023-09-17,-0.001328845815745426,-0.0013288458157454386
Crypto Minimum Variance,2023-09-18,0.008256529012195684,0.008256529012195646
Crypto Minimum Variance,2023-09-19,0.015805037203913786,0.015805037203913797
Crypto Minimum Variance,2023-09-20,-0.0026711009705449704,-0.002671100970545015
Crypto Minimum Variance,2023-09-21,-0.0203467029523731,-0.020346702952373064
Crypto Minimum Variance,2023-09-22,0.0008290959523232378,0.0008290959523231667
Crypto Minimum Variance,2023-09-23,0.00037017000186321077,0.0003701700018632348
Crypto Minimum Variance,2023-09-24,-0.010716517982632259,-0.01071651798263229
Crypto Minimum Variance,2023-09-25,0.0028220808272575743,0.002822080827257656
Crypto Minimum Variance,2023-09-26,-0.0026625924202778608,-0.0026625924202778872
Crypto Minimum Variance,2023-09-27,0.005633069629999031,0.005633069629999099
Crypto Minimum Variance,2023-09-28,0.024176696888561642,0.02417669688856172
Crypto Minimum Variance,2023-09-29,-0.00024424501782280197,-0.0002442450178228306
Crypto Minimum Variance,2023-09-30,0.0012260876864217214,0.0012260876864216286
Crypto Minimum Variance,2023-10-01,0.035084835247402545,0.03508457704526968
Crypto Minimum Variance,2023-10-02,-0.017644534350851247,-0.017644534350851226
Crypto Minimum Variance,2023-10-03,0.0012960120768988714,0.0012960120768987782
Crypto Minimum Variance,2023-10-04,0.009390574340606129,0.009390574340606195
Crypto Minimum Variance,2023-10-05,-0.01311317809950476,-0.013113178099504741
Crypto Minimum Variance,2023-10-06,0.01565591553386359,0.015655915533863585
Crypto Minimum Variance,2023-10-07,0.0018886111213881928,0.0018886111213882728
Crypto Minimum Variance,2023-10-08,-0.0012048671259948926,-0.0012048671259948796
Crypto Minimum Variance,2023-10-09,-0.013559358415457856,-0.013559358415457856
Crypto Minimum Variance,2023-10-10,-0.006039251371457656,-0.006039251371457666
Crypto Minimum Variance,2023-10-11,-0.016975947048341412,-0.016975947048341378
Crypto Minimum Variance,2023-10-12,-0.005433881453208926,-0.005433881453208889
Crypto Minimum Variance,2023-10-13,0.004341011748263828,0.0043410117482638455
Crypto Minimum Variance,2023-10-14,-0.0006151157096039993,-0.0006151157096040416
Crypto Minimum Variance,2023-10-15,0.012053249245981577,0.012053249245981501
Crypto Minimum Variance,2023-10-16,0.04714379032342313,0.047143790323423085
Crypto Minimum Variance,2023-10-17,-0.0036727723707034978,-0.0036727723707035143
Crypto Minimum Variance,2023-10-18,-0.0018257643592187248,-0.0018257643592187733
Crypto Minimum Variance,2023-10-19,0.013176584012225039,0.013176584012225101
Crypto Minimum Variance,2023-10-20,0.03056376287929783,0.03056376287929785
Crypto Minimum Variance,2023-10-21,0.008088873150153999,0.008088873150154052
Crypto Minimum Variance,2023-10-22,0.00062194778317319,0.00062194778317326
Crypto Minimum Variance,2023-10-23,0.09317882838842415,0.09317882838842406
Crypto Minimum Variance,2023-10-24,0.021830188914989147,0.021830188914989224
Crypto Minimum Variance,2023-10-25,0.017084545858453606,0.017084545858453648
Crypto Minimum Variance,2023-10-26,-0.009660397741535305,-0.009660397741535265
Crypto Minimum Variance,2023-10-27,-0.005341159789841583,-0.005341159789841621
Crypto Minimum Variance,2023-10-28,0.005568007514172652,0.005568007514172635
Crypto Minimum Variance,2023-10-29,0.01228282973870679,0.012282829738706758
Crypto Minimum Variance,2023-10-30,7.045714111957621e-06,7.0457141119195654e-06
Crypto Minimum Variance,2023-10-31,0.006181437321866807,0.006181437321866712
Crypto Minimum Variance,2023-11-01,0.023398265767845938,0.023395189663369065
Crypto Minimum Variance,2023-11-02,-0.013514253949729663,-0.013514253949729715
Crypto Minimum Variance,2023-11-03,-0.007668711334118011,-0.007668711334118061
Crypto Minimum Variance,2023-11-04,0.009405244449801438,0.009405244449801398
Crypto Minimum Variance,2023-11-05,-0.00024758908195973066,-0.0002475890819597648
Crypto Minimum Variance,2023-11-06,-0.00093853674687684,-0.000938536746876828
Crypto Minimum Variance,2023-11-07,0.008773241600909785,0.008773241600909865
Crypto Minimum Variance,2023-11-08,0.007492008434230504,0.007492008434230479
Crypto Minimum Variance,2023-11-09,0.026064581064526682,0.026064581064526582
Crypto Minimum Variance,2023-11-10,0.024142811227391044,0.024142811227391148
Crypto Minimum Variance,2023-11-11,-0.0020400078409702617,-0.0020400078409702482
Crypto Minimum Variance,2023-11-12,-0.001472325748382958,-0.0014723257483829633
Crypto Minimum Variance,2023-11-13,-0.014486496968280839,-0.01448649696828086
Crypto Minimum Variance,2023-11-14,-0.02883707411701066,-0.02883707411701064
Crypto Minimum Variance,2023-11-15,0.059867404914040884,0.059867404914040856
Crypto Minimum Variance,2023-11-16,-0.04188205987607245,-0.04188205987607241
Crypto Minimum Variance,2023-11-17,0.012255417992433968,0.012255417992433904
Crypto Minimum Variance,2023-11-18,-0.001075188748788057,-0.0010751887487880918
Crypto Minimum Variance,2023-11-19,0.019731453236623217,0.019731453236623286
Crypto Minimum Variance,2023-11-20,-0.0007859642919701457,-0.0007859642919701981
Crypto Minimum Variance,2023-11-21,-0.04486128347356956,-0.044861283473569546
Crypto Minimum Variance,2023-11-22,0.046033665367013414,0.04603366536701348
Crypto Minimum Variance,2023-11-23,-0.0022759522011741333,-0.0022759522011741584
Crypto Minimum Variance,2023-11-24,0.013351217748067312,0.013351217748067246
Crypto Minimum Variance,2023-11-25,0.006700497954705035,0.006700497954704954
Crypto Minimum Variance,2023-11-26,-0.008453979744035599,-0.008453979744035611
Crypto Minimum Variance,2023-11-27,-0.011977533961709662,-0.011977533961709641
Crypto Minimum Variance,2023-11-28,0.01469863069354468,0.014698630693544601
Crypto Minimum Variance,2023-11-29,0.0012465138345586796,0.00124651383455876
Crypto Minimum Variance,2023-11-30,-0.003399339401724322,-0.0033993394017243217
Crypto Minimum Variance,2023-12-01,0.02217688534895114,0.02217643686336679
Crypto Minimum Variance,2023-12-02,0.017904632357489618,0.017904632357489625
Crypto Minimum Variance,2023-12-03,0.010949534459888841,0.010949534459888888
Crypto Minimum Variance,2023-12-04,0.04455296284978254,0.044552962849782496
Crypto Minimum Variance,2023-12-05,0.04343097437356575,0.04343097437356569
Crypto Minimum Variance,2023-12-06,-0.005204902855710446,-0.005204902855710403
Crypto Minimum Variance,2023-12-07,-0.009748517789073123,-0.009748517789073152
Crypto Minimum Variance,2023-12-08,0.02065730461729889,0.020657304617298866
Crypto Minimum Variance,2023-12-09,-0.008757525793900444,-0.008757525793900434
Crypto Minimum Variance,2023-12-10,0.0024396946063540625,0.0024396946063540703
Crypto Minimum Variance,2023-12-11,-0.05531977514529593,-0.05531977514529596
Crypto Minimum Variance,2023-12-12,0.004171253796126924,0.004171253796126928
Crypto Minimum Variance,2023-12-13,0.031163817720828366,0.031163817720828435
Crypto Minimum Variance,2023-12-14,0.00476423575278436,0.004764235752784396
Crypto Minimum Variance,2023-12-15,-0.027502447647504157,-0.027502447647504202
Crypto Minimum Variance,2023-12-16,0.007953887010827053,0.00795388701082711
Crypto Minimum Variance,2023-12-17,-0.018889853227296406,-0.018889853227296416
Crypto Minimum Variance,2023-12-18,0.025074910174291747,0.025074910174291754
Crypto Minimum Variance,2023-12-19,-0.007655358073699015,-0.007655358073698992
Crypto Minimum Variance,2023-12-20,0.031217719701752442,0.031217719701752467
Crypto Minimum Variance,2023-12-21,0.006777270953881709,0.006777270953881809
Crypto Minimum Variance,2023-12-22,0.0031191398109099468,0.0031191398109100543
Crypto Minimum Variance,2023-12-23,-0.003135488266928572,-0.0031354882669285544
Crypto Minimum Variance,2023-12-24,-0.014897283010865667,-0.01489728301086568
Crypto Minimum Variance,2023-12-25,0.01156987968998154,0.011569879689981466
Crypto Minimum Variance,2023-12-26,-0.02530691708524231,-0.025306917085242353
Crypto Minimum Variance,2023-12-27,0.021822543765541318,0.02182254376554127
Crypto Minimum Variance,2023-12-28,-0.016146444299984124,-0.01614644429998413
Crypto Minimum Variance,2023-12-29,-0.010714717502523636,-0.010714717502523619
Crypto Minimum Variance,2023-12-30,0.0015481269152510665,0.0015481269152510801
Crypto Minimum Variance,2023-12-31,0.004265851257471756,0.004265851257471809
Crypto Maximum Sharpe,2023-01-01,0.006786184181409798,0.00678618418140986
Crypto Maximum Sharpe,2023-01-02,0.012505638988780482,0.012505638988780543
Crypto Maximum Sharpe,2023-01-03,-0.001667759243109604,-0.001667759243109579
Crypto Maximum Sharpe,2023-01-04,0.03920713683618758,0.039207136836187484
Crypto Maximum Sharpe,2023-01-05,-0.002812147092072066,-0.0028121470920721148
Crypto Maximum Sharpe,2023-01-06,0.01863391948338628,0.01863391948338622
Crypto Maximum Sharpe,2023-01-07,-0.004893526203943071,-0.0048935262039431215
Crypto Maximum Sharpe,2023-01-08,0.034259621713894205,0.034259621713894184
Crypto Maximum Sharpe,2023-01-09,0.040534384525622635,0.040534384525622524
Crypto Maximum Sharpe,2023-01-10,0.012480334542755451,0.012480334542755545
Crypto Maximum Sharpe,2023-01-11,0.026078469467942404,0.026078469467942345
Crypto Maximum Sharpe,2023-01-12,0.020827283678770816,0.020827283678770847
Crypto Maximum Sharpe,2023-01-13,0.03361437416149292,0.03361437416149293
Crypto Maximum Sharpe,2023-01-14,0.05015054094404949,0.05015054094404947
Crypto Maximum Sharpe,2023-01-15,-0.0006350789273752312,-0.0006350789273752433
Crypto Maximum Sharpe,2023-01-16,0.00935905167766998,0.009359051677670038
Crypto Maximum Sharpe,2023-01-17,-0.008174525060766952,-0.00817452506076699
Crypto Maximum Sharpe,2023-01-18,-0.04089681474455631,-0.04089681474455631
Crypto Maximum Sharpe,2023-01-19,0.028150133624963887,0.02815013362496388
Crypto Maximum Sharpe,2023-01-20,0.06904748490554741,0.06904748490554735
Crypto Maximum Sharpe,2023-01-21,-0.00953649708270794,-0.009536497082707984
Crypto Maximum Sharpe,2023-01-22,0.006819749680424367,0.006819749680424314
Crypto Maximum Sharpe,2023-01-23,0.0004907956520731146,0.0004907956520732171
Crypto Maximum Sharpe,2023-01-24,-0.04355885178353902,-0.04355885178353902
Crypto Maximum Sharpe,2023-01-25,0.03597611896609469,0.03597611896609476
Crypto Maximum Sharpe,2023-01-26,0.0021750234644727457,0.0021750234644728472
Crypto Maximum Sharpe,2023-01-27,0.007794141878131362,0.007794141878131322
Crypto Maximum Sharpe,2023-01-28,-0.01573650178616167,-0.015736501786161705
Crypto Maximum Sharpe,2023-01-29,0.040855521128796146,0.0408555211287962
Crypto Maximum Sharpe,2023-01-30,-0.04985173837063865,-0.04985173837063861
Crypto Maximum Sharpe,2023-01-31,0.02289386387182585,0.022893863871825904
Crypto Maximum Sharpe,2023-02-01,0.0272101399227401,0.027168927473481874
Crypto Maximum Sharpe,2023-02-02,0.00102643825648065,0.001026438256480633
Crypto Maximum Sharpe,2023-02-03,0.014676287654474129,0.014676287654474152
Crypto Maximum Sharpe,2023-02-04,-0.003372344171294983,-0.00337234417129495
Crypto Maximum Sharpe,2023-02-05,-0.01967688274835047,-0.019676882748350444
Crypto Maximum Sharpe,2023-02-06,-0.015961865941013797,-0.015961865941013786
Crypto Maximum Sharpe,2023-02-07,0.03837563592004974,0.03837563592004978
Crypto Maximum Sharpe,2023-02-08,-0.012295903532069136,-0.012295903532069108
Crypto Maximum Sharpe,2023-02-09,-0.06973322045430425,-0.06973322045430419
Crypto Maximum Sharpe,2023-02-10,-0.015720988015483633,-0.015720988015483606
Crypto Maximum Sharpe,2023-02-11,0.02134048483296934,0.021340484832969242
Crypto Maximum Sharpe,2023-02-12,-0.014737843015995948,-0.0147378430159959
Crypto Maximum Sharpe,2023-02-13,-0.007500010189768741,-0.007500010189768758
Crypto Maximum Sharpe,2023-02-14,0.04846902613579784,0.048469026135797844
Crypto Maximum Sharpe,2023-02-15,0.0772092947594598,0.07720929475945981
Crypto Maximum Sharpe,2023-02-16,-0.04115043649291342,-0.04115043649291339
Crypto Maximum Sharpe,2023-02-17,0.03703766988536204,0.03703766988536206
Crypto Maximum Sharpe,2023-02-18,0.001240443255591805,0.0012404432555916944
Crypto Maximum Sharpe,2023-02-19,-0.00944561222907179,-0.00944561222907181
Crypto Maximum Sharpe,2023-02-20,0.011923575100843128,0.011923575100843076
Crypto Maximum Sharpe,2023-02-21,-0.0272355877002001,-0.02723558770020007
Crypto Maximum Sharpe,2023-02-22,-0.008786244783588545,-0.008786244783588582
Crypto Maximum Sharpe,2023-02-23,-0.0031236488198412844,-0.003123648819841285
Crypto Maximum Sharpe,2023-02-24,-0.033342008779301546,-0.03334200877930149
Crypto Maximum Sharpe,2023-02-25,-0.00856687319332477,-0.00856687319332472
Crypto Maximum Sharpe,2023-02-26,0.024567444021468716,0.02456744402146871
Crypto Maximum Sharpe,2023-02-27,-0.006621946172152107,-0.00662194617215206
Crypto Maximum Sharpe,2023-02-28,-0.023624320013170844,-0.02362432001317083
Crypto Maximum Sharpe,2023-03-01,0.029679973951629378,0.029648689895333202
Crypto Maximum Sharpe,2023-03-02,-0.015357089935774655,-0.01535708993577467
Crypto Maximum Sharpe,2023-03-03,-0.03791697446976745,-0.037916974469767495
Crypto Maximum Sharpe,2023-03-04,-0.007412093414717556,-0.007412093414717602
Crypto Maximum Sharpe,2023-03-05,0.000287952384525954,0.00028795238452605787
Crypto Maximum Sharpe,2023-03-06,-0.00491832604007321,-0.004918326040073251
Crypto Maximum Sharpe,2023-03-07,-0.0036440507124038575,-0.0036440507124038124
Crypto Maximum Sharpe,2023-03-08,-0.024681961943811472,-0.024681961943811448
Crypto Maximum Sharpe,2023-03-09,-0.052865732047866945,-0.05286573204786693
Crypto Maximum Sharpe,2023-03-10,0.0008500438265529678,0.0008500438265530708
Crypto Maximum Sharpe,2023-03-11,0.01616477313090925,0.01616477313090936
Crypto Maximum Sharpe,2023-03-12,0.07606402154761857,0.07606402154761849
Crypto Maximum Sharpe,2023-03-13,0.049573981702959125,0.049573981702959014
Crypto Maximum Sharpe,2023-03-14,0.0078524898837924,0.00785248988379239
Crypto Maximum Sharpe,2023-03-15,-0.03748296043966315,-0.03748296043966315
Crypto Maximum Sharpe,2023-03-16,0.008380023326790711,0.008380023326790775
Crypto Maximum Sharpe,2023-03-17,0.06926265743685696,0.06926265743685689
Crypto Maximum Sharpe,2023-03-18,-0.024435537354213648,-0.024435537354213666
Crypto Maximum Sharpe,2023-03-19,0.017227188953591488,0.017227188953591543
Crypto Maximum Sharpe,2023-03-20,-0.03143349644918275,-0.031433496449182696
Crypto Maximum Sharpe,2023-03-21,0.06540602475859116,0.06540602475859125
Crypto Maximum Sharpe,2023-03-22,-0.04016593269165091,-0.04016593269165092
Crypto Maximum Sharpe,2023-03-23,0.04402771893248457,0.04402771893248447
Crypto Maximum Sharpe,2023-03-24,-0.033793246401443024,-0.03379324640144299
Crypto Maximum Sharpe,2023-03-25,-0.009950917044271517,-0.009950917044271534
Crypto Maximum Sharpe,2023-03-26,0.015461634122320106,0.015461634122320156
Crypto Maximum Sharpe,2023-03-27,-0.030907633063206496,-0.03090763306320654
Crypto Maximum Sharpe,2023-03-28,0.04257266126961014,0.042572661269610235
Crypto Maximum Sharpe,2023-03-29,0.018863458914317302,0.018863458914317288
Crypto Maximum Sharpe,2023-03-30,-0.004011455008964916,-0.004011455008964937
Crypto Maximum Sharpe,2023-03-31,0.03043618007336123,0.03043618007336124
Crypto Maximum Sharpe,2023-04-01,-0.013490935692416718,-0.013515019787117999
Crypto Maximum Sharpe,2023-04-02,-0.010180894080866611,-0.010180894080866643
Crypto Maximum Sharpe,2023-04-03,0.010052724459390735,0.01005272445939065
Crypto Maximum Sharpe,2023-04-04,0.023754552911098473,0.023754552911098514
Crypto Maximum Sharpe,2023-04-05,0.015509261848442032,0.015509261848442035
Crypto Maximum Sharpe,2023-04-06,-0.019863852599672757,-0.019863852599672716
Crypto Maximum Sharpe,2023-04-07,-0.0021274649703920388,-0.002127464970392068
Crypto Maximum Sharpe,2023-04-08,-0.0038481024981997336,-0.003848102498199779
Crypto Maximum Sharpe,2023-04-09,0.007107139512635145,0.007107139512635197
Crypto Maximum Sharpe,2023-04-10,0.024373128570171338,0.024373128570171376
Crypto Maximum Sharpe,2023-04-11,-0.00309145220061276,-0.0030914522006127987
Crypto Maximum Sharpe,2023-04-12,0.013273008736486562,0.013273008736486513
Crypto Maximum Sharpe,2023-04-13,0.046435048362504214,0.04643504836250423
Crypto Maximum Sharpe,2023-04-14,0.0385649003528909,0.03856490035289095
Crypto Maximum Sharpe,2023-04-15,0.008273168966666043,0.008273168966665967
Crypto Maximum Sharpe,2023-04-16,0.00760358930867905,0.007603589308678993
Crypto Maximum Sharpe,2023-04-17,-0.026388013196672278,-0.026388013196672278
Crypto Maximum Sharpe,2023-04-18,0.016434759211271098,0.01643475921127102
Crypto Maximum Sharpe,2023-04-19,-0.07248958566433227,-0.07248958566433228
Crypto Maximum Sharpe,2023-04-20,-0.009846288862692114,-0.00984628886269212
Crypto Maximum Sharpe,2023-04-21,-0.045589553907231434,-0.045589553907231406
Crypto Maximum Sharpe,2023-04-22,0.020217835303236766,0.02021783530323673
Crypto Maximum Sharpe,2023-04-23,-0.009847430784691556,-0.009847430784691524
Crypto Maximum Sharpe,2023-04-24,-0.01118886391491972,-0.011188863914919689
Crypto Maximum Sharpe,2023-04-25,0.017669142375357636,0.01766914237535766
Crypto Maximum Sharpe,2023-04-26,0.0051104599519598915,0.0051104599519598
Crypto Maximum Sharpe,2023-04-27,0.02164562219754871,0.02164562219754873
Crypto Maximum Sharpe,2023-04-28,-0.009028885452750865,-0.009028885452750823
Crypto Maximum Sharpe,2023-04-29,0.004384999791601236,0.0043849997916012295
Crypto Maximum Sharpe,2023-04-30,-0.015486012368595597,-0.015486012368595592
Crypto Maximum Sharpe,2023-05-01,-0.023343321667467117,-0.02335025882215147
Crypto Maximum Sharpe,2023-05-02,0.018183934436653258,0.018183934436653226
Crypto Maximum Sharpe,2023-05-03,0.013546644524604835,0.013546644524604856
Crypto Maximum Sharpe,2023-05-04,-0.014303639647601587,-0.014303639647601618
Crypto Maximum Sharpe,2023-05-05,0.047389845397558486,0.04738984539755853
Crypto Maximum Sharpe,2023-05-06,-0.04291863858586792,-0.042918638585867974
Crypto Maximum Sharpe,2023-05-07,-0.01244502642667763,-0.012445026426677663
Crypto Maximum Sharpe,2023-05-08,-0.018036092641826828,-0.018036092641826817
Crypto Maximum Sharpe,2023-05-09,-0.0015742059972701547,-0.001574205997270206
Crypto Maximum Sharpe,2023-05-10,0.00326072265314975,0.0032607226531498057
Crypto Maximum Sharpe,2023-05-11,-0.025482755516217103,-0.025482755516217148
Crypto Maximum Sharpe,2023-05-12,0.013967165201486534,0.013967165201486553
Crypto Maximum Sharpe,2023-05-13,-0.008760147049467351,-0.00876014704946737
Crypto Maximum Sharpe,2023-05-14,0.006530859533937424,0.006530859533937505
Crypto Maximum Sharpe,2023-05-15,0.003809679763413458,0.0038096797634135093
Crypto Maximum Sharpe,2023-05-16,0.0028081302778035504,0.0028081302778035777
Crypto Maximum Sharpe,2023-05-17,0.005907867792846151,0.005907867792846133
Crypto Maximum Sharpe,2023-05-18,-0.010375409116984594,-0.010375409116984646
Crypto Maximum Sharpe,2023-05-19,0.0008649968676597719,0.0008649968676597286
Crypto Maximum Sharpe,2023-05-20,0.0021965090385062717,0.0021965090385063224
Crypto Maximum Sharpe,2023-05-21,-0.009703950648776402,-0.009703950648776383
Crypto Maximum Sharpe,2023-05-22,0.012715666870380733,0.012715666870380726
Crypto Maximum Sharpe,2023-05-23,0.01548239896659688,0.015482398966596866
Crypto Maximum Sharpe,2023-05-24,-0.02507211292856905,-0.025072112928569035
Crypto Maximum Sharpe,2023-05-25,-0.0029297052525903374,-0.0029297052525902867
Crypto Maximum Sharpe,2023-05-26,0.011546280295111459,0.0115462802951114
Crypto Maximum Sharpe,2023-05-27,0.004989763000787226,0.0049897630007871285
Crypto Maximum Sharpe,2023-05-28,0.04243014556116784,0.042430145561167754
Crypto Maximum Sharpe,2023-05-29,-0.00981406320429851,-0.009814063204298562
Crypto Maximum Sharpe,2023-05-30,0.0018494959351428818,0.0018494959351429419
Crypto Maximum Sharpe,2023-05-31,-0.012657018214471063,-0.012657018214471072
Crypto Maximum Sharpe,2023-06-01,-0.012248043428091208,-0.012268266837588748
Crypto Maximum Sharpe,2023-06-02,0.034270850373057965,0.03427085037305799
Crypto Maximum Sharpe,2023-06-03,-0.007501130467893401,-0.007501130467893358
Crypto Maximum Sharpe,2023-06-04,0.00037823768274752227,0.00037823768274747316
Crypto Maximum Sharpe,2023-06-05,-0.04930231970764802,-0.04930231970764798
Crypto Maximum Sharpe,2023-06-06,0.02640963780088174,0.02640963780088179
Crypto Maximum Sharpe,2023-06-07,-0.045399402282465175,-0.045399402282465195
Crypto Maximum Sharpe,2023-06-08,0.006295541275900172,0.006295541275900263
Crypto Maximum Sharpe,2023-06-09,-0.03316335975201755,-0.03316335975201756
Crypto Maximum Sharpe,2023-06-10,-0.05183435002361075,-0.0518343500236107
Crypto Maximum Sharpe,2023-06-11,-0.0028909530735542616,-0.0028909530735542477
Crypto Maximum Sharpe,2023-06-12,-0.0003061553029309715,-0.00030615530293098825
Crypto Maximum Sharpe,2023-06-13,-0.00038905989490585925,-0.00038905989490589654
Crypto Maximum Sharpe,2023-06-14,-0.045648641464949395,-0.0456486414649494
Crypto Maximum Sharpe,2023-06-15,0.00421735690757349,0.004217356907573411
Crypto Maximum Sharpe,2023-06-16,0.02014358129554084,0.020143581295540836
Crypto Maximum Sharpe,2023-06-17,0.00924735266108752,0.009247352661087449
Crypto Maximum Sharpe,2023-06-18,-0.010643663131707306,-0.010643663131707282
Crypto Maximum Sharpe,2023-06-19,0.008443133143934165,0.008443133143934078
Crypto Maximum Sharpe,2023-06-20,0.02856592828074408,0.028565928280744002
Crypto Maximum Sharpe,2023-06-21,0.05490622162313304,0.05490622162313308
Crypto Maximum Sharpe,2023-06-22,-0.0029648559817484713,-0.0029648559817484488
Crypto Maximum Sharpe,2023-06-23,0.014291263539646583,0.014291263539646604
Crypto Maximum Sharpe,2023-06-24,-0.01302614001906688,-0.013026140019066879
Crypto Maximum Sharpe,2023-06-25,0.011528330845041209,0.011528330845041124
Crypto Maximum Sharpe,2023-06-26,-0.02522801482817494,-0.02522801482817494
Crypto Maximum Sharpe,2023-06-27,0.017428404802940632,0.017428404802940722
Crypto Maximum Sharpe,2023-06-28,-0.0413750362959429,-0.04137503629594286
Crypto Maximum Sharpe,2023-06-29,0.01844321287583802,0.018443212875838055
Crypto Maximum Sharpe,2023-06-30,0.04149896896333236,0.04149896896333227
Crypto Maximum Sharpe,2023-07-01,0.0016509746038372666,0.0015920702968796885
Crypto Maximum Sharpe,2023-07-02,0.0029043273736157073,0.0029043273736157893
Crypto Maximum Sharpe,2023-07-03,0.011138180936412279,0.01113818093641239
Crypto Maximum Sharpe,2023-07-04,-0.009474400567243666,-0.00947440056724369
Crypto Maximum Sharpe,2023-07-05,-0.01465507617183012,-0.01465507617183015
Crypto Maximum Sharpe,2023-07-06,-0.025973013624344718,-0.025973013624344676
Crypto Maximum Sharpe,2023-07-07,0.013791606585760953,0.013791606585761063
Crypto Maximum Sharpe,2023-07-08,0.003698251618966424,0.0036982516189665304
Crypto Maximum Sharpe,2023-07-09,-0.00809609691016578,-0.008096096910165773
Crypto Maximum Sharpe,2023-07-10,0.008958476448540335,0.00895847644854042
Crypto Maximum Sharpe,2023-07-11,0.001899214751834919,0.0018992147518348546
Crypto Maximum Sharpe,2023-07-12,-0.004206480412824345,-0.004206480412824343
Crypto Maximum Sharpe,2023-07-13,0.09984109424170608,0.09984109424170606
Crypto Maximum Sharpe,2023-07-14,-0.04085263301002269,-0.04085263301002273
Crypto Maximum Sharpe,2023-07-15,-0.00296793534997397,-0.0029679353499739713
Crypto Maximum Sharpe,2023-07-16,-0.01063478710339237,-0.010634787103392385
Crypto Maximum Sharpe,2023-07-17,-0.005657621336410927,-0.005657621336410901
Crypto Maximum Sharpe,2023-07-18,-0.008443999410278614,-0.008443999410278624
Crypto Maximum Sharpe,2023-07-19,0.007012110107460408,0.007012110107460501
Crypto Maximum Sharpe,2023-07-20,-0.0029124534191989166,-0.0029124534191988793
Crypto Maximum Sharpe,2023-07-21,-0.0013610206658565623,-0.0013610206658565271
Crypto Maximum Sharpe,2023-07-22,-0.008008267084629513,-0.008008267084629539
Crypto Maximum Sharpe,2023-07-23,0.013055353599194668,0.01305535359919463
Crypto Maximum Sharpe,2023-07-24,-0.02397573282007099,-0.02397573282007104
Crypto Maximum Sharpe,2023-07-25,0.0027313172383678914,0.0027313172383678364
Crypto Maximum Sharpe,2023-07-26,0.007689875072454351,0.007689875072454333
Crypto Maximum Sharpe,2023-07-27,-0.0036943933620827243,-0.0036943933620827707
Crypto Maximum Sharpe,2023-07-28,0.010494467081009429,0.010494467081009429
Crypto Maximum Sharpe,2023-07-29,0.0015203584701205348,0.001520358470120442
Crypto Maximum Sharpe,2023-07-30,-0.009800384915191543,-0.009800384915191529
Crypto Maximum Sharpe,2023-07-31,-0.009514578554067798,-0.009514578554067787
Crypto Maximum Sharpe,2023-08-01,0.008364117393425779,0.008339148044059108
Crypto Maximum Sharpe,2023-08-02,-0.02222709457454457,-0.022227094574544526
Crypto Maximum Sharpe,2023-08-03,-0.005685336274638026,-0.005685336274638075
Crypto Maximum Sharpe,2023-08-04,-0.0036159606061359905,-0.003615960606136004
Crypto Maximum Sharpe,2023-08-05,0.003586401449528968,0.003586401449529042
Crypto Maximum Sharpe,2023-08-06,-0.004753602650954955,-0.0047536026509549245
Crypto Maximum Sharpe,2023-08-07,-0.0016173747329576173,-0.0016173747329576438
Crypto Maximum Sharpe,2023-08-08,0.01639719245245474,0.016397192452454634
Crypto Maximum Sharpe,2023-08-09,0.0016678783146842372,0.0016678783146841791
Crypto Maximum Sharpe,2023-08-10,-0.004138081575559743,-0.004138081575559727
Crypto Maximum Sharpe,2023-08-11,-0.003311809806594971,-0.0033118098065949564
Crypto Maximum Sharpe,2023-08-12,-0.00018462475562500263,-0.0001846247556249736
Crypto Maximum Sharpe,2023-08-13,-0.005577566629757302,-0.00557756662975728
Crypto Maximum Sharpe,2023-08-14,0.003282345447708437,0.0032823454477084457
Crypto Maximum Sharpe,2023-08-15,-0.014834030342943437,-0.014834030342943394
Crypto Maximum Sharpe,2023-08-16,-0.01618719976417682,-0.01618719976417682
Crypto Maximum Sharpe,2023-08-17,-0.06368062792869847,-0.06368062792869844
Crypto Maximum Sharpe,2023-08-18,-0.0028228276039585407,-0.0028228276039585776
Crypto Maximum Sharpe,2023-08-19,0.009088803018792342,0.009088803018792335
Crypto Maximum Sharpe,2023-08-20,0.011503417797978557,0.011503417797978477
Crypto Maximum Sharpe,2023-08-21,-0.014281586694679273,-0.014281586694679271
Crypto Maximum Sharpe,2023-08-22,-0.016608638363630884,-0.016608638363630912
Crypto Maximum Sharpe,2023-08-23,0.0295501574138778,0.029550157413877898
Crypto Maximum Sharpe,2023-08-24,-0.01121535983662928,-0.011215359836629246
Crypto Maximum Sharpe,2023-08-25,-0.005117241097318729,-0.005117241097318703
Crypto Maximum Sharpe,2023-08-26,-0.0025206146973886963,-0.0025206146973887344
Crypto Maximum Sharpe,2023-08-27,0.006569124112109579,0.006569124112109526
Crypto Maximum Sharpe,2023-08-28,-0.0006822361127126647,-0.0006822361127126753
Crypto Maximum Sharpe,2023-08-29,0.03685101134450185,0.03685101134450175
Crypto Maximum Sharpe,2023-08-30,-0.017453398000330668,-0.017453398000330633
Crypto Maximum Sharpe,2023-08-31,-0.029921859393143985,-0.029921859393143957
Crypto Maximum Sharpe,2023-09-01,-0.008350960036232253,-0.00837747087184637
Crypto Maximum Sharpe,2023-09-02,0.00624138273686085,0.006241382736860812
Crypto Maximum Sharpe,2023-09-03,-0.0006403588337822269,-0.0006403588337822175
Crypto Maximum Sharpe,2023-09-04,-0.001507119069967527,-0.0015071190699674775
Crypto Maximum Sharpe,2023-09-05,0.002570530271399792,0.0025705302713998623
Crypto Maximum Sharpe,2023-09-06,0.0026270405114073372,0.002627040511407275
Crypto Maximum Sharpe,2023-09-07,0.00660933142764842,0.006609331427648524
Crypto Maximum Sharpe,2023-09-08,-0.006647587074195286,-0.006647587074195327
Crypto Maximum Sharpe,2023-09-09,-0.0009386182771727356,-0.0009386182771727869
Crypto Maximum Sharpe,2023-09-10,-0.012161533054545379,-0.01216153305454537
Crypto Maximum Sharpe,2023-09-11,-0.033294720952041744,-0.03329472095204178
Crypto Maximum Sharpe,2023-09-12,0.027304497881084605,0.027304497881084577
Crypto Maximum Sharpe,2023-09-13,0.009385296077509946,0.009385296077510041
Crypto Maximum Sharpe,2023-09-14,0.014590850941865073,0.014590850941865074
Crypto Maximum Sharpe,2023-09-15,0.006260616671039859,0.0062606166710399425
Crypto Maximum Sharpe,2023-09-16,-0.003764707499722457,-0.003764707499722464
Crypto Maximum Sharpe,2023-09-17,-0.007397165611314675,-0.007397165611314649
Crypto Maximum Sharpe,2023-09-18,0.010304625908546366,0.010304625908546416
Crypto Maximum Sharpe,2023-09-19,0.006000419958941855,0.006000419958941849
Crypto Maximum Sharpe,2023-09-20,-0.010888261824548093,-0.010888261824548051
Crypto Maximum Sharpe,2023-09-21,-0.02276356404202323,-0.022763564042023177
Crypto Maximum Sharpe,2023-09-22,0.003957767733138028,0.00395776773313794
Crypto Maximum Sharpe,2023-09-23,0.0016302129671885762,0.0016302129671885712
Crypto Maximum Sharpe,2023-09-24,-0.0076002574271653725,-0.007600257427165413
Crypto Maximum Sharpe,2023-09-25,0.007154718722929844,0.0071547187229299425
Crypto Maximum Sharpe,2023-09-26,0.0018480255029618025,0.0018480255029618142
Crypto Maximum Sharpe,2023-09-27,0.002786617013109297,0.002786617013109227
Crypto Maximum Sharpe,2023-09-28,0.028464649938185226,0.028464649938185316
Crypto Maximum Sharpe,2023-09-29,0.010990013453102802,0.01099001345310291
Crypto Maximum Sharpe,2023-09-30,0.0035350437540308684,0.0035350437540309088
Crypto Maximum Sharpe,2023-10-01,0.033927357428984777,0.03389583227225623
Crypto Maximum Sharpe,2023-10-02,-0.035269937957323264,-0.03526993795732325
Crypto Maximum Sharpe,2023-10-03,0.0068952741698104425,0.006895274169810506
Crypto Maximum Sharpe,2023-10-04,-0.008995352800524515,-0.008995352800524548
Crypto Maximum Sharpe,2023-10-05,-0.015157827991489223,-0.015157827991489237
Crypto Maximum Sharpe,2023-10-06,0.013324398926422112,0.01332439892642201
Crypto Maximum Sharpe,2023-10-07,-0.0054098778733540935,-0.005409877873354119
Crypto Maximum Sharpe,2023-10-08,-0.0018334517479769632,-0.0018334517479769996
Crypto Maximum Sharpe,2023-10-09,-0.028129640281085354,-0.028129640281085333
Crypto Maximum Sharpe,2023-10-10,-0.006027134574799909,-0.006027134574799864
Crypto Maximum Sharpe,2023-10-11,-0.001913801930708482,-0.0019138019307084475
Crypto Maximum Sharpe,2023-10-12,-0.014933298218776599,-0.014933298218776647
Crypto Maximum Sharpe,2023-10-13,0.006850587328989059,0.006850587328989022
Crypto Maximum Sharpe,2023-10-14,0.0006525122040936199,0.0006525122040936804
Crypto Maximum Sharpe,2023-10-15,0.005721673082493427,0.005721673082493384
Crypto Maximum Sharpe,2023-10-16,0.025404907401711856,0.02540490740171175
Crypto Maximum Sharpe,2023-10-17,-0.017169261820571387,-0.017169261820571435
Crypto Maximum Sharpe,2023-10-18,-0.001159162304833227,-0.001159162304833261
Crypto Maximum Sharpe,2023-10-19,0.005514297805676455,0.00551429780567636
Crypto Maximum Sharpe,2023-10-20,0.01932857379269978,0.01932857379269981
Crypto Maximum Sharpe,2023-10-21,0.016041163353490984,0.016041163353490928
Crypto Maximum Sharpe,2023-10-22,0.012830597067131869,0.012830597067131855
Crypto Maximum Sharpe,2023-10-23,0.05204996292018259,0.05204996292018249
Crypto Maximum Sharpe,2023-10-24,0.0065151054148593675,0.006515105414859335
Crypto Maximum Sharpe,2023-10-25,0.00468532851010192,0.004685328510101838
Crypto Maximum Sharpe,2023-10-26,0.0077298571569183825,0.007729857156918429
Crypto Maximum Sharpe,2023-10-27,-0.005238839676528013,-0.005238839676528051
Crypto Maximum Sharpe,2023-10-28,0.0014295896268240725,0.001429589626824157
Crypto Maximum Sharpe,2023-10-29,0.010005469993349413,0.010005469993349392
Crypto Maximum Sharpe,2023-10-30,0.010520682781110994,0.010520682781111068
Crypto Maximum Sharpe,2023-10-31,0.0012925099832177933,0.0012925099832177267
Crypto Maximum Sharpe,2023-11-01,0.025647874741387452,0.025636983538725344
Crypto Maximum Sharpe,2023-11-02,-0.008820634933287996,-0.008820634933287996
Crypto Maximum Sharpe,2023-11-03,0.009267290945200624,0.009267290945200735
Crypto Maximum Sharpe,2023-11-04,0.009049035448801087,0.00904903544880109
Crypto Maximum Sharpe,2023-11-05,0.020192290258212613,0.020192290258212564
Crypto Maximum Sharpe,2023-11-06,0.010695536656048494,0.010695536656048388
Crypto Maximum Sharpe,2023-11-07,-0.011644285516757433,-0.011644285516757447
Crypto Maximum Sharpe,2023-11-08,0.007737529008559024,0.007737529008559063
Crypto Maximum Sharpe,2023-11-09,0.07967588416424742,0.07967588416424753
Crypto Maximum Sharpe,2023-11-10,0.013078474469272464,0.01307847446927246
Crypto Maximum Sharpe,2023-11-11,-0.0043701512203496344,-0.004370151220349672
Crypto Maximum Sharpe,2023-11-12,-0.0018337394114429889,-0.0018337394114429362
Crypto Maximum Sharpe,2023-11-13,-0.010605775339781125,-0.010605775339781132
Crypto Maximum Sharpe,2023-11-14,-0.0330471789067445,-0.03304717890674447
Crypto Maximum Sharpe,2023-11-15,0.038941428264637756,0.03894142826463787
Crypto Maximum Sharpe,2023-11-16,-0.03623465390898034,-0.036234653908980397
Crypto Maximum Sharpe,2023-11-17,0.0006521414129519619,0.0006521414129518899
Crypto Maximum Sharpe,2023-11-18,0.004213515369447753,0.004213515369447807
Crypto Maximum Sharpe,2023-11-19,0.019472727498729824,0.019472727498729858
Crypto Maximum Sharpe,2023-11-20,-0.004225033770248234,-0.004225033770248188
Crypto Maximum Sharpe,2023-11-21,-0.046162755896589955,-0.04616275589658991
Crypto Maximum Sharpe,2023-11-22,0.061844655112944305,0.06184465511294435
Crypto Maximum Sharpe,2023-11-23,0.003917083633765063,0.003917083633764973
Crypto Maximum Sharpe,2023-11-24,0.01125305226493635,0.011253052264936336
Crypto Maximum Sharpe,2023-11-25,0.013615641605311292,0.013615641605311257
Crypto Maximum Sharpe,2023-11-26,-0.010943736926848415,-0.010943736926848469
Crypto Maximum Sharpe,2023-11-27,-0.026945326524538626,-0.026945326524538626
Crypto Maximum Sharpe,2023-11-28,0.011860770770742367,0.011860770770742324
Crypto Maximum Sharpe,2023-11-29,-0.006276517141377834,-0.00627651714137778
Crypto Maximum Sharpe,2023-11-30,0.004079177670429036,0.0040791776704289795
Crypto Maximum Sharpe,2023-12-01,0.013999965107778185,0.013972587703207973
Crypto Maximum Sharpe,2023-12-02,0.029842697266260015,0.029842697266259988
Crypto Maximum Sharpe,2023-12-03,0.005766872857809582,0.005766872857809524
Crypto Maximum Sharpe,2023-12-04,0.020932791802746896,0.020932791802746875
Crypto Maximum Sharpe,2023-12-05,0.022943545762362197,0.022943545762362128
Crypto Maximum Sharpe,2023-12-06,-0.0047459242538648696,-0.004745924253864886
Crypto Maximum Sharpe,2023-12-07,0.03859636564088422,0.03859636564088431
Crypto Maximum Sharpe,2023-12-08,0.048518884097523536,0.048518884097523474
Crypto Maximum Sharpe,2023-12-09,0.008887183825072347,0.008887183825072364
Crypto Maximum Sharpe,2023-12-10,0.010898028351911223,0.010898028351911115
Crypto Maximum Sharpe,2023-12-11,-0.05502689481309579,-0.05502689481309575
Crypto Maximum Sharpe,2023-12-12,0.0040405576866183405,0.004040557686618262
Crypto Maximum Sharpe,2023-12-13,0.05087328659513474,0.05087328659513468
Crypto Maximum Sharpe,2023-12-14,0.010288361833309407,0.01028836183330939
Crypto Maximum Sharpe,2023-12-15,-0.04711449214596238,-0.04711449214596242
Crypto Maximum Sharpe,2023-12-16,0.00660877434507855,0.00660877434507845
Crypto Maximum Sharpe,2023-12-17,-0.019124761738555256,-0.019124761738555263
Crypto Maximum Sharpe,2023-12-18,0.01105176718303704,0.01105176718303702
Crypto Maximum Sharpe,2023-12-19,-0.019965947033440942,-0.0199659470334409
Crypto Maximum Sharpe,2023-12-20,0.015496401454611373,0.015496401454611286
Crypto Maximum Sharpe,2023-12-21,0.03150595848808457,0.03150595848808457
Crypto Maximum Sharpe,2023-12-22,0.019041253022899107,0.019041253022899163
Crypto Maximum Sharpe,2023-12-23,-0.00465631687747148,-0.004656316877471478
Crypto Maximum Sharpe,2023-12-24,-0.01901755446100804,-0.019017554461008057
Crypto Maximum Sharpe,2023-12-25,0.012755478241998443,0.012755478241998519
Crypto Maximum Sharpe,2023-12-26,-0.021856484656364816,-0.021856484656364805
Crypto Maximum Sharpe,2023-12-27,0.05173630892516633,0.05173630892516634
Crypto Maximum Sharpe,2023-12-28,-0.012862279978938398,-0.012862279978938407
Crypto Maximum Sharpe,2023-12-29,-0.01459452621766591,-0.014594526217665882
Crypto Maximum Sharpe,2023-12-30,-0.0039902843932218025,-0.003990284393221799
Crypto Maximum Sharpe,2023-12-31,-0.0023552185871908247,-0.0023552185871907882
Crypto Risk Parity,2023-01-01,0.007525035426805142,0.007525035426805049
Crypto Risk Parity,2023-01-02,0.018187216169560504,0.018187216169560427
Crypto Risk Parity,2023-01-03,-0.002505678597697407,-0.0025056785976974583
Crypto Risk Parity,2023-01-04,0.03374931922120585,0.03374931922120594
Crypto Risk Parity,2023-01-05,-0.013897735801193686,-0.013897735801193689
Crypto Risk Parity,2023-01-06,0.02177161771769527,0.021771617717695202
Crypto Risk Parity,2023-01-07,-0.0030674629561141626,-0.003067462956114153
Crypto Risk Parity,2023-01-08,0.021768246970034738,0.021768246970034655
Crypto Risk Parity,2023-01-09,0.02653416862138645,0.026534168621386467
Crypto Risk Parity,2023-01-10,0.006400533998836641,0.006400533998836666
Crypto Risk Parity,2023-01-11,0.029502595126313026,0.029502595126313036
Crypto Risk Parity,2023-01-12,0.02673688300334783,0.026736883003347867
Crypto Risk Parity,2023-01-13,0.03515405961154405,0.03515405961154405
Crypto Risk Parity,2023-01-14,0.03543520071285985,0.03543520071285977
Crypto Risk Parity,2023-01-15,-0.0026558886664196403,-0.002655888666419637
Crypto Risk Parity,2023-01-16,-0.003075650899090812,-0.003075650899090787
Crypto Risk Parity,2023-01-17,-0.004693224700252268,-0.004693224700252241
Crypto Risk Parity,2023-01-18,-0.04150098112148498,-0.04150098112148504
Crypto Risk Parity,2023-01-19,0.023545811316070694,0.023545811316070697
Crypto Risk Parity,2023-01-20,0.06472008075507225,0.0647200807550723
Crypto Risk Parity,2023-01-21,-0.00897432693717964,-0.008974326937179589
Crypto Risk Parity,2023-01-22,0.008528402080837024,0.008528402080836939
Crypto Risk Parity,2023-01-23,0.02017509286003516,0.02017509286003527
Crypto Risk Parity,2023-01-24,-0.039947511777101825,-0.039947511777101874
Crypto Risk Parity,2023-01-25,0.030056644264328154,0.03005664426432819
Crypto Risk Parity,2023-01-26,-0.001998245898320519,-0.0019982458983205387
Crypto Risk Parity,2023-01-27,0.01046359610668452,0.01046359610668457
Crypto Risk Parity,2023-01-28,-0.008427394037366108,-0.008427394037366143
Crypto Risk Parity,2023-01-29,0.031795796923117,0.03179579692311707
Crypto Risk Parity,2023-01-30,-0.04609788851864101,-0.04609788851864105
Crypto Risk Parity,2023-01-31,0.01917648884388513,0.01917648884388523
Crypto Risk Parity,2023-02-01,0.0259048111815602,0.02590448218385788
Crypto Risk Parity,2023-02-02,-0.004208551271007795,-0.004208551271007832
Crypto Risk Parity,2023-02-03,0.012662676393221828,0.012662676393221828
Crypto Risk Parity,2023-02-04,5.918289966297426e-05,5.918289966300172e-05
Crypto Risk Parity,2023-02-05,-0.0206274054372295,-0.020627405437229518
Crypto Risk Parity,2023-02-06,-0.01672341739637211,-0.016723417396372064
Crypto Risk Parity,2023-02-07,0.03777452344966139,0.03777452344966137
Crypto Risk Parity,2023-02-08,-0.014231670474352403,-0.014231670474352365
Crypto Risk Parity,2023-02-09,-0.057600956419146324,-0.05760095641914631
Crypto Risk Parity,2023-02-10,-0.001310316228958934,-0.001310316228958941
Crypto Risk Parity,2023-02-11,0.01109818012986318,0.011098180129863078
Crypto Risk Parity,2023-02-12,-0.01346290291726776,-0.013462902917267705
Crypto Risk Parity,2023-02-13,-0.0024364599163057255,-0.0024364599163057
Crypto Risk Parity,2023-02-14,0.02949786191687225,0.029497861916872203
Crypto Risk Parity,2023-02-15,0.06709227732019062,0.06709227732019052
Crypto Risk Parity,2023-02-16,-0.04291890656237389,-0.04291890656237385
Crypto Risk Parity,2023-02-17,0.04744713913451586,0.047447139134515925
Crypto Risk Parity,2023-02-18,0.007021441373377819,0.00702144137337779
Crypto Risk Parity,2023-02-19,-0.010670739988396861,-0.010670739988396849
Crypto Risk Parity,2023-02-20,0.0242276328859371,0.02422763288593721
Crypto Risk Parity,2023-02-21,-0.01931040772312282,-0.01931040772312287
Crypto Risk Parity,2023-02-22,-0.007267238789099758,-0.007267238789099739
Crypto Risk Parity,2023-02-23,-0.011076140400832536,-0.01107614040083249
Crypto Risk Parity,2023-02-24,-0.0343147835729195,-0.034314783572919505
Crypto Risk Parity,2023-02-25,-0.0022973464098679907,-0.0022973464098680063
Crypto Risk Parity,2023-02-26,0.017910360409107862,0.01791036040910776
Crypto Risk Parity,2023-02-27,-0.004490553305163854,-0.004490553305163902
Crypto Risk Parity,2023-02-28,-0.012921574998850594,-0.012921574998850605
Crypto Risk Parity,2023-03-01,0.025664685166434203,0.025664420578132674
Crypto Risk Parity,2023-03-02,-0.010168836253674414,-0.010168836253674374
Crypto Risk Parity,2023-03-03,-0.024974110450522162,-0.024974110450522113
Crypto Risk Parity,2023-03-04,-0.017053990259520212,-0.017053990259520257
Crypto Risk Parity,2023-03-05,-0.001451960058324639,-0.0014519600583245973
Crypto Risk Parity,2023-03-06,-0.0036694672132858916,-0.0036694672132858708
Crypto Risk Parity,2023-03-07,-0.008728130333444084,-0.008728130333444106
Crypto Risk Parity,2023-03-08,-0.026342849896977875,-0.026342849896977882
Crypto Risk Parity,2023-03-09,-0.06139393872263186,-0.06139393872263188
Crypto Risk Parity,2023-03-10,-0.005225400458395987,-0.0052254004583960345
Crypto Risk Parity,2023-03-11,0.003835340637777139,0.0038353406377771293
Crypto Risk Parity,2023-03-12,0.06831949953888926,0.06831949953888916
Crypto Risk Parity,2023-03-13,0.04651406511497206,0.046514065114972025
Crypto Risk Parity,2023-03-14,0.019707418938736062,0.019707418938736065
Crypto Risk Parity,2023-03-15,-0.04923892246321109,-0.04923892246321104
Crypto Risk Parity,2023-03-16,0.01821040502897034,0.018210405028970422
Crypto Risk Parity,2023-03-17,0.06662387189283041,0.06662387189283048
Crypto Risk Parity,2023-03-18,-0.022660573863461743,-0.022660573863461764
Crypto Risk Parity,2023-03-19,0.028461075961889237,0.028461075961889293
Crypto Risk Parity,2023-03-20,-0.0329991239501581,-0.03299912395015814
Crypto Risk Parity,2023-03-21,0.07261385744551235,0.07261385744551241
Crypto Risk Parity,2023-03-22,-0.048571415511695665,-0.04857141551169564
Crypto Risk Parity,2023-03-23,0.04690432945407732,0.04690432945407741
Crypto Risk Parity,2023-03-24,-0.027538835331116302,-0.02753883533111634
Crypto Risk Parity,2023-03-25,-0.0016670958113845372,-0.001667095811384578
Crypto Risk Parity,2023-03-26,0.01386288718296228,0.013862887182962247
Crypto Risk Parity,2023-03-27,-0.019539899982156505,-0.01953989998215655
Crypto Risk Parity,2023-03-28,0.028449247538212433,0.02844924753821254
Crypto Risk Parity,2023-03-29,0.028612192070908506,0.028612192070908593
Crypto Risk Parity,2023-03-30,-0.0022779560472964582,-0.0022779560472964144
Crypto Risk Parity,2023-03-31,0.022092483719705684,0.022092483719705625
Crypto Risk Parity,2023-04-01,-0.0038076689833653503,-0.003808079262745956
Crypto Risk Parity,2023-04-02,-0.007467935867839665,-0.00746793586783967
Crypto Risk Parity,2023-04-03,-0.0021127656596087877,-0.0021127656596088285
Crypto Risk Parity,2023-04-04,0.008951200486785382,0.008951200486785327
Crypto Risk Parity,2023-04-05,0.0046467416659613115,0.00464674166596124
Crypto Risk Parity,2023-04-06,-0.008968283967129086,-0.00896828396712912
Crypto Risk Parity,2023-04-07,-0.0007844564433449766,-0.0007844564433450163
Crypto Risk Parity,2023-04-08,-0.006960379169032919,-0.006960379169032915
Crypto Risk Parity,2023-04-09,0.008723711995285916,0.008723711995285877
Crypto Risk Parity,2023-04-10,0.024599118090669878,0.024599118090669947
Crypto Risk Parity,2023-04-11,0.004055342925518235,0.004055342925518346
Crypto Risk Parity,2023-04-12,-0.004830752185899694,-0.004830752185899678
Crypto Risk Parity,2023-04-13,0.022481624212645886,0.02248162421264599
Crypto Risk Parity,2023-04-14,0.015387875512609301,0.01538787551260934
Crypto Risk Parity,2023-04-15,-0.0005419435794649723,-0.0005419435794650207
Crypto Risk Parity,2023-04-16,0.007656306104226124,0.007656306104226074
Crypto Risk Parity,2023-04-17,-0.023937081527285527,-0.023937081527285575
Crypto Risk Parity,2023-04-18,0.021148415488655405,0.021148415488655425
Crypto Risk Parity,2023-04-19,-0.06856956015167998,-0.06856956015168003
Crypto Risk Parity,2023-04-20,-0.016380287966856272,-0.01638028796685631
Crypto Risk Parity,2023-04-21,-0.035939954199496894,-0.035939954199496915
Crypto Risk Parity,2023-04-22,0.026873259176300863,0.02687325917630079
Crypto Risk Parity,2023-04-23,-0.010631359128828696,-0.010631359128828732
Crypto Risk Parity,2023-04-24,-0.005943665155712823,-0.005943665155712874
Crypto Risk Parity,2023-04-25,0.017185196881698887,0.01718519688169895
Crypto Risk Parity,2023-04-26,-0.011538497440538304,-0.011538497440538253
Crypto Risk Parity,2023-04-27,0.01607286523052293,0.01607286523052287
Crypto Risk Parity,2023-04-28,0.0033187744300621617,0.0033187744300622324
Crypto Risk Parity,2023-04-29,0.0057458795286442245,0.005745879528644249
Crypto Risk Parity,2023-04-30,-0.013073709128339248,-0.013073709128339273
Crypto Risk Parity,2023-05-01,-0.01782103148311126,-0.017821262228967405
Crypto Risk Parity,2023-05-02,0.013544004568144453,0.01354400456814453
Crypto Risk Parity,2023-05-03,0.007158606147500805,0.007158606147500857
Crypto Risk Parity,2023-05-04,-0.009916798313553863,-0.009916798313553854
Crypto Risk Parity,2023-05-05,0.021307436708523596,0.02130743670852353
Crypto Risk Parity,2023-05-06,-0.029282759733719344,-0.0292827597337193
Crypto Risk Parity,2023-05-07,-0.011665861822856234,-0.011665861822856227
Crypto Risk Parity,2023-05-08,-0.034772886825211985,-0.03477288682521196
Crypto Risk Parity,2023-05-09,0.014687155347080733,0.01468715534708065
Crypto Risk Parity,2023-05-10,-0.0013502038244104307,-0.001350203824410423
Crypto Risk Parity,2023-05-11,-0.020756028596653306,-0.020756028596653264
Crypto Risk Parity,2023-05-12,0.006292567200555672,0.006292567200555599
Crypto Risk Parity,2023-05-13,-0.006242297191909647,-0.006242297191909607
Crypto Risk Parity,2023-05-14,0.009279348069985137,0.009279348069985094
Crypto Risk Parity,2023-05-15,0.008590628238787094,0.00859062823878709
Crypto Risk Parity,2023-05-16,0.007734609552541268,0.007734609552541238
Crypto Risk Parity,2023-05-17,0.014680403730475699,0.014680403730475744
Crypto Risk Parity,2023-05-18,-0.012019506509786806,-0.012019506509786781
Crypto Risk Parity,2023-05-19,0.0034116818280554694,0.0034116818280554018
Crypto Risk Parity,2023-05-20,0.005535158800513137,0.005535158800513029
Crypto Risk Parity,2023-05-21,-0.009805534781358987,-0.009805534781359038
Crypto Risk Parity,2023-05-22,0.008742731136987189,0.008742731136987203
Crypto Risk Parity,2023-05-23,0.00885057806718873,0.008850578067188808
Crypto Risk Parity,2023-05-24,-0.029420236707124157,-0.029420236707124126
Crypto Risk Parity,2023-05-25,0.0008289353919183883,0.0008289353919184173
Crypto Risk Parity,2023-05-26,0.012863574510696748,0.01286357451069664
Crypto Risk Parity,2023-05-27,0.00874072533948506,0.008740725339485111
Crypto Risk Parity,2023-05-28,0.028008354789545883,0.028008354789545775
Crypto Risk Parity,2023-05-29,-0.006687830665077041,-0.006687830665077055
Crypto Risk Parity,2023-05-30,0.008950610356462408,0.008950610356462496
Crypto Risk Parity,2023-05-31,-0.011287549205821264,-0.011287549205821312
Crypto Risk Parity,2023-06-01,-0.007220760225992324,-0.007220954554509662
Crypto Risk Parity,2023-06-02,0.031063296957290876,0.03106329695729082
Crypto Risk Parity,2023-06-03,-0.0036500031902589655,-0.003650003190258988
Crypto Risk Parity,2023-06-04,0.0016786958272267932,0.0016786958272267949
Crypto Risk Parity,2023-06-05,-0.054692434269400285,-0.05469243426940029
Crypto Risk Parity,2023-06-06,0.03474929107361802,0.034749291073618016
Crypto Risk Parity,2023-06-07,-0.0336646744628806,-0.03366467446288057
Crypto Risk Parity,2023-06-08,0.007071590125529607,0.007071590125529603
Crypto Risk Parity,2023-06-09,-0.012142362030455886,-0.012142362030455933
Crypto Risk Parity,2023-06-10,-0.07764544055051374,-0.0776454405505137
Crypto Risk Parity,2023-06-11,0.0020145083670471756,0.0020145083670470854
Crypto Risk Parity,2023-06-12,0.000599680632721382,0.0005996806327213111
Crypto Risk Parity,2023-06-13,0.002245176935538153,0.0022451769355380513
Crypto Risk Parity,2023-06-14,-0.042208509446860214,-0.042208509446860165
Crypto Risk Parity,2023-06-15,0.006149407381507674,0.006149407381507599
Crypto Risk Parity,2023-06-16,0.012130597791342632,0.012130597791342623
Crypto Risk Parity,2023-06-17,0.009570768265825166,0.009570768265825258
Crypto Risk Parity,2023-06-18,-0.005684592749042551,-0.0056845927490425385
Crypto Risk Parity,2023-06-19,0.007093064411451684,0.007093064411451744
Crypto Risk Parity,2023-06-20,0.02833970042829196,0.028339700428291925
Crypto Risk Parity,2023-06-21,0.06743291764632423,0.0674329176463242
Crypto Risk Parity,2023-06-22,-0.003601363757980841,-0.0036013637579808133
Crypto Risk Parity,2023-06-23,0.06927476670633974,0.06927476670633981
Crypto Risk Parity,2023-06-24,0.009733442541122593,0.009733442541122628
Crypto Risk Parity,2023-06-25,-0.00930266039409106,-0.009302660394091111
Crypto Risk Parity,2023-06-26,0.0046223152872108585,0.00462231528721091
Crypto Risk Parity,2023-06-27,0.022149405874050516,0.022149405874050565
Crypto Risk Parity,2023-06-28,-0.03810685437546095,-0.03810685437546091
Crypto Risk Parity,2023-06-29,0.02816507066914281,0.028165070669142755
Crypto Risk Parity,2023-06-30,0.08748362196309109,0.08748362196309101
Crypto Risk Parity,2023-07-01,-0.001469641385768078,-0.0014709349926864679
Crypto Risk Parity,2023-07-02,0.005187625736553634,0.005187625736553736
Crypto Risk Parity,2023-07-03,-0.0034035340912976454,-0.0034035340912976775
Crypto Risk Parity,2023-07-04,-0.018425575172790244,-0.0184255751727902
Crypto Risk Parity,2023-07-05,-0.014644919952232952,-0.014644919952232938
Crypto Risk Parity,2023-07-06,-0.02472393716227581,-0.024723937162275833
Crypto Risk Parity,2023-07-07,0.01764944894077395,0.017649448940773915
Crypto Risk Parity,2023-07-08,0.0018961269041622428,0.0018961269041621875
Crypto Risk Parity,2023-07-09,-0.013492501315681837,-0.013492501315681804
Crypto Risk Parity,2023-07-10,0.012204495301629746,0.012204495301629814
Crypto Risk Parity,2023-07-11,0.0005708362353029345,0.0005708362353029628
Crypto Risk Parity,2023-07-12,-0.00439549073697061,-0.004395490736970653
Crypto Risk Parity,2023-07-13,0.18669588725247166,0.18669588725247177
Crypto Risk Parity,2023-07-14,-0.05980652457162324,-0.059806524571623276
Crypto Risk Parity,2023-07-15,-0.009243572096932662,-0.009243572096932606
Crypto Risk Parity,2023-07-16,-0.005053118289779868,-0.005053118289779834
Crypto Risk Parity,2023-07-17,-0.004320020600319916,-0.004320020600319885
Crypto Risk Parity,2023-07-18,0.0003254807207444038,0.0003254807207444532
Crypto Risk Parity,2023-07-19,0.028013666832620434,0.02801366683262052
Crypto Risk Parity,2023-07-20,-0.00038977718586567876,-0.00038977718586563626
Crypto Risk Parity,2023-07-21,-0.0015062671471193444,-0.0015062671471193223
Crypto Risk Parity,2023-07-22,-0.01146755744654208,-0.011467557446542043
Crypto Risk Parity,2023-07-23,0.01260037092113581,0.01260037092113575
Crypto Risk Parity,2023-07-24,-0.03822567933018874,-0.03822567933018872
Crypto Risk Parity,2023-07-25,0.000720124824401462,0.0007201248244015357
Crypto Risk Parity,2023-07-26,0.014699327272737601,0.014699327272737595
Crypto Risk Parity,2023-07-27,0.0018026117334482001,0.0018026117334482006
Crypto Risk Parity,2023-07-28,0.0077557877582772735,0.007755787758277233
Crypto Risk Parity,2023-07-29,0.0028413213283545466,0.0028413213283544625
Crypto Risk Parity,2023-07-30,-0.0029288627092529224,-0.002928862709252966
Crypto Risk Parity,2023-07-31,-0.01653182532026385,-0.01653182532026387
Crypto Risk Parity,2023-08-01,0.008588773197031647,0.00858556471154559
Crypto Risk Parity,2023-08-02,-0.03593876095709861,-0.03593876095709858
Crypto Risk Parity,2023-08-03,-0.01598841595885128,-0.015988415958851254
Crypto Risk Parity,2023-08-04,-0.007046442465474191,-0.007046442465474145
Crypto Risk Parity,2023-08-05,0.004175391892833954,0.004175391892834002
Crypto Risk Parity,2023-08-06,-0.005200867727364214,-0.005200867727364167
Crypto Risk Parity,2023-08-07,0.0066804469415464056,0.0066804469415464585
Crypto Risk Parity,2023-08-08,0.014828213582420117,0.014828213582420036
Crypto Risk Parity,2023-08-09,-0.0024666433114021273,-0.002466643311402117
Crypto Risk Parity,2023-08-10,-0.009603197557465488,-0.009603197557465526
Crypto Risk Parity,2023-08-11,-0.002363129519788361,-0.002363129519788343
Crypto Risk Parity,2023-08-12,-1.422718971591107e-05,-1.4227189715887434e-05
Crypto Risk Parity,2023-08-13,-0.00610054044516669,-0.0061005404451667244
Crypto Risk Parity,2023-08-14,0.0021674183168691333,0.002167418316869174
Crypto Risk Parity,2023-08-15,-0.02670532395917181,-0.0267053239591718
Crypto Risk Parity,2023-08-16,-0.03694134127815069,-0.03694134127815074
Crypto Risk Parity,2023-08-17,-0.08607028220910325,-0.08607028220910329
Crypto Risk Parity,2023-08-18,0.004144382214666694,0.004144382214666731
Crypto Risk Parity,2023-08-19,0.013648548718946836,0.013648548718946829
Crypto Risk Parity,2023-08-20,0.0163589475611765,0.016358947561176507
Crypto Risk Parity,2023-08-21,-0.009514544212331503,-0.009514544212331555
Crypto Risk Parity,2023-08-22,-0.013640534303264586,-0.013640534303264618
Crypto Risk Parity,2023-08-23,0.030409539020132374,0.030409539020132437
Crypto Risk Parity,2023-08-24,-0.012050466341222164,-0.012050466341222199
Crypto Risk Parity,2023-08-25,-0.0011675261748007875,-0.0011675261748007593
Crypto Risk Parity,2023-08-26,-0.005114735145462706,-0.005114735145462679
Crypto Risk Parity,2023-08-27,0.00864684766903654,0.00864684766903645
Crypto Risk Parity,2023-08-28,-0.0055532250905076345,-0.005553225090507596
Crypto Risk Parity,2023-08-29,0.054228150721173145,0.05422815072117304
Crypto Risk Parity,2023-08-30,-0.021781898590511044,-0.02178189859051105
Crypto Risk Parity,2023-08-31,-0.03752698400665177,-0.037526984006651776
Crypto Risk Parity,2023-09-01,-0.012353289309616435,-0.01235372355776021
Crypto Risk Parity,2023-09-02,0.0026157809185739654,0.002615780918574062
Crypto Risk Parity,2023-09-03,0.0057547437680206485,0.005754743768020543
Crypto Risk Parity,2023-09-04,0.002610306423420935,0.0026103064234208606
Crypto Risk Parity,2023-09-05,-0.0016020648849369061,-0.0016020648849368602
Crypto Risk Parity,2023-09-06,0.0016811335446984149,0.0016811335446984543
Crypto Risk Parity,2023-09-07,0.008093442879187784,0.008093442879187673
Crypto Risk Parity,2023-09-08,-0.005449467612044587,-0.005449467612044567
Crypto Risk Parity,2023-09-09,0.003365391863816327,0.003365391863816347
Crypto Risk Parity,2023-09-10,-0.012883665371852766,-0.012883665371852815
Crypto Risk Parity,2023-09-11,-0.032420008942782574,-0.03242000894278263
Crypto Risk Parity,2023-09-12,0.02110606270179068,0.021106062701790718
Crypto Risk Parity,2023-09-13,0.01111427788118865,0.011114277881188572
Crypto Risk Parity,2023-09-14,0.015160551576278904,0.015160551576278936
Crypto Risk Parity,2023-09-15,0.016456739141087195,0.01645673914108725
Crypto Risk Parity,2023-09-16,-0.0038931673467535372,-0.00389316734675349
Crypto Risk Parity,2023-09-17,-0.015135556916791179,-0.015135556916791137
Crypto Risk Parity,2023-09-18,0.018754693749726627,0.018754693749726714
Crypto Risk Parity,2023-09-19,0.012102107372679515,0.012102107372679471
Crypto Risk Parity,2023-09-20,-0.010284890829791594,-0.01028489082979156
Crypto Risk Parity,2023-09-21,-0.019788140184932967,-0.019788140184932912
Crypto Risk Parity,2023-09-22,0.0012618998440852643,0.0012618998440852014
Crypto Risk Parity,2023-09-23,0.0024411563514909573,0.002441156351491003
Crypto Risk Parity,2023-09-24,-0.012678589175298285,-0.012678589175298294
Crypto Risk Parity,2023-09-25,0.00842684195993898,0.008426841959938924
Crypto Risk Parity,2023-09-26,-0.002901228175422239,-0.0029012281754222657
Crypto Risk Parity,2023-09-27,0.008866004087536478,0.008866004087536572
Crypto Risk Parity,2023-09-28,0.024988635849369712,0.02498863584936961
Crypto Risk Parity,2023-09-29,0.005415681635321967,0.005415681635321912
Crypto Risk Parity,2023-09-30,0.0036563819848857457,0.003656381984885826
Crypto Risk Parity,2023-10-01,0.029880723773650156,0.029880621147390984
Crypto Risk Parity,2023-10-02,-0.022690067672703904,-0.022690067672703873
Crypto Risk Parity,2023-10-03,0.0009004127006947216,0.0009004127006946305
Crypto Risk Parity,2023-10-04,-0.005583455726506989,-0.005583455726506981
Crypto Risk Parity,2023-10-05,-0.011077917364981834,-0.01107791736498187
Crypto Risk Parity,2023-10-06,0.010036895870434392,0.010036895870434437
Crypto Risk Parity,2023-10-07,-0.003786777317064458,-0.003786777317064449
Crypto Risk Parity,2023-10-08,-0.0044619876272863805,-0.004461987627286335
Crypto Risk Parity,2023-10-09,-0.02967833857610509,-0.029678338576105134
Crypto Risk Parity,2023-10-10,-0.0071918159546408515,-0.007191815954640801
Crypto Risk Parity,2023-10-11,-0.009421083773609645,-0.009421083773609618
Crypto Risk Parity,2023-10-12,-0.008359266741628886,-0.008359266741628901
Crypto Risk Parity,2023-10-13,0.00684379921169409,0.0068437992116940904
Crypto Risk Parity,2023-10-14,0.0013200984510338422,0.0013200984510337577
Crypto Risk Parity,2023-10-15,0.006555400489173815,0.006555400489173913
Crypto Risk Parity,2023-10-16,0.030752658561239,0.030752658561238988
Crypto Risk Parity,2023-10-17,-0.017745026039241094,-0.017745026039241107
Crypto Risk Parity,2023-10-18,-0.006467734468808866,-0.006467734468808883
Crypto Risk Parity,2023-10-19,0.016743877790155882,0.016743877790155848
Crypto Risk Parity,2023-10-20,0.021840917706317037,0.02184091770631702
Crypto Risk Parity,2023-10-21,0.017881880056020587,0.017881880056020538
Crypto Risk Parity,2023-10-22,0.00450429393505936,0.004504293935059467
Crypto Risk Parity,2023-10-23,0.05901850362353226,0.059018503623532226
Crypto Risk Parity,2023-10-24,0.0014625467182415326,0.0014625467182416418
Crypto Risk Parity,2023-10-25,0.004528782557261955,0.004528782557261968
Crypto Risk Parity,2023-10-26,-0.0009388327644041308,-0.0009388327644040961
Crypto Risk Parity,2023-10-27,-0.010255151597151176,-0.01025515159715118
Crypto Risk Parity,2023-10-28,0.011243810190954244,0.011243810190954218
Crypto Risk Parity,2023-10-29,0.012366578903811418,0.012366578903811432
Crypto Risk Parity,2023-10-30,0.011394003555930904,0.01139400355593101
Crypto Risk Parity,2023-10-31,0.008938206658303166,0.00893820665830325
Crypto Risk Parity,2023-11-01,0.020795262702194086,0.020795056705897652
Crypto Risk Parity,2023-11-02,-0.010645118150398689,-0.010645118150398702
Crypto Risk Parity,2023-11-03,0.004788898811200132,0.0047888988112001485
Crypto Risk Parity,2023-11-04,0.009211697850262478,0.009211697850262546
Crypto Risk Parity,2023-11-05,0.0205903876829392,0.020590387682939193
Crypto Risk Parity,2023-11-06,0.0273822380727802,0.027382238072780174
Crypto Risk Parity,2023-11-07,-0.013687465069103621,-0.013687465069103677
Crypto Risk Parity,2023-11-08,0.008920664720009693,0.008920664720009741
Crypto Risk Parity,2023-11-09,0.020312618142712742,0.02031261814271268
Crypto Risk Parity,2023-11-10,0.01684186123153562,0.016841861231535526
Crypto Risk Parity,2023-11-11,0.0005074893617908837,0.0005074893617909026
Crypto Risk Parity,2023-11-12,-0.0008014985433726421,-0.0008014985433726363
Crypto Risk Parity,2023-11-13,-0.015250490141438817,-0.015250490141438866
Crypto Risk Parity,2023-11-14,-0.03180812365365898,-0.031808123653658926
Crypto Risk Parity,2023-11-15,0.04267335083268584,0.04267335083268575
Crypto Risk Parity,2023-11-16,-0.033864117068743246,-0.03386411706874326
Crypto Risk Parity,2023-11-17,-0.0005146129333242898,-0.0005146129333243321
Crypto Risk Parity,2023-11-18,0.0009514760459842756,0.0009514760459843341
Crypto Risk Parity,2023-11-19,0.01754090212832811,0.01754090212832815
Crypto Risk Parity,2023-11-20,-0.0116847790700424,-0.011684779070042395
Crypto Risk Parity,2023-11-21,-0.051868706963554896,-0.051868706963554945
Crypto Risk Parity,2023-11-22,0.04752917900259125,0.04752917900259135
Crypto Risk Parity,2023-11-23,0.0030672418113098098,0.0030672418113097955
Crypto Risk Parity,2023-11-24,0.01097952090917017,0.010979520909170093
Crypto Risk Parity,2023-11-25,0.014612773547586694,0.014612773547586722
Crypto Risk Parity,2023-11-26,-0.010741062664677796,-0.01074106266467778
Crypto Risk Parity,2023-11-27,-0.02366891621668367,-0.023668916216683655
Crypto Risk Parity,2023-11-28,0.01111881066626574,0.011118810666265633
Crypto Risk Parity,2023-11-29,-0.0014253862586359463,-0.0014253862586359745
Crypto Risk Parity,2023-11-30,-0.003539569781119339,-0.003539569781119356
Crypto Risk Parity,2023-12-01,0.01663898231702381,0.016638775125547012
Crypto Risk Parity,2023-12-02,0.019511145820330457,0.019511145820330533
Crypto Risk Parity,2023-12-03,0.004792914419149162,0.004792914419149197
Crypto Risk Parity,2023-12-04,0.025258268963707333,0.02525826896370731
Crypto Risk Parity,2023-12-05,0.01974734112743455,0.01974734112743448
Crypto Risk Parity,2023-12-06,0.0007341611721163222,0.0007341611721163321
Crypto Risk Parity,2023-12-07,0.021885147416510715,0.02188514741651071
Crypto Risk Parity,2023-12-08,0.0453957865354519,0.045395786535451954
Crypto Risk Parity,2023-12-09,0.0050261111418833295,0.005026111141883227
Crypto Risk Parity,2023-12-10,0.0024503782549160384,0.002450378254916119
Crypto Risk Parity,2023-12-11,-0.06453703234429213,-0.06453703234429209
Crypto Risk Parity,2023-12-12,0.005943725857334214,0.00594372585733427
Crypto Risk Parity,2023-12-13,0.030467428595064745,0.030467428595064794
Crypto Risk Parity,2023-12-14,0.005975133636447151,0.005975133636447083
Crypto Risk Parity,2023-12-15,-0.03935250614189815,-0.039352506141898114
Crypto Risk Parity,2023-12-16,0.017555652097149464,0.017555652097149377
Crypto Risk Parity,2023-12-17,-0.01887726780750388,-0.018877267807503872
Crypto Risk Parity,2023-12-18,0.004177936888031383,0.004177936888031475
Crypto Risk Parity,2023-12-19,-0.013476016821997217,-0.013476016821997172
Crypto Risk Parity,2023-12-20,0.019553107416062178,0.0195531074160622
Crypto Risk Parity,2023-12-21,0.026490595066984007,0.026490595066984035
Crypto Risk Parity,2023-12-22,0.016705357014673433,0.01670535701467335
Crypto Risk Parity,2023-12-23,-0.00832521657099583,-0.00832521657099583
Crypto Risk Parity,2023-12-24,-0.01737290489034274,-0.01737290489034271
Crypto Risk Parity,2023-12-25,0.028302445490606107,0.02830244549060601
Crypto Risk Parity,2023-12-26,-0.02249009172340158,-0.02249009172340155
Crypto Risk Parity,2023-12-27,0.05019482541718283,0.0501948254171829
Crypto Risk Parity,2023-12-28,-0.00861110733654953,-0.008611107336549573
Crypto Risk Parity,2023-12-29,-0.01803637621190542,-0.018036376211905458
Crypto Risk Parity,2023-12-30,0.006698646644580755,0.0066986466445808635
Crypto Risk Parity,2023-12-31,-0.010261945696054053,-0.010261945696054098
Crypto Minimum CVaR,2023-01-01,0.00471714259650424,0.004717142596504242
Crypto Minimum CVaR,2023-01-02,0.0038693443449914124,0.00386934434499131
Crypto Minimum CVaR,2023-01-03,-0.0006455573876085992,-0.0006455573876086307
Crypto Minimum CVaR,2023-01-04,0.010684063187499586,0.010684063187499593
Crypto Minimum CVaR,2023-01-05,-0.002006329583680275,-0.0020063295836802997
Crypto Minimum CVaR,2023-01-06,0.006153404657686281,0.006153404657686323
Crypto Minimum CVaR,2023-01-07,-3.960064710129235e-05,-3.9600647101289965e-05
Crypto Minimum CVaR,2023-01-08,0.008665301231919326,0.008665301231919331
Crypto Minimum CVaR,2023-01-09,0.006382594464498698,0.0063825944644986254
Crypto Minimum CVaR,2023-01-10,0.01424073713290092,0.014240737132900971
Crypto Minimum CVaR,2023-01-11,0.028081013757698812,0.02808101375769878
Crypto Minimum CVaR,2023-01-12,0.05112410736856827,0.051124107368568206
Crypto Minimum CVaR,2023-01-13,0.05500966778417205,0.055009667784172045
Crypto Minimum CVaR,2023-01-14,0.05303451021559329,0.053034510215593356
Crypto Minimum CVaR,2023-01-15,-0.0042549819071631325,-0.004254981907163113
Crypto Minimum CVaR,2023-01-16,0.01352702782883763,0.013527027828837523
Crypto Minimum CVaR,2023-01-17,-0.0006464073482683706,-0.0006464073482683741
Crypto Minimum CVaR,2023-01-18,-0.022865547164826045,-0.022865547164826028
Crypto Minimum CVaR,2023-01-19,0.01924414550293795,0.01924414550293796
Crypto Minimum CVaR,2023-01-20,0.07464547967914717,0.07464547967914714
Crypto Minimum CVaR,2023-01-21,0.003926908681092984,0.003926908681092911
Crypto Minimum CVaR,2023-01-22,-0.0024716979850494766,-0.002471697985049426
Crypto Minimum CVaR,2023-01-23,0.00964004064696813,0.009640040646968107
Crypto Minimum CVaR,2023-01-24,-0.013685180761340458,-0.01368518076134051
Crypto Minimum CVaR,2023-01-25,0.021409680748311778,0.021409680748311732
Crypto Minimum CVaR,2023-01-26,-0.0036348110277184954,-0.003634811027718454
Crypto Minimum CVaR,2023-01-27,0.0026711987964299112,0.0026711987964298523
Crypto Minimum CVaR,2023-01-28,-0.002200487658814554,-0.0022004876588145317
Crypto Minimum CVaR,2023-01-29,0.03177038681073859,0.03177038681073863
Crypto Minimum CVaR,2023-01-30,-0.03894001201773693,-0.03894001201773689
Crypto Minimum CVaR,2023-01-31,0.012770440771373065,0.012770440771373126
Crypto Minimum CVaR,2023-02-01,0.02517277210020741,0.02516500891255169
Crypto Minimum CVaR,2023-02-02,-0.010441279021593388,-0.01044127902159342
Crypto Minimum CVaR,2023-02-03,-0.0009009918438909874,-0.0009009918438910303
Crypto Minimum CVaR,2023-02-04,-0.005006457697912775,-0.005006457697912747
Crypto Minimum CVaR,2023-02-05,-0.01594093633877978,-0.0159409363387798
Crypto Minimum CVaR,2023-02-06,-0.008567410186482575,-0.00856741018648255
Crypto Minimum CVaR,2023-02-07,0.02232028835740016,0.022320288357400075
Crypto Minimum CVaR,2023-02-08,-0.013688711016691349,-0.013688711016691335
Crypto Minimum CVaR,2023-02-09,-0.048973902466687716,-0.04897390246668776
Crypto Minimum CVaR,2023-02-10,-0.007521692524781,-0.007521692524780965
Crypto Minimum CVaR,2023-02-11,0.010124007500789926,0.010124007500790011
Crypto Minimum CVaR,2023-02-12,-0.0037414121713280676,-0.0037414121713280624
Crypto Minimum CVaR,2023-02-13,0.0011539301105683237,0.001153930110568302
Crypto Minimum CVaR,2023-02-14,0.018911191635897162,0.01891119163589705
Crypto Minimum CVaR,2023-02-15,0.09362642554852539,0.0936264255485253
Crypto Minimum CVaR,2023-02-16,-0.02840169503275531,-0.02840169503275536
Crypto Minimum CVaR,2023-02-17,0.040003273251188236,0.04000327325118813
Crypto Minimum CVaR,2023-02-18,0.0030119925793978598,0.003011992579397882
Crypto Minimum CVaR,2023-02-19,-0.012581577246664257,-0.01258157724666431
Crypto Minimum CVaR,2023-02-20,0.02062797164050638,0.02062797164050645
Crypto Minimum CVaR,2023-02-21,-0.015987142185255213,-0.01598714218525521
Crypto Minimum CVaR,2023-02-22,-0.010041749979777527,-0.010041749979777581
Crypto Minimum CVaR,2023-02-23,-0.009867114529639537,-0.009867114529639509
Crypto Minimum CVaR,2023-02-24,-0.031235586629631926,-0.031235586629631884
Crypto Minimum CVaR,2023-02-25,-0.0009743187601109403,-0.0009743187601108927
Crypto Minimum CVaR,2023-02-26,0.01672164156461121,0.0167216415646112
Crypto Minimum CVaR,2023-02-27,-0.0016277000485781414,-0.0016277000485781512
Crypto Minimum CVaR,2023-02-28,-0.0158701913335054,-0.015870191333505423
Crypto Minimum CVaR,2023-03-01,0.021463107946983896,0.021461870261302973
Crypto Minimum CVaR,2023-03-02,-0.007189461261476204,-0.007189461261476238
Crypto Minimum CVaR,2023-03-03,-0.04726920472011277,-0.047269204720112756
Crypto Minimum CVaR,2023-03-04,-0.0004933263970249277,-0.0004933263970249291
Crypto Minimum CVaR,2023-03-05,0.0037317524779841836,0.003731752477984074
Crypto Minimum CVaR,2023-03-06,-0.00022896359716465832,-0.000228963597164622
Crypto Minimum CVaR,2023-03-07,-0.009448058566921151,-0.009448058566921103
Crypto Minimum CVaR,2023-03-08,-0.02249341445879687,-0.022493414458796823
Crypto Minimum CVaR,2023-03-09,-0.06287170992071335,-0.06287170992071334
Crypto Minimum CVaR,2023-03-10,-0.00873691838140839,-0.008736918381408443
Crypto Minimum CVaR,2023-03-11,0.022169126220691032,0.022169126220691115
Crypto Minimum CVaR,2023-03-12,0.0744300853530906,0.07443008535309059
Crypto Minimum CVaR,2023-03-13,0.09114620892685453,0.09114620892685443
Crypto Minimum CVaR,2023-03-14,0.02239525633228,0.02239525633228001
Crypto Minimum CVaR,2023-03-15,-0.015095433043329737,-0.01509543304332972
Crypto Minimum CVaR,2023-03-16,0.027458143904136475,0.027458143904136367
Crypto Minimum CVaR,2023-03-17,0.09398820703668787,0.09398820703668775
Crypto Minimum CVaR,2023-03-18,-0.016835117902257855,-0.01683511790225789
Crypto Minimum CVaR,2023-03-19,0.039483386836635034,0.039483386836635104
Crypto Minimum CVaR,2023-03-20,-0.009854155404772972,-0.009854155404772968
Crypto Minimum CVaR,2023-03-21,0.014910110157019986,0.014910110157019929
Crypto Minimum CVaR,2023-03-22,-0.03171150281237773,-0.03171150281237778
Crypto Minimum CVaR,2023-03-23,0.03819095768911498,0.03819095768911507
Crypto Minimum CVaR,2023-03-24,-0.029650259634077327,-0.029650259634077303
Crypto Minimum CVaR,2023-03-25,0.00010159596336263373,0.00010159596336256627
Crypto Minimum CVaR,2023-03-26,0.018052278350984285,0.01805227835098422
Crypto Minimum CVaR,2023-03-27,-0.030286167325076392,-0.030286167325076385
Crypto Minimum CVaR,2023-03-28,0.0047854050767189675,0.004785405076718874
Crypto Minimum CVaR,2023-03-29,0.03918744525838765,0.039187445258387577
Crypto Minimum CVaR,2023-03-30,-0.010895295018471711,-0.010895295018471751
Crypto Minimum CVaR,2023-03-31,0.015829978533656027,0.015829978533655975
Crypto Minimum CVaR,2023-04-01,-0.0022854008931777314,-0.002289138299601312
Crypto Minimum CVaR,2023-04-02,-0.007513145966817667,-0.007513145966817625
Crypto Minimum CVaR,2023-04-03,-0.014422695267487436,-0.014422695267487406
Crypto Minimum CVaR,2023-04-04,0.013544894406516872,0.01354489440651685
Crypto Minimum CVaR,2023-04-05,0.0003694258532728144,0.00036942585327270905
Crypto Minimum CVaR,2023-04-06,-0.004731864649094379,-0.004731864649094364
Crypto Minimum CVaR,2023-04-07,-0.004200152819122694,-0.004200152819122671
Crypto Minimum CVaR,2023-04-08,0.0007847802518471431,0.0007847802518472502
Crypto Minimum CVaR,2023-04-09,0.01376022389250751,0.013760223892507417
Crypto Minimum CVaR,2023-04-10,0.04644296742302037,0.046442967423020454
Crypto Minimum CVaR,2023-04-11,0.01949930810707082,0.0194993081070709
Crypto Minimum CVaR,2023-04-12,-0.0032462597209243303,-0.003246259720924294
Crypto Minimum CVaR,2023-04-13,0.008610275571469886,0.008610275571469872
Crypto Minimum CVaR,2023-04-14,0.002895917465330744,0.0028959174653306885
Crypto Minimum CVaR,2023-04-15,-0.00547830826993006,-0.00547830826993001
Crypto Minimum CVaR,2023-04-16,-7.025578765343168e-05,-7.025578765340601e-05
Crypto Minimum CVaR,2023-04-17,-0.028640862981466418,-0.028640862981466397
Crypto Minimum CVaR,2023-04-18,0.03227971915338829,0.03227971915338834
Crypto Minimum CVaR,2023-04-19,-0.05165881710653444,-0.051658817106534416
Crypto Minimum CVaR,2023-04-20,-0.01995545641414376,-0.019955456414143757
Crypto Minimum CVaR,2023-04-21,-0.03419805880243256,-0.03419805880243254
Crypto Minimum CVaR,2023-04-22,0.019805590081817714,0.019805590081817703
Crypto Minimum CVaR,2023-04-23,-0.008060537692351459,-0.008060537692351488
Crypto Minimum CVaR,2023-04-24,-0.002416000363476179,-0.002416000363476223
Crypto Minimum CVaR,2023-04-25,0.02829095637384417,0.028290956373844267
Crypto Minimum CVaR,2023-04-26,0.004009418062904292,0.004009418062904224
Crypto Minimum CVaR,2023-04-27,0.0368716349460108,0.036871634946010756
Crypto Minimum CVaR,2023-04-28,-0.004457538324854002,-0.00445753832485396
Crypto Minimum CVaR,2023-04-29,-0.0030390684145719777,-0.0030390684145720215
Crypto Minimum CVaR,2023-04-30,0.0006536081725591693,0.0006536081725592169
Crypto Minimum CVaR,2023-05-01,-0.039994989738709845,-0.03999498973870985
Crypto Minimum CVaR,2023-05-02,0.020926065582506197,0.020926065582506093
Crypto Minimum CVaR,2023-05-03,0.011313773756269768,0.011313773756269851
Crypto Minimum CVaR,2023-05-04,-0.005434229373914668,-0.00543422937391469
Crypto Minimum CVaR,2023-05-05,0.023797488700957523,0.023797488700957548
Crypto Minimum CVaR,2023-05-06,-0.021276456363954244,-0.021276456363954255
Crypto Minimum CVaR,2023-05-07,-0.015550032326321796,-0.015550032326321794
Crypto Minimum CVaR,2023-05-08,-0.026679564585748754,-0.026679564585748716
Crypto Minimum CVaR,2023-05-09,-0.001239733511393056,-0.0012397335113930597
Crypto Minimum CVaR,2023-05-10,-0.0013144909898067949,-0.001314490989806849
Crypto Minimum CVaR,2023-05-11,-0.02248918054781028,-0.02248918054781024
Crypto Minimum CVaR,2023-05-12,-0.007141974932006757,-0.007141974932006745
Crypto Minimum CVaR,2023-05-13,-0.0007608710478336474,-0.0007608710478336222
Crypto Minimum CVaR,2023-05-14,0.005451542206314267,0.005451542206314164
Crypto Minimum CVaR,2023-05-15,0.009740141371066782,0.009740141371066713
Crypto Minimum CVaR,2023-05-16,-0.005697986947154424,-0.005697986947154399
Crypto Minimum CVaR,2023-05-17,0.013369596661765069,0.01336959666176507
Crypto Minimum CVaR,2023-05-18,-0.020641025279525136,-0.02064102527952516
Crypto Minimum CVaR,2023-05-19,0.002172474859815331,0.00217247485981531
Crypto Minimum CVaR,2023-05-20,0.008980103406756793,0.008980103406756701
Crypto Minimum CVaR,2023-05-21,-0.013661632768077808,-0.013661632768077858
Crypto Minimum CVaR,2023-05-22,0.003787945672472199,0.003787945672472093
Crypto Minimum CVaR,2023-05-23,0.013906099311944935,0.013906099311944864
Crypto Minimum CVaR,2023-05-24,-0.03267352429839904,-0.03267352429839909
Crypto Minimum CVaR,2023-05-25,0.005343354611830028,0.005343354611829998
Crypto Minimum CVaR,2023-05-26,0.009077039711540386,0.00907703971154028
Crypto Minimum CVaR,2023-05-27,0.005645644613671457,0.005645644613671452
Crypto Minimum CVaR,2023-05-28,0.04514038699006681,0.04514038699006684
Crypto Minimum CVaR,2023-05-29,-0.012115221387934184,-0.012115221387934194
Crypto Minimum CVaR,2023-05-30,-0.001550347899644578,-0.0015503478996445885
Crypto Minimum CVaR,2023-05-31,-0.017413300659514762,-0.01741330065951474
Crypto Minimum CVaR,2023-06-01,-0.014636500744379853,-0.014637493560465176
Crypto Minimum CVaR,2023-06-02,0.016559126460474596,0.016559126460474527
Crypto Minimum CVaR,2023-06-03,-0.006430428042587895,-0.006430428042587866
Crypto Minimum CVaR,2023-06-04,0.001587206532807078,0.001587206532807084
Crypto Minimum CVaR,2023-06-05,-0.05004157158756534,-0.05004157158756528
Crypto Minimum CVaR,2023-06-06,0.05705152786331018,0.057051527863310136
Crypto Minimum CVaR,2023-06-07,-0.032694658420432454,-0.0326946584204324
Crypto Minimum CVaR,2023-06-08,0.006179101395029521,0.006179101395029418
Crypto Minimum CVaR,2023-06-09,-0.0014678073155580994,-0.0014678073155580673
Crypto Minimum CVaR,2023-06-10,-0.0238142209090862,-0.023814220909086248
Crypto Minimum CVaR,2023-06-11,0.003468794643145507,0.003468794643145534
Crypto Minimum CVaR,2023-06-12,-0.001370772229177782,-0.001370772229177808
Crypto Minimum CVaR,2023-06-13,0.000697114769867754,0.0006971147698677793
Crypto Minimum CVaR,2023-06-14,-0.030532740792746815,-0.030532740792746815
Crypto Minimum CVaR,2023-06-15,0.0178707779024339,0.017870777902433854
Crypto Minimum CVaR,2023-06-16,0.029154082919842915,0.029154082919842894
Crypto Minimum CVaR,2023-06-17,0.007008546963797001,0.0070085469637970466
Crypto Minimum CVaR,2023-06-18,-0.006664076384077136,-0.006664076384077178
Crypto Minimum CVaR,2023-06-19,0.019418453469224627,0.01941845346922455
Crypto Minimum CVaR,2023-06-20,0.05471236735815948,0.05471236735815954
Crypto Minimum CVaR,2023-06-21,0.05979941322573917,0.05979941322573912
Crypto Minimum CVaR,2023-06-22,-0.0038444251580174687,-0.003844425158017417
Crypto Minimum CVaR,2023-06-23,0.026127516264123903,0.026127516264123907
Crypto Minimum CVaR,2023-06-24,-0.004826826374140006,-0.004826826374140003
Crypto Minimum CVaR,2023-06-25,-0.0021478668120426567,-0.002147866812042709
Crypto Minimum CVaR,2023-06-26,-0.006773988866002648,-0.006773988866002667
Crypto Minimum CVaR,2023-06-27,0.013746200477135567,0.013746200477135595
Crypto Minimum CVaR,2023-06-28,-0.019550706110414623,-0.01955070611041465
Crypto Minimum CVaR,2023-06-29,0.011921549783201075,0.011921549783201035
Crypto Minimum CVaR,2023-06-30,0.0011822608144792402,0.0011822608144791413
Crypto Minimum CVaR,2023-07-01,0.003758740362301558,0.003758740362301616
Crypto Minimum CVaR,2023-07-02,0.000902641594043601,0.0009026415940436294
Crypto Minimum CVaR,2023-07-03,0.01749561836914874,0.017495618369148813
Crypto Minimum CVaR,2023-07-04,-0.012108187752168133,-0.012108187752168154
Crypto Minimum CVaR,2023-07-05,-0.00850754277224657,-0.008507542772246524
Crypto Minimum CVaR,2023-07-06,-0.01969360301949073,-0.019693603019490746
Crypto Minimum CVaR,2023-07-07,0.014511613855951117,0.014511613855951122
Crypto Minimum CVaR,2023-07-08,-0.0015336574716591697,-0.0015336574716591223
Crypto Minimum CVaR,2023-07-09,-0.004168075829027655,-0.004168075829027673
Crypto Minimum CVaR,2023-07-10,0.008017896302856504,0.008017896302856542
Crypto Minimum CVaR,2023-07-11,0.006730156326568424,0.006730156326568482
Crypto Minimum CVaR,2023-07-12,-0.007405194394246318,-0.007405194394246362
Crypto Minimum CVaR,2023-07-13,0.03575856320840713,0.0357585632084072
Crypto Minimum CVaR,2023-07-14,-0.03619370984324228,-0.03619370984324233
Crypto Minimum CVaR,2023-07-15,-0.0011816892344196051,-0.0011816892344196361
Crypto Minimum CVaR,2023-07-16,-0.0016069010661275303,-0.0016069010661274863
Crypto Minimum CVaR,2023-07-17,-0.003382337720285091,-0.003382337720285067
Crypto Minimum CVaR,2023-07-18,-0.00955375742929192,-0.009553757429291876
Crypto Minimum CVaR,2023-07-19,0.0019466798128628302,0.0019466798128628948
Crypto Minimum CVaR,2023-07-20,-0.00402050653627924,-0.004020506536279278
Crypto Minimum CVaR,2023-07-21,0.00388575683577115,0.0038857568357710814
Crypto Minimum CVaR,2023-07-22,-0.004310673547365197,-0.004310673547365251
Crypto Minimum CVaR,2023-07-23,0.010409647094091203,0.010409647094091312
Crypto Minimum CVaR,2023-07-24,-0.03012376813879747,-0.03012376813879747
Crypto Minimum CVaR,2023-07-25,0.0017494060118173776,0.0017494060118172783
Crypto Minimum CVaR,2023-07-26,0.00437239609104657,0.004372396091046671
Crypto Minimum CVaR,2023-07-27,-0.004870852137505196,-0.004870852137505155
Crypto Minimum CVaR,2023-07-28,0.0038861192922880674,0.003886119292288104
Crypto Minimum CVaR,2023-07-29,0.0011422653902503229,0.0011422653902504187
Crypto Minimum CVaR,2023-07-30,-0.0029963046017105095,-0.00299630460171052
Crypto Minimum CVaR,2023-07-31,-0.0016872410043834122,-0.001687241004383444
Crypto Minimum CVaR,2023-08-01,0.015245275282999904,0.015242250446892536
Crypto Minimum CVaR,2023-08-02,-0.01764989082843693,-0.01764989082843693
Crypto Minimum CVaR,2023-08-03,0.0009166006009861949,0.0009166006009861949
Crypto Minimum CVaR,2023-08-04,-0.0035843942133476636,-0.0035843942133476636
Crypto Minimum CVaR,2023-08-05,-0.0010994270766331304,-0.0010994270766331304
Crypto Minimum CVaR,2023-08-06,-9.347950838400898e-06,-9.347950838400898e-06
Crypto Minimum CVaR,2023-08-07,0.004776645775930843,0.004776645775930843
Crypto Minimum CVaR,2023-08-08,0.020044635853149417,0.020044635853149417
Crypto Minimum CVaR,2023-08-09,-0.006853508270246889,-0.006853508270246889
Crypto Minimum CVaR,2023-08-10,-0.004461964714047806,-0.004461964714047806
Crypto Minimum CVaR,2023-08-11,-0.001083159880198692,-0.001083159880198692
Crypto Minimum CVaR,2023-08-12,0.0006207965516027425,0.0006207965516027425
Crypto Minimum CVaR,2023-08-13,-0.004523080645381872,-0.004523080645381872
Crypto Minimum CVaR,2023-08-14,0.004286776125049352,0.004286776125049352
Crypto Minimum CVaR,2023-08-15,-0.008096168172366025,-0.008096168172366025
Crypto Minimum CVaR,2023-08-16,-0.016063173634291772,-0.016063173634291772
Crypto Minimum CVaR,2023-08-17,-0.07097917151940503,-0.07097917151940503
Crypto Minimum CVaR,2023-08-18,-0.02306411031148714,-0.02306411031148714
Crypto Minimum CVaR,2023-08-19,0.0017907574452629138,0.0017907574452629138
Crypto Minimum CVaR,2023-08-20,0.00357825614760654,0.00357825614760654
Crypto Minimum CVaR,2023-08-21,-0.002498831574187843,-0.002498831574187843
Crypto Minimum CVaR,2023-08-22,-0.0035401882238949023,-0.0035401882238949023
Crypto Minimum CVaR,2023-08-23,0.015365306423789304,0.015365306423789304
Crypto Minimum CVaR,2023-08-24,-0.01018731988472621,-0.01018731988472621
Crypto Minimum CVaR,2023-08-25,-0.004384352975912553,-0.004384352975912553
Crypto Minimum CVaR,2023-08-26,-0.0015051281432193475,-0.0015051281432193475
Crypto Minimum CVaR,2023-08-27,0.0031232321991347956,0.0031232321991347956
Crypto Minimum CVaR,2023-08-28,0.0006307866874213364,0.0006307866874213364
Crypto Minimum CVaR,2023-08-29,0.062101924766441385,0.062101924766441385
Crypto Minimum CVaR,2023-08-30,-0.015512708305083889,-0.015512708305083889
Crypto Minimum CVaR,2023-08-31,-0.0500340578984273,-0.0500340578984273
Crypto Minimum CVaR,2023-09-01,-0.005114101858929525,-0.005125840320692632
Crypto Minimum CVaR,2023-09-02,0.0028673973671706375,0.0028673973671706765
Crypto Minimum CVaR,2023-09-03,0.003806169294551045,0.0038061692945510206
Crypto Minimum CVaR,2023-09-04,-0.005789381026563971,-0.005789381026564011
Crypto Minimum CVaR,2023-09-05,-0.001230518699744032,-0.0012305186997439987
Crypto Minimum CVaR,2023-09-06,-0.0005734605039005619,-0.0005734605039006135
Crypto Minimum CVaR,2023-09-07,0.018516613613463177,0.01851661361346313
Crypto Minimum CVaR,2023-09-08,-0.012423251783610874,-0.012423251783610922
Crypto Minimum CVaR,2023-09-09,-0.0003688666166381635,-0.0003688666166381527
Crypto Minimum CVaR,2023-09-10,-0.0026372155523131896,-0.0026372155523132212
Crypto Minimum CVaR,2023-09-11,-0.025556328053274874,-0.0255563280532749
Crypto Minimum CVaR,2023-09-12,0.027023529983482272,0.02702352998348223
Crypto Minimum CVaR,2023-09-13,0.015045314501756283,0.01504531450175639
Crypto Minimum CVaR,2023-09-14,0.01232049602748672,0.01232049602748675
Crypto Minimum CVaR,2023-09-15,0.0026370846505526053,0.002637084650552568
Crypto Minimum CVaR,2023-09-16,-0.0016294883137875677,-0.0016294883137876193
Crypto Minimum CVaR,2023-09-17,-0.0012922412359983038,-0.0012922412359983593
Crypto Minimum CVaR,2023-09-18,0.00828719188402764,0.008287191884027711
Crypto Minimum CVaR,2023-09-19,0.016824770742716127,0.016824770742716044
Crypto Minimum CVaR,2023-09-20,-0.0028606789440470187,-0.002860678944047068
Crypto Minimum CVaR,2023-09-21,-0.020711478429828054,-0.020711478429828012
Crypto Minimum CVaR,2023-09-22,0.0005241538316863295,0.0005241538316862471
Crypto Minimum CVaR,2023-09-23,6.762638709983464e-05,6.762638709978397e-05
Crypto Minimum CVaR,2023-09-24,-0.011855997544265601,-0.011855997544265584
Crypto Minimum CVaR,2023-09-25,0.0018300810207667415,0.0018300810207667606
Crypto Minimum CVaR,2023-09-26,-0.003004746678714726,-0.0030047466787147536
Crypto Minimum CVaR,2023-09-27,0.0052589747236310574,0.005258974723631127
Crypto Minimum CVaR,2023-09-28,0.02514266082402602,0.025142660824025942
Crypto Minimum CVaR,2023-09-29,-0.0033110889003106266,-0.0033110889003106214
Crypto Minimum CVaR,2023-09-30,0.0019181461234981608,0.0019181461234980546
Crypto Minimum CVaR,2023-10-01,0.037668241913332734,0.03765599867116487
Crypto Minimum CVaR,2023-10-02,-0.016186709920936293,-0.016186709920936293
Crypto Minimum CVaR,2023-10-03,-0.003661597010505724,-0.003661597010505724
Crypto Minimum CVaR,2023-10-04,0.013467601347721292,0.013467601347721292
Crypto Minimum CVaR,2023-10-05,-0.01379463216164356,-0.01379463216164356
Crypto Minimum CVaR,2023-10-06,0.01935684447622399,0.01935684447622399
Crypto Minimum CVaR,2023-10-07,0.0007958817661306572,0.0007958817661306572
Crypto Minimum CVaR,2023-10-08,-0.001206700034343422,-0.001206700034343422
Crypto Minimum CVaR,2023-10-09,-0.012579594744121514,-0.012579594744121514
Crypto Minimum CVaR,2023-10-10,-0.006984500217130485,-0.006984500217130485
Crypto Minimum CVaR,2023-10-11,-0.018900326735168282,-0.018900326735168282
Crypto Minimum CVaR,2023-10-12,-0.0043359541366684295,-0.0043359541366684295
Crypto Minimum CVaR,2023-10-13,0.003945769916393171,0.003945769916393171
Crypto Minimum CVaR,2023-10-14,-2.4866332556272575e-05,-2.4866332556272575e-05
Crypto Minimum CVaR,2023-10-15,0.011091823470242623,0.011091823470242623
Crypto Minimum CVaR,2023-10-16,0.05006744695824206,0.05006744695824206
Crypto Minimum CVaR,2023-10-17,-0.0036367703063566736,-0.0036367703063566736
Crypto Minimum CVaR,2023-10-18,-0.0030759792019486865,-0.0030759792019486865
Crypto Minimum CVaR,2023-10-19,0.013818840741083749,0.013818840741083749
Crypto Minimum CVaR,2023-10-20,0.033535830870205396,0.033535830870205396
Crypto Minimum CVaR,2023-10-21,0.007932597562652743,0.007932597562652743
Crypto Minimum CVaR,2023-10-22,0.002523007395046406,0.002523007395046406
Crypto Minimum CVaR,2023-10-23,0.10309890521346299,0.10309890521346299
Crypto Minimum CVaR,2023-10-24,0.02464145540134477,0.02464145540134477
Crypto Minimum CVaR,2023-10-25,0.017736456610143003,0.017736456610143003
Crypto Minimum CVaR,2023-10-26,-0.010033147199696724,-0.010033147199696724
Crypto Minimum CVaR,2023-10-27,-0.007226928505637331,-0.007226928505637331
Crypto Minimum CVaR,2023-10-28,0.005301518539129857,0.005301518539129857
Crypto Minimum CVaR,2023-10-29,0.013168432293093613,0.013168432293093613
Crypto Minimum CVaR,2023-10-30,-0.0010457086417764438,-0.0010457086417764438
Crypto Minimum CVaR,2023-10-31,0.004794395311462418,0.004794395311462418
Crypto Minimum CVaR,2023-11-01,0.022226196478463623,0.022224556459859546
Crypto Minimum CVaR,2023-11-02,-0.014067130693931684,-0.014067130693931729
Crypto Minimum CVaR,2023-11-03,-0.005938906925259219,-0.005938906925259224
Crypto Minimum CVaR,2023-11-04,0.010056366676693552,0.010056366676693518
Crypto Minimum CVaR,2023-11-05,-0.0009185745097996997,-0.0009185745097997078
Crypto Minimum CVaR,2023-11-06,-0.0003571002967055861,-0.0003571002967055481
Crypto Minimum CVaR,2023-11-07,0.01152138148786523,0.01152138148786519
Crypto Minimum CVaR,2023-11-08,0.006011915604011618,0.006011915604011708
Crypto Minimum CVaR,2023-11-09,0.029030437532414324,0.02903043753241441
Crypto Minimum CVaR,2023-11-10,0.017103571943507763,0.017103571943507756
Crypto Minimum CVaR,2023-11-11,-0.004646520615806792,-0.004646520615806837
Crypto Minimum CVaR,2023-11-12,-0.002229453161270719,-0.002229453161270767
Crypto Minimum CVaR,2023-11-13,-0.014890844937519753,-0.014890844937519798
Crypto Minimum CVaR,2023-11-14,-0.02649007959723999,-0.026490079597240035
Crypto Minimum CVaR,2023-11-15,0.06577431323743738,0.06577431323743732
Crypto Minimum CVaR,2023-11-16,-0.045465779989371284,-0.04546577998937129
Crypto Minimum CVaR,2023-11-17,0.012223671135021737,0.012223671135021652
Crypto Minimum CVaR,2023-11-18,-0.0003197520384292028,-0.00031975203842915523
Crypto Minimum CVaR,2023-11-19,0.021834647516815076,0.021834647516814965
Crypto Minimum CVaR,2023-11-20,0.002336770415674127,0.0023367704156740388
Crypto Minimum CVaR,2023-11-21,-0.04439008530510711,-0.04439008530510713
Crypto Minimum CVaR,2023-11-22,0.04521420711585379,0.04521420711585389
Crypto Minimum CVaR,2023-11-23,-0.00377363266319624,-0.0037736326631961914
Crypto Minimum CVaR,2023-11-24,0.011594891114853463,0.011594891114853567
Crypto Minimum CVaR,2023-11-25,0.0021472089401105014,0.0021472089401104455
Crypto Minimum CVaR,2023-11-26,-0.008405983330118603,-0.00840598333011855
Crypto Minimum CVaR,2023-11-27,-0.006154047368515741,-0.006154047368515769
Crypto Minimum CVaR,2023-11-28,0.015465975188417556,0.015465975188417636
Crypto Minimum CVaR,2023-11-29,0.0007377137200231695,0.0007377137200230699
Crypto Minimum CVaR,2023-11-30,-0.0038383054082417527,-0.0038383054082417045
Crypto Minimum CVaR,2023-12-01,0.025879947957747618,0.025878302077211757
Crypto Minimum CVaR,2023-12-02,0.020356874575942596,0.020356874575942596
Crypto Minimum CVaR,2023-12-03,0.012717964611113297,0.012717964611113297
Crypto Minimum CVaR,2023-12-04,0.05006972516793251,0.05006972516793251
Crypto Minimum CVaR,2023-12-05,0.05003682455553493,0.05003682455553493
Crypto Minimum CVaR,2023-12-06,-0.007581629055975703,-0.007581629055975703
Crypto Minimum CVaR,2023-12-07,-0.010372985662227885,-0.010372985662227885
Crypto Minimum CVaR,2023-12-08,0.02018673414826888,0.02018673414826888
Crypto Minimum CVaR,2023-12-09,-0.009976252913108663,-0.009976252913108663
Crypto Minimum CVaR,2023-12-10,0.0012284421841561866,0.0012284421841561866
Crypto Minimum CVaR,2023-12-11,-0.05792335792051162,-0.05792335792051162
Crypto Minimum CVaR,2023-12-12,0.005004157345118276,0.005004157345118276
Crypto Minimum CVaR,2023-12-13,0.03475299863154757,0.03475299863154757
Crypto Minimum CVaR,2023-12-14,0.0031062756659134827,0.0031062756659134827
Crypto Minimum CVaR,2023-12-15,-0.025432678020983368,-0.025432678020983368
Crypto Minimum CVaR,2023-12-16,0.007401888090740938,0.007401888090740938
Crypto Minimum CVaR,2023-12-17,-0.02072563201266564,-0.02072563201266564
Crypto Minimum CVaR,2023-12-18,0.030433584522719714,0.030433584522719714
Crypto Minimum CVaR,2023-12-19,-0.008282083715112631,-0.008282083715112631
Crypto Minimum CVaR,2023-12-20,0.032687613405284255,0.032687613405284255
Crypto Minimum CVaR,2023-12-21,0.0049688697318006625,0.0049688697318006625
Crypto Minimum CVaR,2023-12-22,0.002934864092908329,0.002934864092908329
Crypto Minimum CVaR,2023-12-23,-0.005872083923035065,-0.005872083923035065
Crypto Minimum CVaR,2023-12-24,-0.01653939964043194,-0.01653939964043194
Crypto Minimum CVaR,2023-12-25,0.013879063861056418,0.013879063861056418
Crypto Minimum CVaR,2023-12-26,-0.025055253200995553,-0.025055253200995553
Crypto Minimum CVaR,2023-12-27,0.021694364920222586,0.021694364920222586
Crypto Minimum CVaR,2023-12-28,-0.01876027694786908,-0.01876027694786908
Crypto Minimum CVaR,2023-12-29,-0.012396896798793966,-0.012396896798793966
Crypto Minimum CVaR,2023-12-30,0.0013658151137276864,0.0013658151137276864
Crypto Minimum CVaR,2023-12-31,0.002568622223877659,0.002568622223877659
Combined Equal Weight,2023-01-03,0.0014249108631881689,0.001424910863188078
Combined Equal Weight,2023-01-04,0.02153012742654666,0.021530127426546697
Combined Equal Weight,2023-01-05,-0.008150576794457378,-0.00815057679445741
Combined Equal Weight,2023-01-06,0.02337325761487568,0.023373257614875742
Combined Equal Weight,2023-01-09,0.004700037490849591,0.0047000374908496845
Combined Equal Weight,2023-01-10,0.007351108659663848,0.007351108659663819
Combined Equal Weight,2023-01-11,0.013105328625998683,0.01310532862599878
Combined Equal Weight,2023-01-12,0.010156315980829734,0.010156315980829778
Combined Equal Weight,2023-01-13,0.00851194859562675,0.00851194859562665
Combined Equal Weight,2023-01-17,-0.00419443766987623,-0.004194437669876261
Combined Equal Weight,2023-01-18,-0.02044387826217308,-0.020443878262173087
Combined Equal Weight,2023-01-19,-0.002273349482211665,-0.002273349482211695
Combined Equal Weight,2023-01-20,0.02351405930305075,0.023514059303050727
Combined Equal Weight,2023-01-23,0.013020643241290347,0.013020643241290264
Combined Equal Weight,2023-01-24,-0.009353205795021241,-0.009353205795021191
Combined Equal Weight,2023-01-25,0.0066582357232981525,0.006658235723298045
Combined Equal Weight,2023-01-26,0.006728874633475803,0.006728874633475712
Combined Equal Weight,2023-01-27,0.0007719281474348106,0.0007719281474347639
Combined Equal Weight,2023-01-30,-0.016294006955992344,-0.01629400695599237
Combined Equal Weight,2023-01-31,0.013220029608013514,0.013220029608013606
Combined Equal Weight,2023-02-01,0.00973150505698297,0.009731505056983059
Combined Equal Weight,2023-02-02,-0.0005500485124867098,-0.0005500485124867449
Combined Equal Weight,2023-02-03,-0.0083410692489316,-0.008341069248931632
Combined Equal Weight,2023-02-06,-0.006746947547876076,-0.006746947547876081
Combined Equal Weight,2023-02-07,0.015576413927813289,0.015576413927813393
Combined Equal Weight,2023-02-08,-0.010476762630954598,-0.01047676263095465
Combined Equal Weight,2023-02-09,-0.017697535698175303,-0.017697535698175337
Combined Equal Weight,2023-02-10,0.006180523038854832,0.006180523038854746
Combined Equal Weight,2023-02-13,0.006761791597266651,0.006761791597266642
Combined Equal Weight,2023-02-14,0.004442089540639553,0.004442089540639627
Combined Equal Weight,2023-02-15,0.011134968990990214,0.011134968990990313
Combined Equal Weight,2023-02-16,-0.01891393728273206,-0.018913937282732052
Combined Equal Weight,2023-02-17,0.005827864390259856,0.00582786439025984
Combined Equal Weight,2023-02-21,-0.01778263938310214,-0.017782639383102095
Combined Equal Weight,2023-02-22,-0.0058648178549140844,-0.005864817854914106
Combined Equal Weight,2023-02-23,0.0026098348420776876,0.002609834842077774
Combined Equal Weight,2023-02-24,-0.013726279036938729,-0.013726279036938682
Combined Equal Weight,2023-02-27,0.0007106336017079122,0.0007106336017079773
Combined Equal Weight,2023-02-28,-0.005696637618743372,-0.005696637618743394
Combined Equal Weight,2023-03-01,0.0034743615811126615,0.003474361581112584
Combined Equal Weight,2023-03-02,0.008291230851856674,0.008291230851856568
Combined Equal Weight,2023-03-03,0.007100174740261895,0.007100174740261922
Combined Equal Weight,2023-03-06,-0.0021608539506573357,-0.0021608539506573488
Combined Equal Weight,2023-03-07,-0.015787497184841456,-0.015787497184841404
Combined Equal Weight,2023-03-08,-0.0018752779680403218,-0.001875277968040323
Combined Equal Weight,2023-03-09,-0.0245362038404097,-0.024536203840409665
Combined Equal Weight,2023-03-10,-0.011593807963097256,-0.01159380796309728
Combined Equal Weight,2023-03-13,0.004382789544936423,0.004382789544936427
Combined Equal Weight,2023-03-14,0.015481833902104157,0.015481833902104114
Combined Equal Weight,2023-03-15,-0.016728436592273455,-0.01672843659227341
Combined Equal Weight,2023-03-16,0.014869035327806143,0.014869035327806035
Combined Equal Weight,2023-03-17,0.0007420631691404397,0.0007420631691403834
Combined Equal Weight,2023-03-20,0.00375146243901129,0.003751462439011366
Combined Equal Weight,2023-03-21,0.019658805021547755,0.01965880502154782
Combined Equal Weight,2023-03-22,-0.024846038452477917,-0.024846038452477903
Combined Equal Weight,2023-03-23,0.009246312215876318,0.009246312215876351
Combined Equal Weight,2023-03-24,0.0018179527117647104,0.0018179527117647698
Combined Equal Weight,2023-03-27,0.0003726837953280834,0.00037268379532817697
Combined Equal Weight,2023-03-28,0.00631299467802165,0.0063129946780215995
Combined Equal Weight,2023-03-29,0.0177458448313086,0.017745844831308588
Combined Equal Weight,2023-03-30,0.003797618035491046,0.003797618035491057
Combined Equal Weight,2023-03-31,0.014129093881529388,0.014129093881529498
Combined Equal Weight,2023-04-03,0.005473537217209085,0.005473537217209001
Combined Equal Weight,2023-04-04,-0.0027585180853188025,-0.002758518085318795
Combined Equal Weight,2023-04-05,0.003848383184211968,0.0038483831842119898
Combined Equal Weight,2023-04-06,-0.001632453040931714,-0.0016324530409317362
Combined Equal Weight,2023-04-10,0.0068584890585663754,0.006858489058566342
Combined Equal Weight,2023-04-11,0.0027781488234734177,0.002778148823473492
Combined Equal Weight,2023-04-12,-0.0026424747146835148,-0.002642474714683485
Combined Equal Weight,2023-04-13,0.009702366753600436,0.009702366753600478
Combined Equal Weight,2023-04-14,-0.0022719367063586083,-0.0022719367063586127
Combined Equal Weight,2023-04-17,0.00018522706613807055,0.000185227066137994
Combined Equal Weight,2023-04-18,0.0036803527513123322,0.003680352751312288
Combined Equal Weight,2023-04-19,-0.009925908423353688,-0.009925908423353724
Combined Equal Weight,2023-04-20,-0.008568364002944074,-0.008568364002944029
Combined Equal Weight,2023-04-21,-0.00688944540075023,-0.006889445400750205
Combined Equal Weight,2023-04-24,0.00043050629007484705,0.0004305062900749057
Combined Equal Weight,2023-04-25,-0.009650637567961992,-0.009650637567962028
Combined Equal Weight,2023-04-26,-0.01252399632443319,-0.01252399632443324
Combined Equal Weight,2023-04-27,0.014707035570013054,0.01470703557001296
Combined Equal Weight,2023-04-28,0.008524585878158259,0.008524585878158186
Combined Equal Weight,2023-05-01,-0.00570146063816566,-0.0057014606381656785
Combined Equal Weight,2023-05-02,-0.011728617620718737,-0.011728617620718751
Combined Equal Weight,2023-05-03,-0.009008965374414552,-0.009008965374414535
Combined Equal Weight,2023-05-04,-0.006213969164150282,-0.00621396916415029
Combined Equal Weight,2023-05-05,0.018044649030289916,0.018044649030289905
Combined Equal Weight,2023-05-08,-0.006554959489218449,-0.00655495948921847
Combined Equal Weight,2023-05-09,-0.0008714536635478385,-0.0008714536635477943
Combined Equal Weight,2023-05-10,-0.0017549888693666974,-0.0017549888693666471
Combined Equal Weight,2023-05-11,-0.010958382402106734,-0.010958382402106781
Combined Equal Weight,2023-05-12,0.0004064625232982086,0.0004064625232982344
Combined Equal Weight,2023-05-15,0.0051931715604700895,0.005193171560470056
Combined Equal Weight,2023-05-16,-0.01190408038703456,-0.01190408038703461
Combined Equal Weight,2023-05-17,0.012751658329153513,0.012751658329153592
Combined Equal Weight,2023-05-18,0.0029668728035717913,0.002966872803571885
Combined Equal Weight,2023-05-19,-0.0015144502784157742,-0.001514450278415791
Combined Equal Weight,2023-05-22,0.0019826777328277086,0.0019826777328277867
Combined Equal Weight,2023-05-23,-0.004541268641508334,-0.004541268641508278
Combined Equal Weight,2023-05-24,-0.012587796060454322,-0.012587796060454348
Combined Equal Weight,2023-05-25,0.0001796215698891933,0.0001796215698892656
Combined Equal Weight,2023-05-26,0.009530105655791187,0.009530105655791266
Combined Equal Weight,2023-05-30,7.578433379529465e-05,7.578433379529237e-05
Combined Equal Weight,2023-05-31,-0.005713966401747791,-0.0057139664017478164
Combined Equal Weight,2023-06-01,0.003122756880351519,0.0031227568803515737
Combined Equal Weight,2023-06-02,0.021328520412707667,0.021328520412707608
Combined Equal Weight,2023-06-05,-0.01417536110529351,-0.014175361105293494
Combined Equal Weight,2023-06-06,0.009414201121807917,0.009414201121807908
Combined Equal Weight,2023-06-07,0.0012151655515494283,0.0012151655515493243
Combined Equal Weight,2023-06-08,0.004640053398329463,0.004640053398329513
Combined Equal Weight,2023-06-09,-0.004253699654141783,-0.004253699654141796
Combined Equal Weight,2023-06-12,0.004438536941679719,0.004438536941679727
Combined Equal Weight,2023-06-13,0.00648216286749041,0.006482162867490482
Combined Equal Weight,2023-06-14,-0.0070893547692674475,-0.00708935476926742
Combined Equal Weight,2023-06-15,0.00930111078204043,0.009301110782040434
Combined Equal Weight,2023-06-16,0.002319840849433655,0.0023198408494335965
Combined Equal Weight,2023-06-20,-0.005993356231431429,-0.005993356231431379
Combined Equal Weight,2023-06-21,0.00888656915466569,0.008886569154665791
Combined Equal Weight,2023-06-22,-0.005267702939070903,-0.005267702939070862
Combined Equal Weight,2023-06-23,0.006400617430051085,0.006400617430051048
Combined Equal Weight,2023-06-26,0.006565141694990468,0.006565141694990562
Combined Equal Weight,2023-06-27,0.009790980390278446,0.009790980390278481
Combined Equal Weight,2023-06-28,-0.00808080814049297,-0.008080808140492945
Combined Equal Weight,2023-06-29,0.010228184796819901,0.010228184796819972
Combined Equal Weight,2023-06-30,0.022603202991231905,0.022603202991231974
Combined Equal Weight,2023-07-03,0.003877257598172459,0.003877257598172479
Combined Equal Weight,2023-07-05,-0.006060561334685034,-0.006060561334685022
Combined Equal Weight,2023-07-06,-0.014258838320504312,-0.014258838320504341
Combined Equal Weight,2023-07-07,0.0035620926596644227,0.003562092659664451
Combined Equal Weight,2023-07-10,0.006097554230657367,0.006097554230657387
Combined Equal Weight,2023-07-11,0.011893023138107533,0.011893023138107583
Combined Equal Weight,2023-07-12,0.00614355714412082,0.006143557144120848
Combined Equal Weight,2023-07-13,0.037260963080475606,0.03726096308047566
Combined Equal Weight,2023-07-14,-0.015765993628187005,-0.01576599362818698
Combined Equal Weight,2023-07-17,-0.0036493398954162448,-0.0036493398954162704
Combined Equal Weight,2023-07-18,0.005054130851559698,0.005054130851559702
Combined Equal Weight,2023-07-19,0.009944158028720694,0.009944158028720729
Combined Equal Weight,2023-07-20,0.0014145962126503103,0.0014145962126503875
Combined Equal Weight,2023-07-21,0.003490923216112246,0.0034909232161122183
Combined Equal Weight,2023-07-24,-0.0019643631749951666,-0.001964363174995154
Combined Equal Weight,2023-07-25,0.002921939450274057,0.0029219394502739693
Combined Equal Weight,2023-07-26,0.004385740905184213,0.004385740905184177
Combined Equal Weight,2023-07-27,-0.0034876241260207164,-0.003487624126020661
Combined Equal Weight,2023-07-28,0.004778237695945108,0.004778237695945098
Combined Equal Weight,2023-07-31,0.0007234954733570971,0.0007234954733570387
Combined Equal Weight,2023-08-01,-0.001676767319656945,-0.0016767673196569355
Combined Equal Weight,2023-08-02,-0.01760722554543934,-0.017607225545439364
Combined Equal Weight,2023-08-03,-0.00700557656514281,-0.007005576565142779
Combined Equal Weight,2023-08-04,-0.003047998051579566,-0.0030479980515795146
Combined Equal Weight,2023-08-07,0.007853063301314755,0.007853063301314744
Combined Equal Weight,2023-08-08,-0.00041396196849816796,-0.0004139619684981888
Combined Equal Weight,2023-08-09,-0.0020039056710249004,-0.0020039056710249303
Combined Equal Weight,2023-08-10,-0.0009152087186206452,-0.0009152087186206082
Combined Equal Weight,2023-08-11,0.0009789535037611967,0.000978953503761204
Combined Equal Weight,2023-08-14,0.0017471645415393208,0.0017471645415392256
Combined Equal Weight,2023-08-15,-0.015768398061357256,-0.015768398061357214
Combined Equal Weight,2023-08-16,-0.013305220169425744,-0.013305220169425702
Combined Equal Weight,2023-08-17,-0.018618058375637507,-0.01861805837563746
Combined Equal Weight,2023-08-18,0.0024718852413691387,0.0024718852413692094
Combined Equal Weight,2023-08-21,-0.0020742084303499277,-0.0020742084303498887
Combined Equal Weight,2023-08-22,-0.0064817016705362865,-0.0064817016705362995
Combined Equal Weight,2023-08-23,0.011351836612056928,0.011351836612056854
Combined Equal Weight,2023-08-24,-0.012212596412256194,-0.012212596412256138
Combined Equal Weight,2023-08-25,0.003910768741890751,0.003910768741890669
Combined Equal Weight,2023-08-28,0.005986453806978165,0.005986453806978265
Combined Equal Weight,2023-08-29,0.019163789948962447,0.019163789948962506
Combined Equal Weight,2023-08-30,-0.002387208164079165,-0.002387208164079113
Combined Equal Weight,2023-08-31,-0.008881755663568981,-0.008881755663568969
Combined Equal Weight,2023-09-01,0.0012194401811214356,0.0012194401811214117
Combined Equal Weight,2023-09-05,-0.007538113444384512,-0.007538113444384487
Combined Equal Weight,2023-09-06,-0.003237180952029944,-0.003237180952029961
Combined Equal Weight,2023-09-07,0.0011196778357605059,0.001119677835760502
Combined Equal Weight,2023-09-08,0.001355175013367869,0.0013551750133677931
Combined Equal Weight,2023-09-11,-0.0031409107050021806,-0.00314091070500222
Combined Equal Weight,2023-09-12,0.005296249437674423,0.005296249437674483
Combined Equal Weight,2023-09-13,0.0010123337048559907,0.0010123337048559833
Combined Equal Weight,2023-09-14,0.01281333344121205,0.012813333441211938
Combined Equal Weight,2023-09-15,-0.005808530218916478,-0.0058085302189164745
Combined Equal Weight,2023-09-18,0.0030732217754222795,0.0030732217754223523
Combined Equal Weight,2023-09-19,-0.0015119805208430718,-0.0015119805208431147
Combined Equal Weight,2023-09-20,-0.006164775560719364,-0.006164775560719371
Combined Equal Weight,2023-09-21,-0.018790123872734137,-0.018790123872734155
Combined Equal Weight,2023-09-22,-0.0025746824554939395,-0.0025746824554939707
Combined Equal Weight,2023-09-25,0.003190848654452438,0.003190848654452516
Combined Equal Weight,2023-09-26,-0.010548755017963487,-0.010548755017963485
Combined Equal Weight,2023-09-27,0.0003782404796926361,0.0003782404796925931
Combined Equal Weight,2023-09-28,0.0075548927291206,0.007554892729120688
Combined Equal Weight,2023-09-29,1.8517727138480245e-05,1.8517727138567253e-05
Combined Equal Weight,2023-10-02,-0.015670879792627778,-0.015670879792627823
Combined Equal Weight,2023-10-03,-0.007155150739297569,-0.007155150739297622
Combined Equal Weight,2023-10-04,0.00016981327522040064,0.00016981327522036516
Combined Equal Weight,2023-10-05,-0.003383397491625158,-0.003383397491625195
Combined Equal Weight,2023-10-06,0.010446034496043382,0.01044603449604331
Combined Equal Weight,2023-10-09,0.0021486729784539536,0.0021486729784538916
Combined Equal Weight,2023-10-10,0.005664866368411877,0.005664866368411792
Combined Equal Weight,2023-10-11,0.001310471855917437,0.0013104718559173723
Combined Equal Weight,2023-10-12,-0.008315333978963658,-0.008315333978963668
Combined Equal Weight,2023-10-13,0.0021009296326924038,0.002100929632692372
Combined Equal Weight,2023-10-16,0.013352363471423597,0.013352363471423656
Combined Equal Weight,2023-10-17,-0.0008165491795922443,-0.0008165491795922852
Combined Equal Weight,2023-10-18,-0.013069182735187828,-0.013069182735187868
Combined Equal Weight,2023-10-19,-0.004911795990365635,-0.004911795990365619
Combined Equal Weight,2023-10-20,-0.0038914319414627674,-0.0038914319414627974
Combined Equal Weight,2023-10-23,0.004044908075954011,0.0040449080759539235
Combined Equal Weight,2023-10-24,0.00904516866436769,0.009045168664367775
Combined Equal Weight,2023-10-25,-0.009453075722180182,-0.009453075722180238
Combined Equal Weight,2023-10-26,-0.0018253131376461283,-0.0018253131376461118
Combined Equal Weight,2023-10-27,-0.010215886757690746,-0.010215886757690695
Combined Equal Weight,2023-10-30,0.01035294554855504,0.010352945548555148
Combined Equal Weight,2023-10-31,0.006494664734265533,0.006494664734265632
Combined Equal Weight,2023-11-01,0.0074731466890766395,0.007473146689076726
Combined Equal Weight,2023-11-02,0.01971693089542779,0.019716930895427698
Combined Equal Weight,2023-11-03,0.011609533501200538,0.01160953350120053
Combined Equal Weight,2023-11-06,0.0012650560466206796,0.0012650560466207494
Combined Equal Weight,2023-11-07,-0.005656820637751129,-0.005656820637751081
Combined Equal Weight,2023-11-08,0.0005373236373398133,0.000537323637339826
Combined Equal Weight,2023-11-09,-0.004262813716021548,-0.004262813716021552
Combined Equal Weight,2023-11-10,0.011558798455876488,0.011558798455876484
Combined Equal Weight,2023-11-13,-0.0034629506400296493,-0.0034629506400296606
Combined Equal Weight,2023-11-14,0.015143199718425288,0.01514319971842526
Combined Equal Weight,2023-11-15,0.011433957330833112,0.011433957330833078
Combined Equal Weight,2023-11-16,-0.0049298375794798255,-0.0049298375794798455
Combined Equal Weight,2023-11-17,0.0024150821575656557,0.0024150821575656956
Combined Equal Weight,2023-11-20,0.0016107362148039147,0.0016107362148038984
Combined Equal Weight,2023-11-21,-0.010749734228255233,-0.010749734228255203
Combined Equal Weight,2023-11-22,0.009313950446122763,0.00931395044612282
Combined Equal Weight,2023-11-24,0.003816234040107991,0.003816234040108002
Combined Equal Weight,2023-11-27,-0.003595268554405201,-0.0035952685544051732
Combined Equal Weight,2023-11-28,0.0035147730414762245,0.0035147730414761824
Combined Equal Weight,2023-11-29,0.0036377976713231905,0.0036377976713231064
Combined Equal Weight,2023-11-30,0.004697903801838477,0.004697903801838432
Combined Equal Weight,2023-12-01,0.010431243938583393,0.010431243938583412
Combined Equal Weight,2023-12-04,0.0025456703170938823,0.002545670317093851
Combined Equal Weight,2023-12-05,-0.0013196565186203,-0.0013196565186203157
Combined Equal Weight,2023-12-06,-0.0003760526717829987,-0.0003760526717829782
Combined Equal Weight,2023-12-07,0.008122624623117195,0.008122624623117192
Combined Equal Weight,2023-12-08,0.010514856207447796,0.010514856207447743
Combined Equal Weight,2023-12-11,-0.0053279500923371255,-0.005327950092337108
Combined Equal Weight,2023-12-12,0.001723179573799259,0.001723179573799305
Combined Equal Weight,2023-12-13,0.02244675437246317,0.02244675437246313
Combined Equal Weight,2023-12-14,0.01305790702241953,0.01305790702241949
Combined Equal Weight,2023-12-15,-0.009188801625396455,-0.009188801625396481
Combined Equal Weight,2023-12-18,-0.0007028288814304657,-0.0007028288814304728
Combined Equal Weight,2023-12-19,0.00448205315423663,0.004482053154236665
Combined Equal Weight,2023-12-20,-0.009095040046854578,-0.009095040046854574
Combined Equal Weight,2023-12-21,0.011473601741572399,0.011473601741572415
Combined Equal Weight,2023-12-22,0.004576504945732433,0.004576504945732474
Combined Equal Weight,2023-12-26,0.0016754512805441288,0.001675451280544138
Combined Equal Weight,2023-12-27,0.009970524194693391,0.009970524194693464
Combined Equal Weight,2023-12-28,-0.000381196456502031,-0.00038119645650203093
Combined Equal Weight,2023-12-29,-0.005624265916081817,-0.005624265916081783
Combined Minimum Variance,2023-01-03,0.00739320579493092,0.007393205794930857
Combined Minimum Variance,2023-01-04,0.011597532084497332,0.01159753208449743
Combined Minimum Variance,2023-01-05,-0.002981338238562116,-0.00298133823856217
Combined Minimum Variance,2023-01-06,0.01792056806180769,0.01792056806180775
Combined Minimum Variance,2023-01-09,-0.01545176329442183,-0.015451763294421883
Combined Minimum Variance,2023-01-10,0.003628193825078564,0.0036281938250786183
Combined Minimum Variance,2023-01-11,0.0031967145885667897,0.0031967145885667403
Combined Minimum Variance,2023-01-12,-0.0046044756889224,-0.004604475688922416
Combined Minimum Variance,2023-01-13,0.0037111153313685954,0.0037111153313686973
Combined Minimum Variance,2023-01-17,-0.011060065053570012,-0.011060065053570045
Combined Minimum Variance,2023-01-18,-0.019647229808326512,-0.01964722980832656
Combined Minimum Variance,2023-01-19,-0.0032767951320248757,-0.0032767951320248345
Combined Minimum Variance,2023-01-20,0.009587506692924325,0.009587506692924297
Combined Minimum Variance,2023-01-23,0.0069129172525100495,0.006912917252509976
Combined Minimum Variance,2023-01-24,-0.00437600992431675,-0.004376009924316748
Combined Minimum Variance,2023-01-25,0.0019140740727058552,0.0019140740727059402
Combined Minimum Variance,2023-01-26,-0.0021804814242085517,-0.002180481424208569
Combined Minimum Variance,2023-01-27,-0.000754765491095051,-0.0007547654910950996
Combined Minimum Variance,2023-01-30,-0.00468779548135965,-0.004687795481359669
Combined Minimum Variance,2023-01-31,0.010484194017277775,0.010484194017277737
Combined Minimum Variance,2023-02-01,-0.007989663738921394,-0.007998766688277037
Combined Minimum Variance,2023-02-02,-0.010939625489449253,-0.010939625489449267
Combined Minimum Variance,2023-02-03,-0.009249992264406514,-0.009249992264406481
Combined Minimum Variance,2023-02-06,-0.004872140775076803,-0.004872140775076805
Combined Minimum Variance,2023-02-07,0.007511953758191764,0.007511953758191803
Combined Minimum Variance,2023-02-08,-0.005454405898362027,-0.005454405898361991
Combined Minimum Variance,2023-02-09,0.0008444969027789767,0.0008444969027789906
Combined Minimum Variance,2023-02-10,0.011197067054135201,0.011197067054135257
Combined Minimum Variance,2023-02-13,0.011230785053393906,0.011230785053393921
Combined Minimum Variance,2023-02-14,-0.009995231111475064,-0.009995231111475045
Combined Minimum Variance,2023-02-15,-0.00045997024879828376,-0.0004599702487982915
Combined Minimum Variance,2023-02-16,-0.012724407938802824,-0.012724407938802806
Combined Minimum Variance,2023-02-17,0.011058701569596143,0.011058701569596208
Combined Minimum Variance,2023-02-21,-0.0024208319580576636,-0.0024208319580576454
Combined Minimum Variance,2023-02-22,-0.009854761122896181,-0.009854761122896183
Combined Minimum Variance,2023-02-23,-0.002075483718248825,-0.0020754837182488384
Combined Minimum Variance,2023-02-24,-0.006250616117660619,-0.006250616117660646
Combined Minimum Variance,2023-02-27,0.001206812570450823,0.0012068125704507437
Combined Minimum Variance,2023-02-28,-0.003199368982173274,-0.003199368982173323
Combined Minimum Variance,2023-03-01,-0.0025488188016435805,-0.0025551651902605554
Combined Minimum Variance,2023-03-02,0.005869514486176288,0.0058695144861762305
Combined Minimum Variance,2023-03-03,0.007483347693797794,0.0074833476937978816
Combined Minimum Variance,2023-03-06,0.003663045761731102,0.003663045761731043
Combined Minimum Variance,2023-03-07,-0.011549768617940279,-0.011549768617940326
Combined Minimum Variance,2023-03-08,-0.007830530879825307,-0.007830530879825326
Combined Minimum Variance,2023-03-09,-0.01228431088570876,-0.012284310885708805
Combined Minimum Variance,2023-03-10,-0.0024249793621896358,-0.002424979362189661
Combined Minimum Variance,2023-03-13,0.009117632587186243,0.00911763258718623
Combined Minimum Variance,2023-03-14,0.008283217683202726,0.008283217683202615
Combined Minimum Variance,2023-03-15,0.005466824370792753,0.005466824370792711
Combined Minimum Variance,2023-03-16,0.004773725562740751,0.004773725562740694
Combined Minimum Variance,2023-03-17,-0.003465946814087007,-0.003465946814086962
Combined Minimum Variance,2023-03-20,0.010691689285673841,0.010691689285673878
Combined Minimum Variance,2023-03-21,-0.0023250842285319883,-0.0023250842285319484
Combined Minimum Variance,2023-03-22,-0.01369596912776262,-0.013695969127762608
Combined Minimum Variance,2023-03-23,0.00895149852139715,0.008951498521397205
Combined Minimum Variance,2023-03-24,0.012837298113252255,0.012837298113252293
Combined Minimum Variance,2023-03-27,0.00454150100575219,0.004541501005752124
Combined Minimum Variance,2023-03-28,-0.0007587428053527429,-0.0007587428053527079
Combined Minimum Variance,2023-03-29,0.004829291571543093,0.004829291571543104
Combined Minimum Variance,2023-03-30,0.004684989983710569,0.004684989983710475
Combined Minimum Variance,2023-03-31,0.011877943723828539,0.011877943723828555
Combined Minimum Variance,2023-04-03,0.008337023580442141,0.008329193437789817
Combined Minimum Variance,2023-04-04,0.0019247070182790828,0.0019247070182790704
Combined Minimum Variance,2023-04-05,0.012187483712828228,0.012187483712828184
Combined Minimum Variance,2023-04-06,0.0009520310254488134,0.0009520310254487185
Combined Minimum Variance,2023-04-10,-0.0012429473836578317,-0.001242947383657822
Combined Minimum Variance,2023-04-11,-0.0010990512896869732,-0.0010990512896870142
Combined Minimum Variance,2023-04-12,0.0003152466925217048,0.0003152466925218089
Combined Minimum Variance,2023-04-13,0.010183471322319977,0.010183471322319892
Combined Minimum Variance,2023-04-14,-0.007948537474731286,-0.007948537474731232
Combined Minimum Variance,2023-04-17,0.0020612420954094148,0.0020612420954093658
Combined Minimum Variance,2023-04-18,-7.477233670295514e-05,-7.477233670294403e-05
Combined Minimum Variance,2023-04-19,-0.0010873092298230315,-0.0010873092298230302
Combined Minimum Variance,2023-04-20,-0.00024838709737910454,-0.00024838709737906584
Combined Minimum Variance,2023-04-21,0.005861886910622245,0.005861886910622172
Combined Minimum Variance,2023-04-24,0.004409855449402376,0.004409855449402311
Combined Minimum Variance,2023-04-25,-0.002957393732745681,-0.002957393732745728
Combined Minimum Variance,2023-04-26,-0.01765667505149138,-0.017656675051491377
Combined Minimum Variance,2023-04-27,-0.0004137774222879138,-0.0004137774222878754
Combined Minimum Variance,2023-04-28,0.0008144457766531136,0.0008144457766530167
Combined Minimum Variance,2023-05-01,0.0015048364307712894,0.0015005516683130882
Combined Minimum Variance,2023-05-02,-0.005523436876916506,-0.0055234368769164766
Combined Minimum Variance,2023-05-03,-0.006885296907365264,-0.006885296907365279
Combined Minimum Variance,2023-05-04,-0.000578691433276484,-0.0005786914332764903
Combined Minimum Variance,2023-05-05,0.008239233276590612,0.008239233276590596
Combined Minimum Variance,2023-05-08,-0.000881677910929677,-0.0008816779109296347
Combined Minimum Variance,2023-05-09,-0.0031745683979753064,-0.0031745683979752526
Combined Minimum Variance,2023-05-10,-0.0022056128513789695,-0.0022056128513789908
Combined Minimum Variance,2023-05-11,-0.001923992639920277,-0.001923992639920269
Combined Minimum Variance,2023-05-12,-0.00034293090452631417,-0.00034293090452630626
Combined Minimum Variance,2023-05-15,-0.00151273298474147,-0.0015127329847414162
Combined Minimum Variance,2023-05-16,-0.013396500379022094,-0.01339650037902207
Combined Minimum Variance,2023-05-17,-8.698172925230814e-05,-8.698172925225567e-05
Combined Minimum Variance,2023-05-18,0.0025976193071261264,0.002597619307126209
Combined Minimum Variance,2023-05-19,0.0010157762831383723,0.0010157762831384254
Combined Minimum Variance,2023-05-22,-0.004419246883993795,-0.004419246883993755
Combined Minimum Variance,2023-05-23,-0.00617199957150774,-0.006171999571507714
Combined Minimum Variance,2023-05-24,-0.006406747677160968,-0.006406747677160984
Combined Minimum Variance,2023-05-25,-0.011029116239493177,-0.011029116239493209
Combined Minimum Variance,2023-05-26,-4.671145054773173e-05,-4.671145054768733e-05
Combined Minimum Variance,2023-05-30,-0.0062317507578235785,-0.006231750757823562
Combined Minimum Variance,2023-05-31,0.0038566505351302414,0.0038566505351302904
Combined Minimum Variance,2023-06-01,0.0013158052753890026,0.0013102699284586183
Combined Minimum Variance,2023-06-02,0.016079399630952437,0.016079399630952507
Combined Minimum Variance,2023-06-05,-0.0037033489207990203,-0.0037033489207990433
Combined Minimum Variance,2023-06-06,-0.007549780864051559,-0.0075497808640515585
Combined Minimum Variance,2023-06-07,0.002393635664160696,0.0023936356641607315
Combined Minimum Variance,2023-06-08,0.0100991122106025,0.010099112210602446
Combined Minimum Variance,2023-06-09,-0.0014214136016042509,-0.0014214136016043044
Combined Minimum Variance,2023-06-12,0.0017089148864929075,0.0017089148864928294
Combined Minimum Variance,2023-06-13,0.0065342532819941245,0.006534253281994085
Combined Minimum Variance,2023-06-14,-0.00010369430595031063,-0.00010369430595036366
Combined Minimum Variance,2023-06-15,0.008842363738271013,0.008842363738271075
Combined Minimum Variance,2023-06-16,0.002493586074423195,0.002493586074423293
Combined Minimum Variance,2023-06-20,-0.008865358110779523,-0.008865358110779487
Combined Minimum Variance,2023-06-21,-0.0019275457986179258,-0.00192754579861798
Combined Minimum Variance,2023-06-22,0.004702371340189492,0.004702371340189471
Combined Minimum Variance,2023-06-23,-0.003687846561049299,-0.0036878465610492572
Combined Minimum Variance,2023-06-26,0.0008074369847076109,0.0008074369847075324
Combined Minimum Variance,2023-06-27,-0.0003292218475359183,-0.000329221847535921
Combined Minimum Variance,2023-06-28,-0.0035126547387102688,-0.003512654738710319
Combined Minimum Variance,2023-06-29,0.0013365311567911967,0.0013365311567912208
Combined Minimum Variance,2023-06-30,0.011310939435625214,0.011310939435625222
Combined Minimum Variance,2023-07-03,0.003599317199632406,0.00359260797504235
Combined Minimum Variance,2023-07-05,-0.0020604158297505767,-0.0020604158297505837
Combined Minimum Variance,2023-07-06,-0.00855776579516034,-0.008557765795160321
Combined Minimum Variance,2023-07-07,-0.012734045765373118,-0.01273404576537307
Combined Minimum Variance,2023-07-10,0.005367571083870577,0.005367571083870537
Combined Minimum Variance,2023-07-11,0.011887899438127288,0.011887899438127292
Combined Minimum Variance,2023-07-12,0.0015255187753283454,0.0015255187753282495
Combined Minimum Variance,2023-07-13,0.0012086817955738768,0.0012086817955738738
Combined Minimum Variance,2023-07-14,0.004359047864264137,0.0043590478642641095
Combined Minimum Variance,2023-07-17,-0.004330003531011057,-0.004330003531011095
Combined Minimum Variance,2023-07-18,0.003131296720093005,0.0031312967200929354
Combined Minimum Variance,2023-07-19,0.004401847267842364,0.004401847267842429
Combined Minimum Variance,2023-07-20,0.007971705739886845,0.007971705739886925
Combined Minimum Variance,2023-07-21,0.0073686871946950045,0.007368687194694967
Combined Minimum Variance,2023-07-24,-0.003310889237668332,-0.003310889237668313
Combined Minimum Variance,2023-07-25,0.0005361632373319594,0.0005361632373319658
Combined Minimum Variance,2023-07-26,0.002406961457271433,0.0024069614572714837
Combined Minimum Variance,2023-07-27,-0.005117762611293454,-0.005117762611293486
Combined Minimum Variance,2023-07-28,0.004564396253481124,0.004564396253481151
Combined Minimum Variance,2023-07-31,-0.002477366747122061,-0.0024773667471220673
Combined Minimum Variance,2023-08-01,-0.008334991563258233,-0.008339099606965883
Combined Minimum Variance,2023-08-02,-0.009969627182313541,-0.009969627182313534
Combined Minimum Variance,2023-08-03,-0.003471666222014457,-0.0034716662220144467
Combined Minimum Variance,2023-08-04,-0.004080320889606351,-0.004080320889606304
Combined Minimum Variance,2023-08-07,0.011137335638164604,0.011137335638164547
Combined Minimum Variance,2023-08-08,-0.004493038194106375,-0.004493038194106402
Combined Minimum Variance,2023-08-09,0.001360887601161862,0.0013608876011619309
Combined Minimum Variance,2023-08-10,-0.0010034842476864434,-0.0010034842476864814
Combined Minimum Variance,2023-08-11,0.006281142349326035,0.006281142349326085
Combined Minimum Variance,2023-08-14,-0.0023918538739526917,-0.0023918538739526873
Combined Minimum Variance,2023-08-15,-0.00841797257755384,-0.008417972577553834
Combined Minimum Variance,2023-08-16,-0.003936055774962066,-0.003936055774962033
Combined Minimum Variance,2023-08-17,-0.009601196434950748,-0.00960119643495072
Combined Minimum Variance,2023-08-18,0.0015991256189054298,0.001599125618905406
Combined Minimum Variance,2023-08-21,-0.00047358231414976903,-0.0004735823141497342
Combined Minimum Variance,2023-08-22,-0.0030623655979888863,-0.003062365597988892
Combined Minimum Variance,2023-08-23,0.010950101932115203,0.010950101932115208
Combined Minimum Variance,2023-08-24,-0.008752406273203502,-0.008752406273203506
Combined Minimum Variance,2023-08-25,0.002680808620547446,0.0026808086205474257
Combined Minimum Variance,2023-08-28,0.006039043275617508,0.0060390432756174395
Combined Minimum Variance,2023-08-29,0.008518427224117355,0.008518427224117442
Combined Minimum Variance,2023-08-30,0.0015081689866158548,0.0015081689866158765
Combined Minimum Variance,2023-08-31,-0.0043136461653963355,-0.004313646165396312
Combined Minimum Variance,2023-09-01,-8.825901027453163e-05,-9.368700670298047e-05
Combined Minimum Variance,2023-09-05,-0.010620885602214566,-0.010620885602214525
Combined Minimum Variance,2023-09-06,-0.0024240753709085083,-0.002424075370908496
Combined Minimum Variance,2023-09-07,0.006348107611239661,0.006348107611239717
Combined Minimum Variance,2023-09-08,0.0059925860674151996,0.005992586067415262
Combined Minimum Variance,2023-09-11,0.005763227669496368,0.005763227669496329
Combined Minimum Variance,2023-09-12,-0.003024987459236838,-0.0030249874592368498
Combined Minimum Variance,2023-09-13,0.0001594766749154415,0.00015947667491533757
Combined Minimum Variance,2023-09-14,0.010189361697885058,0.01018936169788498
Combined Minimum Variance,2023-09-15,-0.007381251770900215,-0.00738125177090021
Combined Minimum Variance,2023-09-18,-0.0003837547040005358,-0.00038375470400053846
Combined Minimum Variance,2023-09-19,-0.0004322734658195029,-0.00043227346581953263
Combined Minimum Variance,2023-09-20,0.0014100711068868487,0.0014100711068869565
Combined Minimum Variance,2023-09-21,-0.011654410236889838,-0.011654410236889845
Combined Minimum Variance,2023-09-22,-9.3422908965375e-05,-9.342290896541261e-05
Combined Minimum Variance,2023-09-25,-0.0004648758582168535,-0.00046487585821686217
Combined Minimum Variance,2023-09-26,-0.005920997333070804,-0.005920997333070832
Combined Minimum Variance,2023-09-27,-0.009038575379396622,-0.009038575379396674
Combined Minimum Variance,2023-09-28,0.0016455625193868711,0.0016455625193869672
Combined Minimum Variance,2023-09-29,-0.006661342047992952,-0.0066613420479929575
Combined Minimum Variance,2023-10-02,-0.009660210587913307,-0.009662831441869635
Combined Minimum Variance,2023-10-03,-0.008344948241591082,-0.008344948241591044
Combined Minimum Variance,2023-10-04,0.007491394255027464,0.007491394255027428
Combined Minimum Variance,2023-10-05,-0.0032129091283013916,-0.003212909128301411
Combined Minimum Variance,2023-10-06,0.0055456662764102535,0.005545666276410177
Combined Minimum Variance,2023-10-09,0.004345179948398433,0.004345179948398448
Combined Minimum Variance,2023-10-10,0.011217036674554402,0.011217036674554315
Combined Minimum Variance,2023-10-11,0.004712925404527523,0.0047129254045275015
Combined Minimum Variance,2023-10-12,-0.0022620860378350796,-0.002262086037835065
Combined Minimum Variance,2023-10-13,0.0035614734401343334,0.003561473440134355
Combined Minimum Variance,2023-10-16,0.00734715712113862,0.007347157121138537
Combined Minimum Variance,2023-10-17,0.006031562972159399,0.006031562972159454
Combined Minimum Variance,2023-10-18,-0.008726654177915034,-0.008726654177915072
Combined Minimum Variance,2023-10-19,-0.010561468063887658,-0.010561468063887691
Combined Minimum Variance,2023-10-20,-0.0032096560927432193,-0.0032096560927432627
Combined Minimum Variance,2023-10-23,-0.002425926721344906,-0.0024259267213448954
Combined Minimum Variance,2023-10-24,0.011263861169044875,0.011263861169044986
Combined Minimum Variance,2023-10-25,-0.00822118039933307,-0.008221180399333061
Combined Minimum Variance,2023-10-26,-0.001681295332396436,-0.0016812953323964708
Combined Minimum Variance,2023-10-27,-0.011294907358046696,-0.011294907358046724
Combined Minimum Variance,2023-10-30,0.008365225641298336,0.008365225641298268
Combined Minimum Variance,2023-10-31,0.002404443482844842,0.0024044434828447425
Combined Minimum Variance,2023-11-01,0.00563696076773606,0.005630792183153099
Combined Minimum Variance,2023-11-02,0.01256625941301794,0.012566259413018033
Combined Minimum Variance,2023-11-03,0.003693021454196873,0.00369302145419681
Combined Minimum Variance,2023-11-06,-0.004121153418256106,-0.0041211534182561405
Combined Minimum Variance,2023-11-07,-0.0007946745280483287,-0.000794674528048378
Combined Minimum Variance,2023-11-08,-0.0068210693643196,-0.0068210693643195874
Combined Minimum Variance,2023-11-09,-0.013001182823197378,-0.0130011828231974
Combined Minimum Variance,2023-11-10,0.005760028087308059,0.005760028087308022
Combined Minimum Variance,2023-11-13,0.0027413437571759225,0.0027413437571759403
Combined Minimum Variance,2023-11-14,0.010097214506357829,0.01009721450635781
Combined Minimum Variance,2023-11-15,0.004133006299462885,0.0041330062994628936
Combined Minimum Variance,2023-11-16,-0.015930870858545117,-0.015930870858545165
Combined Minimum Variance,2023-11-17,-0.0004223924716346108,-0.0004223924716345584
Combined Minimum Variance,2023-11-20,0.004606111544077241,0.004606111544077196
Combined Minimum Variance,2023-11-21,0.0017013322118543343,0.0017013322118544227
Combined Minimum Variance,2023-11-22,0.0004940441658581602,0.0004940441658580763
Combined Minimum Variance,2023-11-24,0.0027854348047834957,0.0027854348047835487
Combined Minimum Variance,2023-11-27,0.0022344375239842515,0.002234437523984223
Combined Minimum Variance,2023-11-28,0.005125814525671736,0.005125814525671846
Combined Minimum Variance,2023-11-29,0.00043312429513440586,0.00043312429513431283
Combined Minimum Variance,2023-11-30,0.008769050677348667,0.008769050677348567
Combined Minimum Variance,2023-12-01,0.0061338223004748695,0.006126585330851864
Combined Minimum Variance,2023-12-04,0.00408062971173891,0.004080629711738837
Combined Minimum Variance,2023-12-05,0.0030572387206530506,0.0030572387206531104
Combined Minimum Variance,2023-12-06,-0.0013611658272798565,-0.0013611658272798532
Combined Minimum Variance,2023-12-07,-0.004158161073694149,-0.0041581610736941554
Combined Minimum Variance,2023-12-08,-0.00017836941135513477,-0.0001783694113551837
Combined Minimum Variance,2023-12-11,0.004794188356953033,0.004794188356953111
Combined Minimum Variance,2023-12-12,0.002585245857003576,0.002585245857003482
Combined Minimum Variance,2023-12-13,0.021478848179024044,0.021478848179024013
Combined Minimum Variance,2023-12-14,3.870538590786103e-05,3.870538590788897e-05
Combined Minimum Variance,2023-12-15,-0.0065751898826977495,-0.006575189882697785
Combined Minimum Variance,2023-12-18,0.001929156447288989,0.001929156447288971
Combined Minimum Variance,2023-12-19,0.004316192923319219,0.004316192923319306
Combined Minimum Variance,2023-12-20,-0.013510774108643795,-0.013510774108643764
Combined Minimum Variance,2023-12-21,0.00823085743493209,0.008230857434932126
Combined Minimum Variance,2023-12-22,0.009326398465546297,0.009326398465546282
Combined Minimum Variance,2023-12-26,0.0009118508741616953,0.0009118508741616793
Combined Minimum Variance,2023-12-27,0.004324609924241752,0.0043246099242417735
Combined Minimum Variance,2023-12-28,0.0014908584436308828,0.001490858443630838
Combined Minimum Variance,2023-12-29,-0.0004595481755417648,-0.0004595481755417241
Combined Maximum Sharpe,2023-01-03,-0.001741041162020308,-0.0017410411620203403
Combined Maximum Sharpe,2023-01-04,0.02233959762965879,0.02233959762965876
Combined Maximum Sharpe,2023-01-05,-0.0054442581559883,-0.0054442581559882575
Combined Maximum Sharpe,2023-01-06,0.026495122591267687,0.02649512259126774
Combined Maximum Sharpe,2023-01-09,-0.01615406550437192,-0.01615406550437193
Combined Maximum Sharpe,2023-01-10,0.008726982057991465,0.008726982057991384
Combined Maximum Sharpe,2023-01-11,0.0006504584057934369,0.0006504584057933638
Combined Maximum Sharpe,2023-01-12,-0.00679168567273775,-0.006791685672737802
Combined Maximum Sharpe,2023-01-13,0.014237089652074913,0.01423708965207493
Combined Maximum Sharpe,2023-01-17,-0.004680966287491415,-0.004680966287491373
Combined Maximum Sharpe,2023-01-18,-0.02525088290950187,-0.025250882909501837
Combined Maximum Sharpe,2023-01-19,-0.0016061498565140878,-0.001606149856514083
Combined Maximum Sharpe,2023-01-20,0.018566989286622794,0.018566989286622704
Combined Maximum Sharpe,2023-01-23,0.0031195089631160288,0.003119508963115969
Combined Maximum Sharpe,2023-01-24,-0.009937878248981567,-0.009937878248981513
Combined Maximum Sharpe,2023-01-25,0.007949373228213652,0.007949373228213652
Combined Maximum Sharpe,2023-01-26,0.012722200630059704,0.012722200630059799
Combined Maximum Sharpe,2023-01-27,-0.002646619906459513,-0.0026466199064595353
Combined Maximum Sharpe,2023-01-30,-0.013619740603914066,-0.013619740603914021
Combined Maximum Sharpe,2023-01-31,0.013021305738379745,0.013021305738379674
Combined Maximum Sharpe,2023-02-01,0.018385781445111937,0.018276801872786796
Combined Maximum Sharpe,2023-02-02,0.0005293215371471335,0.0005293215371471316
Combined Maximum Sharpe,2023-02-03,0.000788689688340316,0.0007886896883402272
Combined Maximum Sharpe,2023-02-06,-0.011873716101121983,-0.011873716101121978
Combined Maximum Sharpe,2023-02-07,0.008806776959418863,0.008806776959418894
Combined Maximum Sharpe,2023-02-08,-0.003528834707858107,-0.0035288347078581417
Combined Maximum Sharpe,2023-02-09,-0.004560588821588901,-0.00456058882158894
Combined Maximum Sharpe,2023-02-10,0.004961244092023068,0.004961244092023032
Combined Maximum Sharpe,2023-02-13,0.01353591777939055,0.01353591777939056
Combined Maximum Sharpe,2023-02-14,0.010245109688847927,0.010245109688847842
Combined Maximum Sharpe,2023-02-15,0.0021601934238982398,0.0021601934238981713
Combined Maximum Sharpe,2023-02-16,-0.016227420777446624,-0.016227420777446655
Combined Maximum Sharpe,2023-02-17,0.006159179956452722,0.006159179956452654
Combined Maximum Sharpe,2023-02-21,-0.013073134275944856,-0.013073134275944809
Combined Maximum Sharpe,2023-02-22,-0.006360758040036462,-0.0063607580400364405
Combined Maximum Sharpe,2023-02-23,0.018533703534945992,0.01853370353494599
Combined Maximum Sharpe,2023-02-24,-0.008443531695123895,-0.008443531695123907
Combined Maximum Sharpe,2023-02-27,0.007051848397898504,0.007051848397898519
Combined Maximum Sharpe,2023-02-28,0.0002607089276289386,0.000260708927628972
Combined Maximum Sharpe,2023-03-01,0.007356533493224079,0.007291726927986186
Combined Maximum Sharpe,2023-03-02,0.008333634479837426,0.008333634479837482
Combined Maximum Sharpe,2023-03-03,0.0068554857849138645,0.006855485784913906
Combined Maximum Sharpe,2023-03-06,-0.007983738720558145,-0.007983738720558131
Combined Maximum Sharpe,2023-03-07,-0.016374824211974056,-0.016374824211974004
Combined Maximum Sharpe,2023-03-08,-0.0034495607309316576,-0.003449560730931611
Combined Maximum Sharpe,2023-03-09,-0.031791855967515374,-0.031791855967515326
Combined Maximum Sharpe,2023-03-10,-0.010478460704744424,-0.010478460704744452
Combined Maximum Sharpe,2023-03-13,0.008390166965446888,0.008390166965446921
Combined Maximum Sharpe,2023-03-14,0.01631656194600452,0.016316561946004615
Combined Maximum Sharpe,2023-03-15,-0.02123593040996446,-0.02123593040996441
Combined Maximum Sharpe,2023-03-16,0.015045950375734647,0.015045950375734751
Combined Maximum Sharpe,2023-03-17,0.0040286876054769095,0.004028687605476922
Combined Maximum Sharpe,2023-03-20,0.0074800446419630625,0.007480044641963168
Combined Maximum Sharpe,2023-03-21,0.01638388403147642,0.016383884031476503
Combined Maximum Sharpe,2023-03-22,-0.025325122702478248,-0.02532512270247822
Combined Maximum Sharpe,2023-03-23,0.019643792407876306,0.01964379240787628
Combined Maximum Sharpe,2023-03-24,0.0017659076879622659,0.0017659076879623647
Combined Maximum Sharpe,2023-03-27,-0.005182957196972194,-0.005182957196972149
Combined Maximum Sharpe,2023-03-28,0.0025625601986733696,0.0025625601986734026
Combined Maximum Sharpe,2023-03-29,0.007566830347440467,0.007566830347440545
Combined Maximum Sharpe,2023-03-30,0.005493963707785864,0.005493963707785765
Combined Maximum Sharpe,2023-03-31,0.01411564877836567,0.014115648778365575
Combined Maximum Sharpe,2023-04-03,0.00422067081685836,0.004161925595432381
Combined Maximum Sharpe,2023-04-04,-0.015162203236318917,-0.015162203236318894
Combined Maximum Sharpe,2023-04-05,-0.00038095250631419244,-0.00038095250631420274
Combined Maximum Sharpe,2023-04-06,0.004062675413678379,0.004062675413678329
Combined Maximum Sharpe,2023-04-10,0.008209610962128779,0.0082096109621288
Combined Maximum Sharpe,2023-04-11,-0.0005422093929554583,-0.0005422093929554617
Combined Maximum Sharpe,2023-04-12,-0.004439479098910099,-0.004439479098910071
Combined Maximum Sharpe,2023-04-13,0.006786848864940913,0.006786848864940964
Combined Maximum Sharpe,2023-04-14,0.0007420439083528664,0.000742043908352974
Combined Maximum Sharpe,2023-04-17,0.0001243508819128152,0.00012435088191287136
Combined Maximum Sharpe,2023-04-18,0.007717191009282927,0.007717191009283031
Combined Maximum Sharpe,2023-04-19,-0.005719250409138994,-0.0057192504091390095
Combined Maximum Sharpe,2023-04-20,0.002768013234115705,0.002768013234115685
Combined Maximum Sharpe,2023-04-21,-0.00467819942897741,-0.004678199428977403
Combined Maximum Sharpe,2023-04-24,0.0042648710943702,0.004264871094370237
Combined Maximum Sharpe,2023-04-25,-0.010445680669263276,-0.010445680669263324
Combined Maximum Sharpe,2023-04-26,-0.008286619274096296,-0.00828661927409624
Combined Maximum Sharpe,2023-04-27,-0.024318935002949092,-0.024318935002949127
Combined Maximum Sharpe,2023-04-28,0.010647945721061267,0.010647945721061314
Combined Maximum Sharpe,2023-05-01,0.011488144559642258,0.011441429036576523
Combined Maximum Sharpe,2023-05-02,-0.012315868814962362,-0.012315868814962383
Combined Maximum Sharpe,2023-05-03,-0.0094429749739537,-0.009442974973953744
Combined Maximum Sharpe,2023-05-04,-0.015536417101851793,-0.01553641710185183
Combined Maximum Sharpe,2023-05-05,0.021145917487336508,0.02114591748733652
Combined Maximum Sharpe,2023-05-08,-0.0018857159189929486,-0.0018857159189930028
Combined Maximum Sharpe,2023-05-09,-0.006648243067717723,-0.0066482430677177184
Combined Maximum Sharpe,2023-05-10,-0.002230091635365319,-0.002230091635365361
Combined Maximum Sharpe,2023-05-11,-0.0065493819584661874,-0.006549381958466216
Combined Maximum Sharpe,2023-05-12,0.0022941418827982975,0.002294141882798195
Combined Maximum Sharpe,2023-05-15,0.006535027788282567,0.006535027788282521
Combined Maximum Sharpe,2023-05-16,-0.011056182830501,-0.011056182830501027
Combined Maximum Sharpe,2023-05-17,0.012922313149110238,0.012922313149110298
Combined Maximum Sharpe,2023-05-18,0.010686319543226517,0.010686319543226519
Combined Maximum Sharpe,2023-05-19,0.0010972678904675986,0.0010972678904674904
Combined Maximum Sharpe,2023-05-22,0.001827852918983415,0.0018278529189834636
Combined Maximum Sharpe,2023-05-23,-0.010353750080409155,-0.010353750080409174
Combined Maximum Sharpe,2023-05-24,-0.012115338712778494,-0.012115338712778478
Combined Maximum Sharpe,2023-05-25,0.048068244326107935,0.04806824432610801
Combined Maximum Sharpe,2023-05-26,0.0051394989620365756,0.005139498962036582
Combined Maximum Sharpe,2023-05-30,0.0003491560625223638,0.0003491560625223933
Combined Maximum Sharpe,2023-05-31,-0.012362164809052799,-0.012362164809052834
Combined Maximum Sharpe,2023-06-01,0.006139170270413509,0.006048700958155351
Combined Maximum Sharpe,2023-06-02,0.021103792932435115,0.02110379293243514
Combined Maximum Sharpe,2023-06-05,-0.00876998434399922,-0.008769984343999226
Combined Maximum Sharpe,2023-06-06,-0.0015717125528268688,-0.0015717125528268427
Combined Maximum Sharpe,2023-06-07,-0.007891224799739702,-0.007891224799739693
Combined Maximum Sharpe,2023-06-08,0.013304119488118943,0.013304119488118937
Combined Maximum Sharpe,2023-06-09,-0.00032937324650625453,-0.0003293732465062815
Combined Maximum Sharpe,2023-06-12,0.007986207121843775,0.007986207121843725
Combined Maximum Sharpe,2023-06-13,0.020026571236844964,0.020026571236845037
Combined Maximum Sharpe,2023-06-14,0.0014722630564951416,0.001472263056495171
Combined Maximum Sharpe,2023-06-15,-0.002007689382738862,-0.0020076893827388753
Combined Maximum Sharpe,2023-06-16,0.009258088343602833,0.009258088343602866
Combined Maximum Sharpe,2023-06-20,0.0081496252320584,0.00814962523205831
Combined Maximum Sharpe,2023-06-21,0.0002518403421810909,0.00025184034218117546
Combined Maximum Sharpe,2023-06-22,0.000795093475745809,0.0007950934757459116
Combined Maximum Sharpe,2023-06-23,-0.007221767433355433,-0.007221767433355453
Combined Maximum Sharpe,2023-06-26,-0.015831721782425187,-0.0158317217824252
Combined Maximum Sharpe,2023-06-27,0.010916586129739624,0.010916586129739558
Combined Maximum Sharpe,2023-06-28,-0.010754274620020612,-0.010754274620020654
Combined Maximum Sharpe,2023-06-29,0.003994284553338125,0.003994284553338057
Combined Maximum Sharpe,2023-06-30,0.02312490915428047,0.02312490915428045
Combined Maximum Sharpe,2023-07-03,0.004159366534845855,0.004092538238076093
Combined Maximum Sharpe,2023-07-05,-0.0034453699728884926,-0.003445369972888468
Combined Maximum Sharpe,2023-07-06,-0.006663774598461667,-0.00666377459846168
Combined Maximum Sharpe,2023-07-07,0.004497371776781455,0.004497371776781556
Combined Maximum Sharpe,2023-07-10,-0.00010882585110878477,-0.00010882585110882914
Combined Maximum Sharpe,2023-07-11,0.009052182057394078,0.00905218205739411
Combined Maximum Sharpe,2023-07-12,0.012716096414224574,0.012716096414224554
Combined Maximum Sharpe,2023-07-13,0.0268637346827499,0.02686373468274983
Combined Maximum Sharpe,2023-07-14,-0.00755112237271234,-0.007551122372712382
Combined Maximum Sharpe,2023-07-17,0.006336870957277244,0.006336870957277307
Combined Maximum Sharpe,2023-07-18,0.015036294789199038,0.0150362947891991
Combined Maximum Sharpe,2023-07-19,-0.005909789418672237,-0.005909789418672262
Combined Maximum Sharpe,2023-07-20,-0.003968964348247475,-0.00396896434824745
Combined Maximum Sharpe,2023-07-21,-0.008936113120501703,-0.008936113120501687
Combined Maximum Sharpe,2023-07-24,0.0007903903965503627,0.0007903903965502668
Combined Maximum Sharpe,2023-07-25,0.013743427260628771,0.013743427260628716
Combined Maximum Sharpe,2023-07-26,-0.004898495119857388,-0.0048984951198574045
Combined Maximum Sharpe,2023-07-27,0.015282011945173701,0.015282011945173757
Combined Maximum Sharpe,2023-07-28,0.013036731394298765,0.013036731394298728
Combined Maximum Sharpe,2023-07-31,-0.0006061765283068209,-0.0006061765283068565
Combined Maximum Sharpe,2023-08-01,-0.0017331677635787149,-0.001800554571444346
Combined Maximum Sharpe,2023-08-02,-0.021291419937032586,-0.02129141993703254
Combined Maximum Sharpe,2023-08-03,0.001970741933883904,0.0019707419338839127
Combined Maximum Sharpe,2023-08-04,-0.008624335242564583,-0.008624335242564563
Combined Maximum Sharpe,2023-08-07,0.013099454949898316,0.013099454949898393
Combined Maximum Sharpe,2023-08-08,-0.00409272600390026,-0.0040927260039003155
Combined Maximum Sharpe,2023-08-09,-0.013577651356395326,-0.013577651356395326
Combined Maximum Sharpe,2023-08-10,-0.003987690479934681,-0.003987690479934636
Combined Maximum Sharpe,2023-08-11,-0.010101832738922817,-0.010101832738922845
Combined Maximum Sharpe,2023-08-14,0.030317074828045985,0.03031707482804591
Combined Maximum Sharpe,2023-08-15,-0.005782337671308392,-0.005782337671308424
Combined Maximum Sharpe,2023-08-16,-0.00900487915921125,-0.009004879159211221
Combined Maximum Sharpe,2023-08-17,-0.01647243288255551,-0.01647243288255551
Combined Maximum Sharpe,2023-08-18,0.0008953437303994489,0.000895343730399345
Combined Maximum Sharpe,2023-08-21,0.025165034350344704,0.025165034350344673
Combined Maximum Sharpe,2023-08-22,-0.014014199462643238,-0.014014199462643262
Combined Maximum Sharpe,2023-08-23,0.010010931144337522,0.010010931144337487
Combined Maximum Sharpe,2023-08-24,-0.0051280157679823996,-0.005128015767982386
Combined Maximum Sharpe,2023-08-25,-0.006573389818050037,-0.006573389818050002
Combined Maximum Sharpe,2023-08-28,0.008452554923271577,0.008452554923271682
Combined Maximum Sharpe,2023-08-29,0.02413667836229459,0.024136678362294495
Combined Maximum Sharpe,2023-08-30,-0.00013451434495472892,-0.00013451434495470593
Combined Maximum Sharpe,2023-08-31,-0.0035128902521282925,-0.003512890252128309
Combined Maximum Sharpe,2023-09-01,-0.004030951880194563,-0.004053057645612257
Combined Maximum Sharpe,2023-09-05,-0.007180339722770926,-0.007180339722770879
Combined Maximum Sharpe,2023-09-06,-0.012599162425602236,-0.012599162425602217
Combined Maximum Sharpe,2023-09-07,0.002461941478852797,0.0024619414788527028
Combined Maximum Sharpe,2023-09-08,-0.00963832177947243,-0.009638321779472436
Combined Maximum Sharpe,2023-09-11,-0.00831328699710699,-0.008313286997106983
Combined Maximum Sharpe,2023-09-12,0.0016302045978820782,0.0016302045978819901
Combined Maximum Sharpe,2023-09-13,0.00765064979109743,0.00765064979109753
Combined Maximum Sharpe,2023-09-14,0.013919477887582864,0.013919477887582854
Combined Maximum Sharpe,2023-09-15,-0.026435169182719168,-0.026435169182719154
Combined Maximum Sharpe,2023-09-18,0.00510292054196842,0.00510292054196837
Combined Maximum Sharpe,2023-09-19,0.0009769130894770068,0.000976913089477005
Combined Maximum Sharpe,2023-09-20,-0.01363045717360067,-0.013630457173600674
Combined Maximum Sharpe,2023-09-21,-0.017886255023788458,-0.01788625502378849
Combined Maximum Sharpe,2023-09-22,0.006118218595378345,0.006118218595378311
Combined Maximum Sharpe,2023-09-25,0.013073900869380147,0.013073900869380095
Combined Maximum Sharpe,2023-09-26,-0.008771673119454978,-0.008771673119454926
Combined Maximum Sharpe,2023-09-27,0.008730066786522361,0.008730066786522439
Combined Maximum Sharpe,2023-09-28,0.009124909863480649,0.00912490986348069
Combined Maximum Sharpe,2023-09-29,-0.0030486199758750746,-0.003048619975875022
Combined Maximum Sharpe,2023-10-02,0.0009740877772541966,0.0009263304616160539
Combined Maximum Sharpe,2023-10-03,-0.006525559610875366,-0.00652555961087542
Combined Maximum Sharpe,2023-10-04,0.001287158281116637,0.001287158281116696
Combined Maximum Sharpe,2023-10-05,0.0006241557437908592,0.0006241557437909329
Combined Maximum Sharpe,2023-10-06,0.009361035424683965,0.009361035424684028
Combined Maximum Sharpe,2023-10-09,-0.004280785871199545,-0.004280785871199511
Combined Maximum Sharpe,2023-10-10,0.002641681890265766,0.0026416818902657013
Combined Maximum Sharpe,2023-10-11,0.004467646018005561,0.004467646018005533
Combined Maximum Sharpe,2023-10-12,-0.006354966486117158,-0.0063549664861171085
Combined Maximum Sharpe,2023-10-13,-0.00853563917041688,-0.008535639170416887
Combined Maximum Sharpe,2023-10-16,0.007955393325984323,0.007955393325984383
Combined Maximum Sharpe,2023-10-17,-0.010349361189067159,-0.010349361189067152
Combined Maximum Sharpe,2023-10-18,-0.015393248998337343,-0.015393248998337383
Combined Maximum Sharpe,2023-10-19,-0.008730168883884998,-0.008730168883885003
Combined Maximum Sharpe,2023-10-20,-0.0051697416568126636,-0.00516974165681261
Combined Maximum Sharpe,2023-10-23,0.011813091752077707,0.011813091752077787
Combined Maximum Sharpe,2023-10-24,0.01548966257435406,0.015489662574354135
Combined Maximum Sharpe,2023-10-25,-0.017690282327921754,-0.017690282327921802
Combined Maximum Sharpe,2023-10-26,-0.008263799412564526,-0.008263799412564499
Combined Maximum Sharpe,2023-10-27,-0.01564930018421833,-0.015649300184218284
Combined Maximum Sharpe,2023-10-30,0.015414027479650495,0.015414027479650594
Combined Maximum Sharpe,2023-10-31,-0.0028309266690978666,-0.0028309266690978996
Combined Maximum Sharpe,2023-11-01,0.019842910587479234,0.0197826865332138
Combined Maximum Sharpe,2023-11-02,0.012459267276269307,0.012459267276269337
Combined Maximum Sharpe,2023-11-03,0.005977801909468902,0.005977801909468949
Combined Maximum Sharpe,2023-11-06,0.007315890183705618,0.007315890183705598
Combined Maximum Sharpe,2023-11-07,-0.0002737743815552666,-0.00027377438155529177
Combined Maximum Sharpe,2023-11-08,0.006126559144685381,0.006126559144685295
Combined Maximum Sharpe,2023-11-09,-0.007240283094619997,-0.0072402830946199925
Combined Maximum Sharpe,2023-11-10,0.01856220364461109,0.01856220364461114
Combined Maximum Sharpe,2023-11-13,0.0007019018678359522,0.00070190186783603
Combined Maximum Sharpe,2023-11-14,-0.00045499778066757524,-0.00045499778066759866
Combined Maximum Sharpe,2023-11-15,0.0020191763839780014,0.002019176383978083
Combined Maximum Sharpe,2023-11-16,-0.002469526116486284,-0.0024695261164863203
Combined Maximum Sharpe,2023-11-17,0.0028859168215830764,0.0028859168215831232
Combined Maximum Sharpe,2023-11-20,0.005141021825055003,0.005141021825054937
Combined Maximum Sharpe,2023-11-21,-0.010512675482137872,-0.010512675482137857
Combined Maximum Sharpe,2023-11-22,0.00045229162084158177,0.0004522916208415939
Combined Maximum Sharpe,2023-11-24,-0.003029194238798073,-0.0030291942387981052
Combined Maximum Sharpe,2023-11-27,0.001874466578328376,0.0018744665783283487
Combined Maximum Sharpe,2023-11-28,-0.0031861888222131708,-0.0031861888222132206
Combined Maximum Sharpe,2023-11-29,0.005934770634166849,0.005934770634166808
Combined Maximum Sharpe,2023-11-30,0.005448014222120463,0.00544801422212049
Combined Maximum Sharpe,2023-12-01,0.0047418805941840045,0.004699209055538445
Combined Maximum Sharpe,2023-12-04,-0.006402308895872209,-0.006402308895872233
Combined Maximum Sharpe,2023-12-05,0.010090054009918983,0.010090054009918914
Combined Maximum Sharpe,2023-12-06,-0.006866036446767238,-0.006866036446767199
Combined Maximum Sharpe,2023-12-07,0.01308418559589279,0.01308418559589275
Combined Maximum Sharpe,2023-12-08,0.011696550824389737,0.011696550824389806
Combined Maximum Sharpe,2023-12-11,-0.007744476326721194,-0.00774447632672115
Combined Maximum Sharpe,2023-12-12,0.010695903186826334,0.010695903186826339
Combined Maximum Sharpe,2023-12-13,0.011921628840467,0.011921628840467102
Combined Maximum Sharpe,2023-12-14,0.009275388972905299,0.009275388972905363
Combined Maximum Sharpe,2023-12-15,-0.0017913500838089582,-0.0017913500838089291
Combined Maximum Sharpe,2023-12-18,0.009348723721799455,0.009348723721799512
Combined Maximum Sharpe,2023-12-19,-6.722281941586069e-05,-6.72228194158464e-05
Combined Maximum Sharpe,2023-12-20,-0.011759002165745942,-0.011759002165745991
Combined Maximum Sharpe,2023-12-21,0.011058417161593595,0.011058417161593503
Combined Maximum Sharpe,2023-12-22,0.007065148261826922,0.007065148261826915
Combined Maximum Sharpe,2023-12-26,-0.0020473127801042376,-0.0020473127801042823
Combined Maximum Sharpe,2023-12-27,0.006058800527760181,0.0060588005277602
Combined Maximum Sharpe,2023-12-28,-0.0031310906569049684,-0.003131090656904978
Combined Maximum Sharpe,2023-12-29,-0.0020048097835250987,-0.00200480978352513
Combined Risk Parity,2023-01-03,0.0031291237124085845,0.003129123712408477
Combined Risk Parity,2023-01-04,0.018768059382178723,0.018768059382178626
Combined Risk Parity,2023-01-05,-0.007603411929935417,-0.007603411929935411
Combined Risk Parity,2023-01-06,0.0221936435950208,0.02219364359502074
Combined Risk Parity,2023-01-09,0.00023686954921758375,0.00023686954921764425
Combined Risk Parity,2023-01-10,0.006865078518377502,0.0068650785183774765
Combined Risk Parity,2023-01-11,0.010626894859613404,0.010626894859613323
Combined Risk Parity,2023-01-12,0.006297966942694084,0.006297966942694133
Combined Risk Parity,2023-01-13,0.005810656563030766,0.005810656563030703
Combined Risk Parity,2023-01-17,-0.0053536527519108985,-0.005353652751910909
Combined Risk Parity,2023-01-18,-0.018810007112776,-0.018810007112776028
Combined Risk Parity,2023-01-19,-0.0039587163437037,-0.003958716343703705
Combined Risk Parity,2023-01-20,0.018289002515395707,0.01828900251539567
Combined Risk Parity,2023-01-23,0.01058182340166606,0.010581823401666135
Combined Risk Parity,2023-01-24,-0.005635766497625943,-0.0056357664976259825
Combined Risk Parity,2023-01-25,0.0040702362639040935,0.004070236263904015
Combined Risk Parity,2023-01-26,0.005120918268466112,0.005120918268466168
Combined Risk Parity,2023-01-27,-0.00018983882797614834,-0.00018983882797618534
Combined Risk Parity,2023-01-30,-0.011733620572104315,-0.011733620572104364
Combined Risk Parity,2023-01-31,0.01208997118920924,0.012089971189209292
Combined Risk Parity,2023-02-01,0.0056582596767611164,0.005657253217666414
Combined Risk Parity,2023-02-02,-0.001271703165872776,-0.0012717031658727729
Combined Risk Parity,2023-02-03,-0.01059668934646761,-0.010596689346467625
Combined Risk Parity,2023-02-06,-0.005634569662946101,-0.005634569662946065
Combined Risk Parity,2023-02-07,0.01162220107474557,0.011622201074745542
Combined Risk Parity,2023-02-08,-0.010037419534102116,-0.010037419534102088
Combined Risk Parity,2023-02-09,-0.012914441756889192,-0.012914441756889161
Combined Risk Parity,2023-02-10,0.007528014990848778,0.007528014990848764
Combined Risk Parity,2023-02-13,0.0078047529875124935,0.007804752987512487
Combined Risk Parity,2023-02-14,-0.00031376379369534724,-0.0003137637936952986
Combined Risk Parity,2023-02-15,0.006496557369645741,0.006496557369645828
Combined Risk Parity,2023-02-16,-0.015756740654504674,-0.01575674065450472
Combined Risk Parity,2023-02-17,0.004553037464082523,0.004553037464082532
Combined Risk Parity,2023-02-21,-0.015900200106093085,-0.015900200106093054
Combined Risk Parity,2023-02-22,-0.0061959514714207894,-0.006195951471420824
Combined Risk Parity,2023-02-23,0.0018906927225515987,0.0018906927225514902
Combined Risk Parity,2023-02-24,-0.01139487737942888,-0.011394877379428903
Combined Risk Parity,2023-02-27,0.0008747619331162915,0.0008747619331161971
Combined Risk Parity,2023-02-28,-0.005082030912652467,-0.005082030912652469
Combined Risk Parity,2023-03-01,0.00023154480737053157,0.00023079020374194847
Combined Risk Parity,2023-03-02,0.009501175611019685,0.009501175611019708
Combined Risk Parity,2023-03-03,0.009255039882519097,0.009255039882519078
Combined Risk Parity,2023-03-06,-0.0011258249328060482,-0.0011258249328059966
Combined Risk Parity,2023-03-07,-0.015850276672275423,-0.015850276672275454
Combined Risk Parity,2023-03-08,-0.000745115558148659,-0.0007451155581487123
Combined Risk Parity,2023-03-09,-0.01992225797697182,-0.01992225797697178
Combined Risk Parity,2023-03-10,-0.0108736987749209,-0.010873698774920948
Combined Risk Parity,2023-03-13,0.00433319285863333,0.004333192858633428
Combined Risk Parity,2023-03-14,0.013414845795551845,0.013414845795551855
Combined Risk Parity,2023-03-15,-0.008872569001426741,-0.008872569001426744
Combined Risk Parity,2023-03-16,0.012007996274975136,0.012007996274975063
Combined Risk Parity,2023-03-17,-0.0042104880546967325,-0.004210488054696704
Combined Risk Parity,2023-03-20,0.007321861302977021,0.007321861302977073
Combined Risk Parity,2023-03-21,0.010984963125552371,0.010984963125552305
Combined Risk Parity,2023-03-22,-0.02178180696089583,-0.021781806960895822
Combined Risk Parity,2023-03-23,0.006238345598109436,0.006238345598109429
Combined Risk Parity,2023-03-24,0.006923927843287825,0.006923927843287769
Combined Risk Parity,2023-03-27,0.0015432159170209823,0.0015432159170210014
Combined Risk Parity,2023-03-28,0.0033025164346605494,0.0033025164346605074
Combined Risk Parity,2023-03-29,0.015335977835735363,0.01533597783573537
Combined Risk Parity,2023-03-30,0.004162934422260949,0.0041629344222609
Combined Risk Parity,2023-03-31,0.013189850035203439,0.013189850035203454
Combined Risk Parity,2023-04-03,0.005353745342040291,0.0053526338648342
Combined Risk Parity,2023-04-04,-0.0014644868504362241,-0.0014644868504362085
Combined Risk Parity,2023-04-05,0.006009619531852377,0.006009619531852417
Combined Risk Parity,2023-04-06,-0.0005367729997731996,-0.0005367729997731718
Combined Risk Parity,2023-04-10,0.004020467707064537,0.004020467707064546
Combined Risk Parity,2023-04-11,0.002053822514791376,0.00205382251479147
Combined Risk Parity,2023-04-12,-0.002328335470985799,-0.002328335470985765
Combined Risk Parity,2023-04-13,0.008813770146597958,0.00881377014659801
Combined Risk Parity,2023-04-14,-0.004524947163449343,-0.004524947163449311
Combined Risk Parity,2023-04-17,0.0022812609199784947,0.0022812609199784895
Combined Risk Parity,2023-04-18,0.00150850285122209,0.00150850285122206
Combined Risk Parity,2023-04-19,-0.0038722797031554702,-0.0038722797031555123
Combined Risk Parity,2023-04-20,-0.007502282295312201,-0.007502282295312246
Combined Risk Parity,2023-04-21,-0.0023546839256146103,-0.0023546839256146646
Combined Risk Parity,2023-04-24,0.0011559705413032356,0.0011559705413033416
Combined Risk Parity,2023-04-25,-0.009791400530948038,-0.009791400530948069
Combined Risk Parity,2023-04-26,-0.014032425226643707,-0.014032425226643719
Combined Risk Parity,2023-04-27,0.013550838662969017,0.013550838662969023
Combined Risk Parity,2023-04-28,0.006933356218260642,0.0069333562182607444
Combined Risk Parity,2023-05-01,-0.004142492295639661,-0.004143061868104203
Combined Risk Parity,2023-05-02,-0.012394901874771382,-0.012394901874771436
Combined Risk Parity,2023-05-03,-0.00927016139284085,-0.00927016139284087
Combined Risk Parity,2023-05-04,-0.004366711221765973,-0.0043667112217660176
Combined Risk Parity,2023-05-05,0.015965466091010596,0.015965466091010683
Combined Risk Parity,2023-05-08,-0.003988131558401909,-0.003988131558401942
Combined Risk Parity,2023-05-09,-0.002631940609968378,-0.0026319406099684084
Combined Risk Parity,2023-05-10,-0.0011595082499043655,-0.0011595082499044063
Combined Risk Parity,2023-05-11,-0.009345559097110911,-0.009345559097110878
Combined Risk Parity,2023-05-12,0.00024317381192735606,0.0002431738119272886
Combined Risk Parity,2023-05-15,0.0031333238666921798,0.0031333238666921837
Combined Risk Parity,2023-05-16,-0.014216916177037721,-0.014216916177037686
Combined Risk Parity,2023-05-17,0.009815968149132794,0.00981596814913277
Combined Risk Parity,2023-05-18,0.0033556989438136378,0.003355698943813712
Combined Risk Parity,2023-05-19,-0.001503653613760243,-0.0015036536137602585
Combined Risk Parity,2023-05-22,0.0005826446847959515,0.0005826446847958522
Combined Risk Parity,2023-05-23,-0.005972002934507206,-0.00597200293450717
Combined Risk Parity,2023-05-24,-0.010692321523217673,-0.01069232152321764
Combined Risk Parity,2023-05-25,-0.0036117539153604833,-0.003611753915360505
Combined Risk Parity,2023-05-26,0.007292481185453795,0.007292481185453781
Combined Risk Parity,2023-05-30,-0.0015978442885555353,-0.0015978442885555832
Combined Risk Parity,2023-05-31,-0.002669847218889685,-0.0026698472188896316
Combined Risk Parity,2023-06-01,0.002667787778369145,0.0026671555504373945
Combined Risk Parity,2023-06-02,0.018862700381302114,0.018862700381302222
Combined Risk Parity,2023-06-05,-0.008952351395302377,-0.008952351395302371
Combined Risk Parity,2023-06-06,0.004750565798438007,0.004750565798437911
Combined Risk Parity,2023-06-07,0.0041362124550967435,0.004136212455096766
Combined Risk Parity,2023-06-08,0.004952761794829476,0.004952761794829508
Combined Risk Parity,2023-06-09,-0.003796817086207973,-0.0037968170862079376
Combined Risk Parity,2023-06-12,0.003949390142463368,0.003949390142463427
Combined Risk Parity,2023-06-13,0.006340996524132811,0.00634099652413278
Combined Risk Parity,2023-06-14,-0.0034168440288641303,-0.0034168440288641078
Combined Risk Parity,2023-06-15,0.010230897541461417,0.010230897541461337
Combined Risk Parity,2023-06-16,0.0021412555782462,0.0021412555782462928
Combined Risk Parity,2023-06-20,-0.0083616254657088,-0.008361625465708844
Combined Risk Parity,2023-06-21,0.0035111476714179473,0.0035111476714180245
Combined Risk Parity,2023-06-22,-0.0036516062846562764,-0.003651606284656328
Combined Risk Parity,2023-06-23,-0.0003931164851074514,-0.00039311648510742536
Combined Risk Parity,2023-06-26,0.006406481393093766,0.006406481393093744
Combined Risk Parity,2023-06-27,0.007010004567133467,0.007010004567133521
Combined Risk Parity,2023-06-28,-0.005581257469985102,-0.005581257469985057
Combined Risk Parity,2023-06-29,0.007451099556331037,0.007451099556331053
Combined Risk Parity,2023-06-30,0.015531117604349057,0.01553111760434911
Combined Risk Parity,2023-07-03,0.004697232824987312,0.00469659528923394
Combined Risk Parity,2023-07-05,-0.004393665444071176,-0.00439366544407116
Combined Risk Parity,2023-07-06,-0.01262198685017583,-0.012621986850175793
Combined Risk Parity,2023-07-07,-0.00033891162599952404,-0.0003389116259995273
Combined Risk Parity,2023-07-10,0.005421000444151476,0.0054210004441515025
Combined Risk Parity,2023-07-11,0.012466418334565337,0.012466418334565299
Combined Risk Parity,2023-07-12,0.006317331323139569,0.006317331323139497
Combined Risk Parity,2023-07-13,0.020663335597973592,0.02066333559797351
Combined Risk Parity,2023-07-14,-0.009516021152907481,-0.009516021152907506
Combined Risk Parity,2023-07-17,-0.004780575366349037,-0.004780575366349016
Combined Risk Parity,2023-07-18,0.0044053653991214465,0.004405365399121397
Combined Risk Parity,2023-07-19,0.008205742725995797,0.008205742725995835
Combined Risk Parity,2023-07-20,0.002545242039978747,0.0025452420399787457
Combined Risk Parity,2023-07-21,0.005090779493692828,0.005090779493692743
Combined Risk Parity,2023-07-24,0.0002409975022626629,0.00024099750226258543
Combined Risk Parity,2023-07-25,0.0021871509572496737,0.0021871509572497505
Combined Risk Parity,2023-07-26,0.0030209694305207238,0.00302096943052077
Combined Risk Parity,2023-07-27,-0.004741225540224639,-0.004741225540224603
Combined Risk Parity,2023-07-28,0.003930515252958026,0.003930515252958067
Combined Risk Parity,2023-07-31,0.001027604988122191,0.001027604988122155
Combined Risk Parity,2023-08-01,-0.0035009169059657644,-0.0035015767344190873
Combined Risk Parity,2023-08-02,-0.014334912369910378,-0.014334912369910358
Combined Risk Parity,2023-08-03,-0.006873872236493735,-0.006873872236493717
Combined Risk Parity,2023-08-04,-0.002757996312866303,-0.0027579963128663287
Combined Risk Parity,2023-08-07,0.008154770560330595,0.008154770560330649
Combined Risk Parity,2023-08-08,-0.00144631547076498,-0.0014463154707650139
Combined Risk Parity,2023-08-09,-0.0009389046250732985,-0.0009389046250732891
Combined Risk Parity,2023-08-10,-2.403008289968256e-05,-2.4030082899639815e-05
Combined Risk Parity,2023-08-11,0.002018398877430124,0.00201839887743005
Combined Risk Parity,2023-08-14,0.000512106140424475,0.0005121061404245175
Combined Risk Parity,2023-08-15,-0.013382318552583709,-0.01338231855258376
Combined Risk Parity,2023-08-16,-0.009862241710361697,-0.009862241710361652
Combined Risk Parity,2023-08-17,-0.0120812988104195,-0.012081298810419527
Combined Risk Parity,2023-08-18,0.0015626657465285267,0.0015626657465286353
Combined Risk Parity,2023-08-21,-0.001925217830449624,-0.0019252178304496326
Combined Risk Parity,2023-08-22,-0.004749660220231246,-0.0047496602202312665
Combined Risk Parity,2023-08-23,0.009627933931985525,0.009627933931985577
Combined Risk Parity,2023-08-24,-0.011264775148126809,-0.011264775148126849
Combined Risk Parity,2023-08-25,0.004063710010453205,0.0040637100104532475
Combined Risk Parity,2023-08-28,0.006184175577684016,0.006184175577683915
Combined Risk Parity,2023-08-29,0.015108962083186673,0.015108962083186572
Combined Risk Parity,2023-08-30,-0.0006371173905581158,-0.0006371173905581617
Combined Risk Parity,2023-08-31,-0.006678126248089796,-0.006678126248089833
Combined Risk Parity,2023-09-01,0.0012984059489576567,0.0012977906545723616
Combined Risk Parity,2023-09-05,-0.009178471617915115,-0.009178471617915074
Combined Risk Parity,2023-09-06,-0.00343020903568647,-0.003430209035686471
Combined Risk Parity,2023-09-07,0.0023891115525540704,0.0023891115525540574
Combined Risk Parity,2023-09-08,0.0030176354038201902,0.0030176354038202735
Combined Risk Parity,2023-09-11,0.0007425544776204123,0.0007425544776205051
Combined Risk Parity,2023-09-12,0.002483885321129492,0.002483885321129531
Combined Risk Parity,2023-09-13,0.0007699516380141262,0.000769951638014188
Combined Risk Parity,2023-09-14,0.012571913415145937,0.012571913415145852
Combined Risk Parity,2023-09-15,-0.00712600695821079,-0.007126006958210751
Combined Risk Parity,2023-09-18,0.0012007708319166758,0.0012007708319166088
Combined Risk Parity,2023-09-19,-0.0020318676406179243,-0.0020318676406179126
Combined Risk Parity,2023-09-20,-0.003805366166193093,-0.0038053661661930915
Combined Risk Parity,2023-09-21,-0.01753349492052658,-0.017533494920526582
Combined Risk Parity,2023-09-22,-0.002620310856329754,-0.002620310856329744
Combined Risk Parity,2023-09-25,0.0017413072018460244,0.0017413072018459541
Combined Risk Parity,2023-09-26,-0.010842110935167189,-0.010842110935167182
Combined Risk Parity,2023-09-27,-0.002780305867153607,-0.0027803058671536096
Combined Risk Parity,2023-09-28,0.005098733531712182,0.005098733531712085
Combined Risk Parity,2023-09-29,-0.0008193380941372715,-0.0008193380941372563
Combined Risk Parity,2023-10-02,-0.015385360483153159,-0.015385692895438563
Combined Risk Parity,2023-10-03,-0.007472660234263048,-0.007472660234263073
Combined Risk Parity,2023-10-04,0.0020643993954034138,0.0020643993954034823
Combined Risk Parity,2023-10-05,-0.002804052591938424,-0.0028040525919383885
Combined Risk Parity,2023-10-06,0.009873836164448735,0.009873836164448813
Combined Risk Parity,2023-10-09,0.005019287247682865,0.005019287247682858
Combined Risk Parity,2023-10-10,0.00733141016244102,0.007331410162441099
Combined Risk Parity,2023-10-11,0.0031578815860955267,0.0031578815860955345
Combined Risk Parity,2023-10-12,-0.008135147214233945,-0.008135147214233918
Combined Risk Parity,2023-10-13,0.0026035979774485705,0.0026035979774485796
Combined Risk Parity,2023-10-16,0.011609661790733148,0.011609661790733083
Combined Risk Parity,2023-10-17,0.0010519236174669944,0.0010519236174670876
Combined Risk Parity,2023-10-18,-0.012918320145888805,-0.012918320145888784
Combined Risk Parity,2023-10-19,-0.007370938971244263,-0.007370938971244301
Combined Risk Parity,2023-10-20,-0.005154102779532355,-0.005154102779532321
Combined Risk Parity,2023-10-23,-0.0007886786058919997,-0.0007886786058920459
Combined Risk Parity,2023-10-24,0.010393136633915135,0.010393136633915168
Combined Risk Parity,2023-10-25,-0.009681460642717462,-0.009681460642717465
Combined Risk Parity,2023-10-26,-0.0016439776891057885,-0.0016439776891057356
Combined Risk Parity,2023-10-27,-0.01074377840601628,-0.010743778406016258
Combined Risk Parity,2023-10-30,0.009540636093266382,0.009540636093266386
Combined Risk Parity,2023-10-31,0.0057110699395101615,0.005711069939510205
Combined Risk Parity,2023-11-01,0.006339061844827552,0.006338234296850542
Combined Risk Parity,2023-11-02,0.021005652075840115,0.021005652075840153
Combined Risk Parity,2023-11-03,0.01114228810880005,0.011142288108800136
Combined Risk Parity,2023-11-06,-0.0017521812182411105,-0.0017521812182410557
Combined Risk Parity,2023-11-07,-0.004141738674647845,-0.0041417386746478435
Combined Risk Parity,2023-11-08,-0.0012045120200389146,-0.001204512020038906
Combined Risk Parity,2023-11-09,-0.007675556157742577,-0.0076755561577426246
Combined Risk Parity,2023-11-10,0.009991733246663045,0.009991733246663026
Combined Risk Parity,2023-11-13,-0.0025899358693235123,-0.0025899358693235452
Combined Risk Parity,2023-11-14,0.01873566704229361,0.01873566704229357
Combined Risk Parity,2023-11-15,0.00845724135537164,0.008457241355371625
Combined Risk Parity,2023-11-16,-0.0030563455473268256,-0.003056345547326811
Combined Risk Parity,2023-11-17,0.0019121578736110687,0.0019121578736109868
Combined Risk Parity,2023-11-20,0.0027857801771779254,0.00278578017717801
Combined Risk Parity,2023-11-21,-0.005715642247733744,-0.005715642247733799
Combined Risk Parity,2023-11-22,0.005743800955112317,0.005743800955112288
Combined Risk Parity,2023-11-24,0.0032981877402397755,0.003298187740239822
Combined Risk Parity,2023-11-27,-0.001326634727665549,-0.0013266347276655877
Combined Risk Parity,2023-11-28,0.0035540447580195804,0.00355404475801957
Combined Risk Parity,2023-11-29,0.0036866437558541417,0.0036866437558540355
Combined Risk Parity,2023-11-30,0.0059946100057604035,0.0059946100057604035
Combined Risk Parity,2023-12-01,0.01001181790187632,0.010010864691157861
Combined Risk Parity,2023-12-04,0.001493204609479897,0.0014932046094799922
Combined Risk Parity,2023-12-05,-0.0021595842810004503,-0.002159584281000493
Combined Risk Parity,2023-12-06,0.00036355355800869835,0.00036355355800865574
Combined Risk Parity,2023-12-07,0.0046546428119232,0.004654642811923182
Combined Risk Parity,2023-12-08,0.005684745513697956,0.005684745513697909
Combined Risk Parity,2023-12-11,0.00021815122312620228,0.00021815122312629498
Combined Risk Parity,2023-12-12,0.0013574735454393674,0.0013574735454393583
Combined Risk Parity,2023-12-13,0.022537292863031116,0.02253729286303119
Combined Risk Parity,2023-12-14,0.01076025579593842,0.010760255795938312
Combined Risk Parity,2023-12-15,-0.007426172031355881,-0.007426172031355871
Combined Risk Parity,2023-12-18,-0.0007733716599721504,-0.0007733716599721552
Combined Risk Parity,2023-12-19,0.005527851271254025,0.005527851271253992
Combined Risk Parity,2023-12-20,-0.011571377271501692,-0.011571377271501704
Combined Risk Parity,2023-12-21,0.009327189755148216,0.009327189755148124
Combined Risk Parity,2023-12-22,0.00426519674840681,0.004265196748406863
Combined Risk Parity,2023-12-26,0.0029039423420206207,0.0029039423420205157
Combined Risk Parity,2023-12-27,0.00608095808475618,0.006080958084756283
Combined Risk Parity,2023-12-28,0.0009856279179496475,0.0009856279179496497
Combined Risk Parity,2023-12-29,-0.003964322222587486,-0.003964322222587469
Combined Minimum CVaR,2023-01-03,0.00624672966499071,0.0062467296649906245
Combined Minimum CVaR,2023-01-04,0.011555303988450462,0.011555303988450394
Combined Minimum CVaR,2023-01-05,-0.001935481548352176,-0.0019354815483522136
Combined Minimum CVaR,2023-01-06,0.017447453087953816,0.017447453087953813
Combined Minimum CVaR,2023-01-09,-0.015458766306111076,-0.015458766306111094
Combined Minimum CVaR,2023-01-10,0.004969628627540347,0.004969628627540246
Combined Minimum CVaR,2023-01-11,0.004623681744631956,0.004623681744631902
Combined Minimum CVaR,2023-01-12,-0.0037302461087884904,-0.003730246108788471
Combined Minimum CVaR,2023-01-13,0.0030150875382987602,0.003015087538298822
Combined Minimum CVaR,2023-01-17,-0.010505425511601961,-0.01050542551160194
Combined Minimum CVaR,2023-01-18,-0.019307660789823648,-0.0193076607898236
Combined Minimum CVaR,2023-01-19,-0.0038797530651885448,-0.003879753065188507
Combined Minimum CVaR,2023-01-20,0.010536022409749402,0.01053602240974949
Combined Minimum CVaR,2023-01-23,0.009564051386832252,0.00956405138683225
Combined Minimum CVaR,2023-01-24,-0.0028618488207368844,-0.002861848820736923
Combined Minimum CVaR,2023-01-25,0.0005379551167102026,0.0005379551167101759
Combined Minimum CVaR,2023-01-26,-0.003591537531190201,-0.0035915375311902364
Combined Minimum CVaR,2023-01-27,0.00103754796680843,0.0010375479668083276
Combined Minimum CVaR,2023-01-30,-0.004375956604386484,-0.0043759566043864995
Combined Minimum CVaR,2023-01-31,0.010576861781460183,0.010576861781460112
Combined Minimum CVaR,2023-02-01,-0.0027757948541519747,-0.0028133234723355383
Combined Minimum CVaR,2023-02-02,-0.011104382897153108,-0.011104382897153098
Combined Minimum CVaR,2023-02-03,-0.011028710074562194,-0.011028710074562187
Combined Minimum CVaR,2023-02-06,-0.003258412367496376,-0.003258412367496355
Combined Minimum CVaR,2023-02-07,0.012054539917027504,0.01205453991702754
Combined Minimum CVaR,2023-02-08,-0.006251198194747877,-0.006251198194747842
Combined Minimum CVaR,2023-02-09,-0.0008199922228478824,-0.0008199922228478984
Combined Minimum CVaR,2023-02-10,0.012562258003649952,0.012562258003649962
Combined Minimum CVaR,2023-02-13,0.010161928899207577,0.01016192889920764
Combined Minimum CVaR,2023-02-14,-0.0075972984011929475,-0.007597298401192942
Combined Minimum CVaR,2023-02-15,0.0025149205129467813,0.0025149205129468832
Combined Minimum CVaR,2023-02-16,-0.014264673430245407,-0.0142646734302454
Combined Minimum CVaR,2023-02-17,0.013545773778792479,0.013545773778792514
Combined Minimum CVaR,2023-02-21,-0.003037965179389078,-0.003037965179389035
Combined Minimum CVaR,2023-02-22,-0.010151265050985951,-0.010151265050985958
Combined Minimum CVaR,2023-02-23,-0.003968273908795444,-0.003968273908795394
Combined Minimum CVaR,2023-02-24,-0.006677012789034501,-0.006677012789034542
Combined Minimum CVaR,2023-02-27,-0.0017899532043563664,-0.001789953204356376
Combined Minimum CVaR,2023-02-28,-0.006864976525729267,-0.0068649765257292605
Combined Minimum CVaR,2023-03-01,-0.005799513176096453,-0.005838009002345768
Combined Minimum CVaR,2023-03-02,0.009773019585331257,0.009773019585331166
Combined Minimum CVaR,2023-03-03,0.007331081108877184,0.007331081108877147
Combined Minimum CVaR,2023-03-06,0.005637345860288071,0.005637345860288079
Combined Minimum CVaR,2023-03-07,-0.007860806937973714,-0.007860806937973752
Combined Minimum CVaR,2023-03-08,-0.0084280767937399,-0.008428076793739914
Combined Minimum CVaR,2023-03-09,-0.011911203834454062,-0.011911203834454098
Combined Minimum CVaR,2023-03-10,-0.004446105641681707,-0.004446105641681686
Combined Minimum CVaR,2023-03-13,0.004241212043672068,0.004241212043672116
Combined Minimum CVaR,2023-03-14,0.010590956770734088,0.010590956770734072
Combined Minimum CVaR,2023-03-15,0.006109374880357024,0.006109374880357121
Combined Minimum CVaR,2023-03-16,0.0024626323354553343,0.002462632335455295
Combined Minimum CVaR,2023-03-17,-0.006659408618270351,-0.006659408618270302
Combined Minimum CVaR,2023-03-20,0.011992545956290429,0.011992545956290401
Combined Minimum CVaR,2023-03-21,-0.0027693786909990616,-0.002769378690999025
Combined Minimum CVaR,2023-03-22,-0.015876245362315234,-0.015876245362315244
Combined Minimum CVaR,2023-03-23,0.008051400550492535,0.008051400550492582
Combined Minimum CVaR,2023-03-24,0.012072992875625351,0.012072992875625355
Combined Minimum CVaR,2023-03-27,0.006637320489362663,0.006637320489362608
Combined Minimum CVaR,2023-03-28,-0.002905936800461559,-0.0029059368004615838
Combined Minimum CVaR,2023-03-29,0.004829301894176307,0.004829301894176297
Combined Minimum CVaR,2023-03-30,0.00615853602503181,0.006158536025031802
Combined Minimum CVaR,2023-03-31,0.012955008873828482,0.012955008873828389
Combined Minimum CVaR,2023-04-03,0.008279397949442867,0.00824295210426862
Combined Minimum CVaR,2023-04-04,0.0013306779915392567,0.0013306779915391864
Combined Minimum CVaR,2023-04-05,0.015652439799995217,0.01565243979999531
Combined Minimum CVaR,2023-04-06,0.001090120486342047,0.00109012048634205
Combined Minimum CVaR,2023-04-10,-0.0002384512144643795,-0.00023845121446441908
Combined Minimum CVaR,2023-04-11,-0.001766624517501231,-0.001766624517501203
Combined Minimum CVaR,2023-04-12,-0.0003405312482900821,-0.00034053124829003245
Combined Minimum CVaR,2023-04-13,0.009300709736958665,0.009300709736958623
Combined Minimum CVaR,2023-04-14,-0.007228934220232604,-0.00722893422023263
Combined Minimum CVaR,2023-04-17,0.003613975289110589,0.0036139752891106713
Combined Minimum CVaR,2023-04-18,-0.0003128635010531414,-0.0003128635010531955
Combined Minimum CVaR,2023-04-19,-0.0017311074370720265,-0.0017311074370720547
Combined Minimum CVaR,2023-04-20,0.0011138352011246888,0.0011138352011246244
Combined Minimum CVaR,2023-04-21,0.006796030435441709,0.006796030435441747
Combined Minimum CVaR,2023-04-24,0.005851028797683781,0.005851028797683844
Combined Minimum CVaR,2023-04-25,-0.0027197474076474603,-0.002719747407647466
Combined Minimum CVaR,2023-04-26,-0.019145476512348346,-0.019145476512348325
Combined Minimum CVaR,2023-04-27,0.008959532410606718,0.008959532410606652
Combined Minimum CVaR,2023-04-28,-0.0018761080883828965,-0.0018761080883828996
Combined Minimum CVaR,2023-05-01,0.0003993912268632537,0.00039279900795596845
Combined Minimum CVaR,2023-05-02,-0.004146700416181732,-0.004146700416181703
Combined Minimum CVaR,2023-05-03,-0.0039006360132231273,-0.003900636013223102
Combined Minimum CVaR,2023-05-04,-0.00040542627996652063,-0.00040542627996653646
Combined Minimum CVaR,2023-05-05,0.010338819242629997,0.010338819242629915
Combined Minimum CVaR,2023-05-08,0.0012023368373277157,0.0012023368373277332
Combined Minimum CVaR,2023-05-09,-0.0029557155440849713,-0.0029557155440850247
Combined Minimum CVaR,2023-05-10,-0.000900365637390901,-0.0009003656373909319
Combined Minimum CVaR,2023-05-11,-0.002083084827435,-0.002083084827435022
Combined Minimum CVaR,2023-05-12,-0.0011999104288754265,-0.0011999104288754614
Combined Minimum CVaR,2023-05-15,-0.0031706355014662294,-0.0031706355014662346
Combined Minimum CVaR,2023-05-16,-0.012183465335024861,-0.012183465335024901
Combined Minimum CVaR,2023-05-17,-0.001580032400181797,-0.0015800324001817856
Combined Minimum CVaR,2023-05-18,0.01040637490315742,0.010406374903157323
Combined Minimum CVaR,2023-05-19,-0.0007161139664285973,-0.0007161139664285665
Combined Minimum CVaR,2023-05-22,-0.004149024033692275,-0.004149024033692328
Combined Minimum CVaR,2023-05-23,-0.006105300121600566,-0.006105300121600599
Combined Minimum CVaR,2023-05-24,-0.004301697038896718,-0.004301697038896712
Combined Minimum CVaR,2023-05-25,-0.011380096945809456,-0.011380096945809437
Combined Minimum CVaR,2023-05-26,0.00019758049331625144,0.00019758049331630723
Combined Minimum CVaR,2023-05-30,-0.0067686874065069555,-0.006768687406506935
Combined Minimum CVaR,2023-05-31,0.004835145750143771,0.004835145750143877
Combined Minimum CVaR,2023-06-01,0.0030725683687939168,0.003071906777310396
Combined Minimum CVaR,2023-06-02,0.013441714673801165,0.013441714673801064
Combined Minimum CVaR,2023-06-05,-0.0007974030140504194,-0.0007974030140504018
Combined Minimum CVaR,2023-06-06,-0.00918686334644477,-0.009186863346444807
Combined Minimum CVaR,2023-06-07,-0.00025512797012303503,-0.0002551279701230591
Combined Minimum CVaR,2023-06-08,0.011856837214839603,0.011856837214839544
Combined Minimum CVaR,2023-06-09,-0.00031864166797514063,-0.00031864166797512805
Combined Minimum CVaR,2023-06-12,0.002780463769617102,0.0027804637696171586
Combined Minimum CVaR,2023-06-13,0.005035236044570603,0.005035236044570679
Combined Minimum CVaR,2023-06-14,0.0013004672511751339,0.0013004672511751636
Combined Minimum CVaR,2023-06-15,0.008715596533557378,0.008715596533557468
Combined Minimum CVaR,2023-06-16,-0.000789471961300605,-0.0007894719613006362
Combined Minimum CVaR,2023-06-20,-0.006321049001264805,-0.006321049001264845
Combined Minimum CVaR,2023-06-21,0.00199025855492596,0.00199025855492585
Combined Minimum CVaR,2023-06-22,0.006416900356866124,0.006416900356866151
Combined Minimum CVaR,2023-06-23,-0.0016138655211233345,-0.0016138655211233033
Combined Minimum CVaR,2023-06-26,-0.00012575078450716278,-0.00012575078450716148
Combined Minimum CVaR,2023-06-27,0.000442854227286432,0.00044285422728651547
Combined Minimum CVaR,2023-06-28,-0.0035020537835758446,-0.0035020537835758203
Combined Minimum CVaR,2023-06-29,0.002147670305446682,0.002147670305446603
Combined Minimum CVaR,2023-06-30,0.01388226542650542,0.013882265426505391
Combined Minimum CVaR,2023-07-03,0.0025397746630640115,0.0025202505828567645
Combined Minimum CVaR,2023-07-05,-0.004463299860670586,-0.004463299860670622
Combined Minimum CVaR,2023-07-06,-0.010832791819816612,-0.010832791819816556
Combined Minimum CVaR,2023-07-07,-0.014177455149552206,-0.014177455149552154
Combined Minimum CVaR,2023-07-10,0.007475733803821046,0.007475733803820939
Combined Minimum CVaR,2023-07-11,0.01024910763705958,0.010249107637059662
Combined Minimum CVaR,2023-07-12,0.00117184569979318,0.001171845699793117
Combined Minimum CVaR,2023-07-13,-0.0017088662981112855,-0.001708866298111289
Combined Minimum CVaR,2023-07-14,0.0032272263320122473,0.003227226332012334
Combined Minimum CVaR,2023-07-17,-0.004274198215652365,-0.004274198215652336
Combined Minimum CVaR,2023-07-18,0.002073505172999385,0.0020735051729994236
Combined Minimum CVaR,2023-07-19,0.0026054037543229145,0.0026054037543228326
Combined Minimum CVaR,2023-07-20,0.009056892445329446,0.009056892445329368
Combined Minimum CVaR,2023-07-21,0.007762108116243749,0.007762108116243782
Combined Minimum CVaR,2023-07-24,-0.004470555446708015,-0.004470555446708047
Combined Minimum CVaR,2023-07-25,0.0003128798963359413,0.00031287989633588253
Combined Minimum CVaR,2023-07-26,0.0011402475185772092,0.0011402475185771088
Combined Minimum CVaR,2023-07-27,-0.010517249932662823,-0.010517249932662787
Combined Minimum CVaR,2023-07-28,0.005187628525886267,0.005187628525886279
Combined Minimum CVaR,2023-07-31,-0.00017974089813763974,-0.00017974089813765914
Combined Minimum CVaR,2023-08-01,-0.008731197300030516,-0.008754312660839703
Combined Minimum CVaR,2023-08-02,-0.007239382492417775,-0.007239382492417734
Combined Minimum CVaR,2023-08-03,-0.003981346131015129,-0.003981346131015084
Combined Minimum CVaR,2023-08-04,-0.004085739741122347,-0.004085739741122363
Combined Minimum CVaR,2023-08-07,0.009344429373976762,0.009344429373976837
Combined Minimum CVaR,2023-08-08,-0.0031331209113639514,-0.0031331209113639735
Combined Minimum CVaR,2023-08-09,0.0005476464739716698,0.0005476464739717635
Combined Minimum CVaR,2023-08-10,-0.0019847136792724577,-0.001984713679272443
Combined Minimum CVaR,2023-08-11,0.008001564766614701,0.008001564766614733
Combined Minimum CVaR,2023-08-14,-0.000764955630998849,-0.0007649556309988759
Combined Minimum CVaR,2023-08-15,-0.008880435647172042,-0.008880435647172003
Combined Minimum CVaR,2023-08-16,-0.0025614422952679986,-0.0025614422952680016
Combined Minimum CVaR,2023-08-17,-0.010372904146325926,-0.010372904146325967
Combined Minimum CVaR,2023-08-18,0.0025177049676984318,0.002517704967698542
Combined Minimum CVaR,2023-08-21,0.0008223515084079476,0.0008223515084080368
Combined Minimum CVaR,2023-08-22,-0.003990607690634764,-0.003990607690634751
Combined Minimum CVaR,2023-08-23,0.01690813676114326,0.016908136761143222
Combined Minimum CVaR,2023-08-24,-0.01223915621222272,-0.012239156212222713
Combined Minimum CVaR,2023-08-25,0.004996686538862621,0.004996686538862649
Combined Minimum CVaR,2023-08-28,0.0038712330529375237,0.0038712330529375727
Combined Minimum CVaR,2023-08-29,0.009058823494335221,0.009058823494335178
Combined Minimum CVaR,2023-08-30,0.0016735529733689096,0.001673552973368908
Combined Minimum CVaR,2023-08-31,-0.0026227013479144727,-0.0026227013479144246
Combined Minimum CVaR,2023-09-01,-0.0004087571598220716,-0.0004161171897786309
Combined Minimum CVaR,2023-09-05,-0.012115179212606719,-0.012115179212606741
Combined Minimum CVaR,2023-09-06,-0.0021331594794236288,-0.0021331594794236075
Combined Minimum CVaR,2023-09-07,0.008130304999129574,0.008130304999129478
Combined Minimum CVaR,2023-09-08,0.007398744244826805,0.007398744244826894
Combined Minimum CVaR,2023-09-11,0.005493546518061862,0.005493546518061887
Combined Minimum CVaR,2023-09-12,-0.0018936754923714978,-0.001893675492371516
Combined Minimum CVaR,2023-09-13,-0.002444056868964894,-0.0024440568689648723
Combined Minimum CVaR,2023-09-14,0.008627407802197814,0.008627407802197729
Combined Minimum CVaR,2023-09-15,-0.0075300890277343775,-0.007530089027734332
Combined Minimum CVaR,2023-09-18,-0.0027233259827200286,-0.0027233259827200706
Combined Minimum CVaR,2023-09-19,0.00036826900850263355,0.0003682690085027307
Combined Minimum CVaR,2023-09-20,-0.0008199607114986922,-0.0008199607114987018
Combined Minimum CVaR,2023-09-21,-0.012854632183629797,-0.01285463218362981
Combined Minimum CVaR,2023-09-22,0.000574794728269846,0.0005747947282699339
Combined Minimum CVaR,2023-09-25,-0.001581207893487636,-0.0015812078934875906
Combined Minimum CVaR,2023-09-26,-0.0062874122246349305,-0.006287412224634914
Combined Minimum CVaR,2023-09-27,-0.007774470918254482,-0.00777447091825445
Combined Minimum CVaR,2023-09-28,0.0025334565269835995,0.0025334565269836684
Combined Minimum CVaR,2023-09-29,-0.00707454280218146,-0.007074542802181449
Combined Minimum CVaR,2023-10-02,-0.011007655894128934,-0.011020791223054549
Combined Minimum CVaR,2023-10-03,-0.0073526281689019896,-0.007352628168902031
Combined Minimum CVaR,2023-10-04,0.008953874305581307,0.008953874305581255
Combined Minimum CVaR,2023-10-05,-6.759438869129207e-05,-6.759438869130552e-05
Combined Minimum CVaR,2023-10-06,0.001689828878809715,0.0016898288788096405
Combined Minimum CVaR,2023-10-09,0.005719340425551393,0.005719340425551334
Combined Minimum CVaR,2023-10-10,0.008172766460796656,0.008172766460796677
Combined Minimum CVaR,2023-10-11,0.004820218379115242,0.004820218379115282
Combined Minimum CVaR,2023-10-12,-0.00383634647188911,-0.0038363464718891294
Combined Minimum CVaR,2023-10-13,0.005645620609865774,0.005645620609865842
Combined Minimum CVaR,2023-10-16,0.008784110376608617,0.008784110376608645
Combined Minimum CVaR,2023-10-17,0.003929764248072308,0.003929764248072232
Combined Minimum CVaR,2023-10-18,-0.011114346534134718,-0.011114346534134678
Combined Minimum CVaR,2023-10-19,-0.012064939752975939,-0.012064939752975956
Combined Minimum CVaR,2023-10-20,-0.0026975651703540003,-0.0026975651703540215
Combined Minimum CVaR,2023-10-23,0.003124517668308542,0.0031245176683085685
Combined Minimum CVaR,2023-10-24,0.009172934493243454,0.009172934493243412
Combined Minimum CVaR,2023-10-25,-0.007408840890826119,-0.007408840890826163
Combined Minimum CVaR,2023-10-26,3.586571775986017e-06,3.5865717760152904e-06
Combined Minimum CVaR,2023-10-27,-0.009504819091610049,-0.00950481909161005
Combined Minimum CVaR,2023-10-30,0.005292097229555481,0.00529209722955537
Combined Minimum CVaR,2023-10-31,0.0023912772501487635,0.002391277250148871
Combined Minimum CVaR,2023-11-01,0.006385833752029342,0.006373390749220942
Combined Minimum CVaR,2023-11-02,0.012524085401451682,0.012524085401451668
Combined Minimum CVaR,2023-11-03,0.005011714453008549,0.005011714453008631
Combined Minimum CVaR,2023-11-06,-0.00483005133572799,-0.004830051335728003
Combined Minimum CVaR,2023-11-07,-0.000740109646952947,-0.0007401096469529245
Combined Minimum CVaR,2023-11-08,-0.00375178429031661,-0.00375178429031664
Combined Minimum CVaR,2023-11-09,-0.01052717775997264,-0.010527177759972695
Combined Minimum CVaR,2023-11-10,0.006111869313405093,0.006111869313405016
Combined Minimum CVaR,2023-11-13,0.002411608418988119,0.0024116084189880205
Combined Minimum CVaR,2023-11-14,0.010601810873837433,0.010601810873837492
Combined Minimum CVaR,2023-11-15,0.0035649849175380856,0.0035649849175380943
Combined Minimum CVaR,2023-11-16,-0.01923470876371964,-0.019234708763719688
Combined Minimum CVaR,2023-11-17,-0.001269706846590225,-0.001269706846590224
Combined Minimum CVaR,2023-11-20,0.004214389778694039,0.004214389778693928
Combined Minimum CVaR,2023-11-21,-0.00022220684381246887,-0.00022220684381246691
Combined Minimum CVaR,2023-11-22,-0.0003577723187815991,-0.00035777231878164617
Combined Minimum CVaR,2023-11-24,0.0033602168548387584,0.0033602168548387823
Combined Minimum CVaR,2023-11-27,0.0017961435973219116,0.001796143597321942
Combined Minimum CVaR,2023-11-28,0.005497250208346212,0.005497250208346127
Combined Minimum CVaR,2023-11-29,-0.0006299648559831934,-0.0006299648559832116
Combined Minimum CVaR,2023-11-30,0.007019177480946121,0.007019177480946048
Combined Minimum CVaR,2023-12-01,0.005239118451819309,0.005202165571923434
Combined Minimum CVaR,2023-12-04,0.005986728206021799,0.005986728206021752
Combined Minimum CVaR,2023-12-05,0.003610534821523181,0.0036105348215231814
Combined Minimum CVaR,2023-12-06,-0.001623717688732769,-0.0016237176887328175
Combined Minimum CVaR,2023-12-07,-0.00710375395681133,-0.007103753956811287
Combined Minimum CVaR,2023-12-08,-0.001661021365566111,-0.0016610213655661177
Combined Minimum CVaR,2023-12-11,0.002835612111441222,0.0028356121114412325
Combined Minimum CVaR,2023-12-12,0.002479337456434152,0.0024793374564342496
Combined Minimum CVaR,2023-12-13,0.02539263784374108,0.025392637843741017
Combined Minimum CVaR,2023-12-14,0.0004071155500900087,0.000407115550089987
Combined Minimum CVaR,2023-12-15,-0.006385599924111548,-0.006385599924111585
Combined Minimum CVaR,2023-12-18,0.002140209129930618,0.002140209129930515
Combined Minimum CVaR,2023-12-19,0.004811164425202331,0.004811164425202241
Combined Minimum CVaR,2023-12-20,-0.012789269322773333,-0.012789269322773356
Combined Minimum CVaR,2023-12-21,0.008687459449222447,0.008687459449222557
Combined Minimum CVaR,2023-12-22,0.009904077120932145,0.00990407712093222
Combined Minimum CVaR,2023-12-26,0.0013844849970326724,0.0013844849970325868
Combined Minimum CVaR,2023-12-27,0.00461294691375143,0.00461294691375147
Combined Minimum CVaR,2023-12-28,0.00307037925092321,0.0030703792509232386
Combined Minimum CVaR,2023-12-29,-0.0007513958106858138,-0.0007513958106858398
Equity Minimum Variance + VADER,2023-01-03,0.004277685969679396,0.004277685969679368
Equity Minimum Variance + VADER,2023-01-04,0.009034386389871836,0.009034386389871862
Equity Minimum Variance + VADER,2023-01-05,-0.0012145174519807183,-0.0012145174519807567
Equity Minimum Variance + VADER,2023-01-06,0.016826138821354898,0.016826138821354863
Equity Minimum Variance + VADER,2023-01-09,-0.01788922865493385,-0.01788922865493381
Equity Minimum Variance + VADER,2023-01-10,0.002473232045158358,0.002473232045158369
Equity Minimum Variance + VADER,2023-01-11,0.004491800870097028,0.004491800870096929
Equity Minimum Variance + VADER,2023-01-12,-0.005161390132232081,-0.005161390132232047
Equity Minimum Variance + VADER,2023-01-13,0.002794641597093451,0.002794641597093417
Equity Minimum Variance + VADER,2023-01-17,-0.009808907603948043,-0.009808907603948036
Equity Minimum Variance + VADER,2023-01-18,-0.01949677620554226,-0.019496776205542243
Equity Minimum Variance + VADER,2023-01-19,-0.0038623561032566723,-0.003862356103256692
Equity Minimum Variance + VADER,2023-01-20,0.008363915139466157,0.008363915139466105
Equity Minimum Variance + VADER,2023-01-23,0.006644139094208524,0.006644139094208468
Equity Minimum Variance + VADER,2023-01-24,-0.004815943909841641,-0.004815943909841636
Equity Minimum Variance + VADER,2023-01-25,-0.00043369214821447846,-0.00043369214821442625
Equity Minimum Variance + VADER,2023-01-26,-0.002428776421165789,-0.0024287764211657903
Equity Minimum Variance + VADER,2023-01-27,-0.00067432488309495,-0.0006743248830949344
Equity Minimum Variance + VADER,2023-01-30,-0.0033928648005383585,-0.0033928648005383533
Equity Minimum Variance + VADER,2023-01-31,0.011373317030526582,0.011373317030526575
Equity Minimum Variance + VADER,2023-02-01,-0.005129630449844584,-0.005187110103864301
Equity Minimum Variance + VADER,2023-02-02,-0.01358747422597012,-0.013587474225970064
Equity Minimum Variance + VADER,2023-02-03,-0.008245047505247405,-0.00824504750524735
Equity Minimum Variance + VADER,2023-02-06,-0.002698596645695931,-0.0026985966456959387
Equity Minimum Variance + VADER,2023-02-07,0.008435330256109541,0.008435330256109541
Equity Minimum Variance + VADER,2023-02-08,-0.0034723865079576114,-0.003472386507957559
Equity Minimum Variance + VADER,2023-02-09,0.0007490576269299286,0.0007490576269300053
Equity Minimum Variance + VADER,2023-02-10,0.012252601275330621,0.012252601275330566
Equity Minimum Variance + VADER,2023-02-13,0.010678899153931963,0.010678899153931942
Equity Minimum Variance + VADER,2023-02-14,-0.009924624732984375,-0.009924624732984388
Equity Minimum Variance + VADER,2023-02-15,-0.0022785574080404856,-0.0022785574080405047
Equity Minimum Variance + VADER,2023-02-16,-0.012348925982613742,-0.012348925982613723
Equity Minimum Variance + VADER,2023-02-17,0.013155992697407063,0.01315599269740697
Equity Minimum Variance + VADER,2023-02-21,-0.0031922141910264244,-0.0031922141910264434
Equity Minimum Variance + VADER,2023-02-22,-0.008487076769775222,-0.008487076769775226
Equity Minimum Variance + VADER,2023-02-23,0.0006289343623133298,0.0006289343623133714
Equity Minimum Variance + VADER,2023-02-24,-0.006543654379768181,-0.006543654379768227
Equity Minimum Variance + VADER,2023-02-27,0.0005218546302448295,0.0005218546302447891
Equity Minimum Variance + VADER,2023-02-28,-0.0067205603206287505,-0.006720560320628732
Equity Minimum Variance + VADER,2023-03-01,-0.0029005679803975532,-0.002983421027519584
Equity Minimum Variance + VADER,2023-03-02,0.00691487177141781,0.006914871771417808
Equity Minimum Variance + VADER,2023-03-03,0.006278706733947968,0.006278706733948036
Equity Minimum Variance + VADER,2023-03-06,0.006274494919067137,0.006274494919067175
Equity Minimum Variance + VADER,2023-03-07,-0.010112306457507225,-0.01011230645750727
Equity Minimum Variance + VADER,2023-03-08,-0.007899280844574112,-0.007899280844574141
Equity Minimum Variance + VADER,2023-03-09,-0.012045962559103236,-0.012045962559103285
Equity Minimum Variance + VADER,2023-03-10,-0.002915354871026872,-0.0029153548710268984
Equity Minimum Variance + VADER,2023-03-13,0.006937702869227918,0.006937702869227902
Equity Minimum Variance + VADER,2023-03-14,0.00913783591422841,0.009137835914228454
Equity Minimum Variance + VADER,2023-03-15,0.004891058273625123,0.004891058273625015
Equity Minimum Variance + VADER,2023-03-16,0.005447375192599833,0.005447375192599857
Equity Minimum Variance + VADER,2023-03-17,-0.005243170985170544,-0.0052431709851705754
Equity Minimum Variance + VADER,2023-03-20,0.010308272559352887,0.010308272559352849
Equity Minimum Variance + VADER,2023-03-21,-0.0011288548161559873,-0.0011288548161559886
Equity Minimum Variance + VADER,2023-03-22,-0.013036148928263425,-0.013036148928263436
Equity Minimum Variance + VADER,2023-03-23,0.008900045306713407,0.0089000453067134
Equity Minimum Variance + VADER,2023-03-24,0.013395922262655229,0.01339592226265518
Equity Minimum Variance + VADER,2023-03-27,0.005355688760833198,0.005355688760833255
Equity Minimum Variance + VADER,2023-03-28,-0.001968381225200913,-0.0019683812252009325
Equity Minimum Variance + VADER,2023-03-29,0.004838320864462194,0.004838320864462231
Equity Minimum Variance + VADER,2023-03-30,0.004350651645677882,0.004350651645677939
Equity Minimum Variance + VADER,2023-03-31,0.010884134173455035,0.010884134173455129
Equity Minimum Variance + VADER,2023-04-03,0.009618867179895305,0.009497169568513986
Equity Minimum Variance + VADER,2023-04-04,-0.0013339906561462733,-0.0013339906561462556
Equity Minimum Variance + VADER,2023-04-05,0.011819487614991776,0.011819487614991742
Equity Minimum Variance + VADER,2023-04-06,0.0030782948407476305,0.0030782948407477306
Equity Minimum Variance + VADER,2023-04-10,-0.00044529788888471615,-0.00044529788888469923
Equity Minimum Variance + VADER,2023-04-11,0.00030396237007289156,0.0003039623700729077
Equity Minimum Variance + VADER,2023-04-12,0.0010609313808805955,0.001060931380880703
Equity Minimum Variance + VADER,2023-04-13,0.005981057509164443,0.005981057509164334
Equity Minimum Variance + VADER,2023-04-14,-0.00839720022244093,-0.008397200222440948
Equity Minimum Variance + VADER,2023-04-17,0.003843219053330341,0.0038432190533304045
Equity Minimum Variance + VADER,2023-04-18,-0.0020307399258644855,-0.0020307399258644443
Equity Minimum Variance + VADER,2023-04-19,0.0006406711421680314,0.0006406711421680367
Equity Minimum Variance + VADER,2023-04-20,0.00013239568763982257,0.00013239568763978582
Equity Minimum Variance + VADER,2023-04-21,0.0068216518048756685,0.006821651804875595
Equity Minimum Variance + VADER,2023-04-24,0.0039021098553380287,0.0039021098553380096
Equity Minimum Variance + VADER,2023-04-25,-0.001959377847700327,-0.0019593778477002832
Equity Minimum Variance + VADER,2023-04-26,-0.015561996971501903,-0.015561996971501957
Equity Minimum Variance + VADER,2023-04-27,-0.009064926290166368,-0.00906492629016642
Equity Minimum Variance + VADER,2023-04-28,0.0036462777834901203,0.003646277783490026
Equity Minimum Variance + VADER,2023-05-01,0.0011217333741520964,0.0010000520545156988
Equity Minimum Variance + VADER,2023-05-02,-0.00671936365062016,-0.006719363650620203
Equity Minimum Variance + VADER,2023-05-03,-0.007575805492858344,-0.007575805492858301
Equity Minimum Variance + VADER,2023-05-04,0.0006655951721391875,0.0006655951721392661
Equity Minimum Variance + VADER,2023-05-05,0.008759026246089121,0.008759026246089041
Equity Minimum Variance + VADER,2023-05-08,-0.0007055485429988424,-0.0007055485429988684
Equity Minimum Variance + VADER,2023-05-09,-0.0020138775262599513,-0.0020138775262599218
Equity Minimum Variance + VADER,2023-05-10,-0.002943261313202486,-0.0029432613132024388
Equity Minimum Variance + VADER,2023-05-11,-0.0013029580131446493,-0.0013029580131446172
Equity Minimum Variance + VADER,2023-05-12,3.3679226947542885e-05,3.367922694752501e-05
Equity Minimum Variance + VADER,2023-05-15,-0.001650898434748319,-0.0016508984347483047
Equity Minimum Variance + VADER,2023-05-16,-0.014242720933088497,-0.014242720933088537
Equity Minimum Variance + VADER,2023-05-17,0.0005457090720096007,0.0005457090720095703
Equity Minimum Variance + VADER,2023-05-18,0.004388469006253452,0.004388469006253448
Equity Minimum Variance + VADER,2023-05-19,-0.0012678682060810612,-0.0012678682060810464
Equity Minimum Variance + VADER,2023-05-22,-0.005043525941446121,-0.005043525941446081
Equity Minimum Variance + VADER,2023-05-23,-0.005138366564115035,-0.005138366564115038
Equity Minimum Variance + VADER,2023-05-24,-0.006607698543189825,-0.006607698543189877
Equity Minimum Variance + VADER,2023-05-25,-0.010956299382017008,-0.010956299382017032
Equity Minimum Variance + VADER,2023-05-26,0.00131556214373769,0.0013155621437377363
Equity Minimum Variance + VADER,2023-05-30,-0.004715589771109267,-0.0047155897711093075
Equity Minimum Variance + VADER,2023-05-31,0.003726667466287949,0.003726667466287914
Equity Minimum Variance + VADER,2023-06-01,0.0004024652380402021,0.00027130776113182264
Equity Minimum Variance + VADER,2023-06-02,0.01723159639687787,0.01723159639687788
Equity Minimum Variance + VADER,2023-06-05,-0.0020541156561231367,-0.0020541156561231233
Equity Minimum Variance + VADER,2023-06-06,-0.01172633899256537,-0.011726338992565366
Equity Minimum Variance + VADER,2023-06-07,-0.00038185968531484233,-0.0003818596853147893
Equity Minimum Variance + VADER,2023-06-08,0.012176435416648859,0.012176435416648923
Equity Minimum Variance + VADER,2023-06-09,-0.00012229693490593393,-0.00012229693490595217
Equity Minimum Variance + VADER,2023-06-12,-0.0003644177001637212,-0.00036441770016371056
Equity Minimum Variance + VADER,2023-06-13,0.005665981926036549,0.005665981926036512
Equity Minimum Variance + VADER,2023-06-14,-0.0007023062686707194,-0.0007023062686707382
Equity Minimum Variance + VADER,2023-06-15,0.008592435573340185,0.008592435573340218
Equity Minimum Variance + VADER,2023-06-16,0.0017570239782798505,0.0017570239782798147
Equity Minimum Variance + VADER,2023-06-20,-0.0059893897358534514,-0.005989389735853501
Equity Minimum Variance + VADER,2023-06-21,2.1526389237690487e-05,2.1526389237580545e-05
Equity Minimum Variance + VADER,2023-06-22,0.008128382439292417,0.00812838243929237
Equity Minimum Variance + VADER,2023-06-23,-0.0023079197322385192,-0.002307919732238539
Equity Minimum Variance + VADER,2023-06-26,-0.0029465304767815957,-0.002946530476781617
Equity Minimum Variance + VADER,2023-06-27,-0.0012927525282607506,-0.0012927525282607766
Equity Minimum Variance + VADER,2023-06-28,-0.003546087933373817,-0.0035460879333738538
Equity Minimum Variance + VADER,2023-06-29,0.0020817850970210523,0.0020817850970209495
Equity Minimum Variance + VADER,2023-06-30,0.012487371007288564,0.012487371007288584
Equity Minimum Variance + VADER,2023-07-03,0.003469170474189766,0.0033835377480435636
Equity Minimum Variance + VADER,2023-07-05,-0.0017948767896732226,-0.001794876789673272
Equity Minimum Variance + VADER,2023-07-06,-0.00900644623396472,-0.009006446233964738
Equity Minimum Variance + VADER,2023-07-07,-0.012363309080595852,-0.012363309080595908
Equity Minimum Variance + VADER,2023-07-10,0.004655536602412674,0.00465553660241258
Equity Minimum Variance + VADER,2023-07-11,0.012492007378022538,0.012492007378022585
Equity Minimum Variance + VADER,2023-07-12,0.0009052104445305008,0.0009052104445304021
Equity Minimum Variance + VADER,2023-07-13,0.0014545233196945635,0.001454523319694534
Equity Minimum Variance + VADER,2023-07-14,0.005430779355954887,0.005430779355954929
Equity Minimum Variance + VADER,2023-07-17,-0.004050901970035086,-0.0040509019700351034
Equity Minimum Variance + VADER,2023-07-18,0.00395348265279546,0.0039534826527953815
Equity Minimum Variance + VADER,2023-07-19,0.0037359648275666294,0.0037359648275665513
Equity Minimum Variance + VADER,2023-07-20,0.009795403794345252,0.009795403794345292
Equity Minimum Variance + VADER,2023-07-21,0.007382212074346904,0.007382212074346972
Equity Minimum Variance + VADER,2023-07-24,-0.003570059016461362,-0.0035700590164613466
Equity Minimum Variance + VADER,2023-07-25,0.0018162546313753105,0.001816254631375358
Equity Minimum Variance + VADER,2023-07-26,0.0033423355528256326,0.0033423355528257037
Equity Minimum Variance + VADER,2023-07-27,-0.00289821620509477,-0.0028982162050947835
Equity Minimum Variance + VADER,2023-07-28,0.005239902758812369,0.005239902758812365
Equity Minimum Variance + VADER,2023-07-31,-0.002879463593782756,-0.0028794635937827717
Equity Minimum Variance + VADER,2023-08-01,-0.007222816388532921,-0.007310365799822138
Equity Minimum Variance + VADER,2023-08-02,-0.008431824127569928,-0.008431824127569931
Equity Minimum Variance + VADER,2023-08-03,-0.0038888413972823143,-0.0038888413972822944
Equity Minimum Variance + VADER,2023-08-04,0.0023768181184479677,0.002376818118448032
Equity Minimum Variance + VADER,2023-08-07,0.013974035926041956,0.01397403592604185
Equity Minimum Variance + VADER,2023-08-08,-0.004821260196142574,-0.004821260196142596
Equity Minimum Variance + VADER,2023-08-09,0.0015179873587591142,0.0015179873587591874
Equity Minimum Variance + VADER,2023-08-10,-0.0005850247252555879,-0.0005850247252555674
Equity Minimum Variance + VADER,2023-08-11,0.0046793252842593815,0.004679325284259406
Equity Minimum Variance + VADER,2023-08-14,-0.00199595911901577,-0.0019959591190157333
Equity Minimum Variance + VADER,2023-08-15,-0.0066470397632391424,-0.006647039763239104
Equity Minimum Variance + VADER,2023-08-16,-0.0064811589854562035,-0.0064811589854562035
Equity Minimum Variance + VADER,2023-08-17,-0.011532815753316607,-0.01153281575331666
Equity Minimum Variance + VADER,2023-08-18,0.0005493586984862695,0.0005493586984863796
Equity Minimum Variance + VADER,2023-08-21,-0.0006045017994084538,-0.0006045017994084079
Equity Minimum Variance + VADER,2023-08-22,-0.002260817474754111,-0.002260817474754151
Equity Minimum Variance + VADER,2023-08-23,0.008801582273964811,0.00880158227396488
Equity Minimum Variance + VADER,2023-08-24,-0.008205293994773478,-0.008205293994773433
Equity Minimum Variance + VADER,2023-08-25,0.0033315958225599764,0.0033315958225599296
Equity Minimum Variance + VADER,2023-08-28,0.004973251885031092,0.004973251885031171
Equity Minimum Variance + VADER,2023-08-29,0.008868030570110281,0.008868030570110319
Equity Minimum Variance + VADER,2023-08-30,0.0003421938230255693,0.00034219382302547174
Equity Minimum Variance + VADER,2023-08-31,-0.0062432469031014305,-0.006243246903101407
Equity Minimum Variance + VADER,2023-09-01,-0.0021775863169054255,-0.00231857427390314
Equity Minimum Variance + VADER,2023-09-05,-0.01049997992856131,-0.010499979928561332
Equity Minimum Variance + VADER,2023-09-06,0.00016170592251426785,0.00016170592251429916
Equity Minimum Variance + VADER,2023-09-07,0.006521088326814763,0.00652108832681475
Equity Minimum Variance + VADER,2023-09-08,0.003771905965031753,0.003771905965031852
Equity Minimum Variance + VADER,2023-09-11,0.005107847699094151,0.005107847699094226
Equity Minimum Variance + VADER,2023-09-12,-0.0027489522792585475,-0.002748952279258532
Equity Minimum Variance + VADER,2023-09-13,0.003293914178606362,0.003293914178606361
Equity Minimum Variance + VADER,2023-09-14,0.009605156844475922,0.009605156844475937
Equity Minimum Variance + VADER,2023-09-15,-0.00474510014443704,-0.0047451001444370755
Equity Minimum Variance + VADER,2023-09-18,-0.0003269820456669456,-0.0003269820456669459
Equity Minimum Variance + VADER,2023-09-19,-0.0006209318328223202,-0.0006209318328223024
Equity Minimum Variance + VADER,2023-09-20,0.003710537969343264,0.003710537969343175
Equity Minimum Variance + VADER,2023-09-21,-0.011430500053923986,-0.011430500053923986
Equity Minimum Variance + VADER,2023-09-22,0.0002384779868761396,0.00023847798687604005
Equity Minimum Variance + VADER,2023-09-25,0.00030829769804663527,0.00030829769804663343
Equity Minimum Variance + VADER,2023-09-26,-0.0067269571921422635,-0.006726957192142224
Equity Minimum Variance + VADER,2023-09-27,-0.010644671763795315,-0.010644671763795355
Equity Minimum Variance + VADER,2023-09-28,0.0013126796423728257,0.0013126796423728049
Equity Minimum Variance + VADER,2023-09-29,-0.008088712513613198,-0.008088712513613205
Equity Minimum Variance + VADER,2023-10-02,-0.007113782033831189,-0.007228720655788501
Equity Minimum Variance + VADER,2023-10-03,-0.007592508159525687,-0.007592508159525724
Equity Minimum Variance + VADER,2023-10-04,0.009076744123529207,0.009076744123529101
Equity Minimum Variance + VADER,2023-10-05,-0.005044047037583676,-0.005044047037583654
Equity Minimum Variance + VADER,2023-10-06,0.0011554091602179238,0.0011554091602179462
Equity Minimum Variance + VADER,2023-10-09,0.003356307185404851,0.0033563071854048054
Equity Minimum Variance + VADER,2023-10-10,0.01313318835007664,0.013133188350076708
Equity Minimum Variance + VADER,2023-10-11,0.005109487404205484,0.0051094874042054705
Equity Minimum Variance + VADER,2023-10-12,-0.00019319286611703924,-0.00019319286611707565
Equity Minimum Variance + VADER,2023-10-13,0.0038840915194112563,0.003884091519411159
Equity Minimum Variance + VADER,2023-10-16,0.00810970550956538,0.008109705509565357
Equity Minimum Variance + VADER,2023-10-17,0.005099645257994024,0.005099645257994112
Equity Minimum Variance + VADER,2023-10-18,-0.0070328965142175005,-0.007032896514217457
Equity Minimum Variance + VADER,2023-10-19,-0.007753860778519445,-0.007753860778519472
Equity Minimum Variance + VADER,2023-10-20,-0.005620887330114922,-0.005620887330114899
Equity Minimum Variance + VADER,2023-10-23,-0.0001516922448310361,-0.0001516922448310254
Equity Minimum Variance + VADER,2023-10-24,0.012356688243527838,0.012356688243527758
Equity Minimum Variance + VADER,2023-10-25,-0.007078937970665009,-0.007078937970665056
Equity Minimum Variance + VADER,2023-10-26,-0.004792727846785916,-0.00479272784678586
Equity Minimum Variance + VADER,2023-10-27,-0.009788178392893991,-0.009788178392894031
Equity Minimum Variance + VADER,2023-10-30,0.008605831207752233,0.008605831207752157
Equity Minimum Variance + VADER,2023-10-31,0.004970385822825992,0.004970385822826051
Equity Minimum Variance + VADER,2023-11-01,0.005323559374731262,0.005186603049454064
Equity Minimum Variance + VADER,2023-11-02,0.010908692585243147,0.010908692585243074
Equity Minimum Variance + VADER,2023-11-03,0.001354844791718091,0.0013548447917179907
Equity Minimum Variance + VADER,2023-11-06,-0.003872088861637176,-0.0038720888616371463
Equity Minimum Variance + VADER,2023-11-07,0.0019734829092005195,0.00197348290920063
Equity Minimum Variance + VADER,2023-11-08,-0.0031708664239801527,-0.003170866423980123
Equity Minimum Variance + VADER,2023-11-09,-0.009645552922580316,-0.009645552922580292
Equity Minimum Variance + VADER,2023-11-10,0.00640699603834302,0.006406996038343049
Equity Minimum Variance + VADER,2023-11-13,0.0044184190311498915,0.004418419031149812
Equity Minimum Variance + VADER,2023-11-14,0.008437308709001659,0.008437308709001723
Equity Minimum Variance + VADER,2023-11-15,0.005377758318299656,0.005377758318299675
Equity Minimum Variance + VADER,2023-11-16,-0.021880502432505618,-0.02188050243250561
Equity Minimum Variance + VADER,2023-11-17,-0.0020386655858229447,-0.0020386655858229963
Equity Minimum Variance + VADER,2023-11-20,0.003323952203827491,0.0033239522038275293
Equity Minimum Variance + VADER,2023-11-21,0.0031463894625447415,0.003146389462544752
Equity Minimum Variance + VADER,2023-11-22,-0.0015758821923959622,-0.0015758821923960165
Equity Minimum Variance + VADER,2023-11-24,0.004208028652470569,0.004208028652470608
Equity Minimum Variance + VADER,2023-11-27,0.003469450018933524,0.0034694500189336175
Equity Minimum Variance + VADER,2023-11-28,0.005443004683239153,0.0054430046832392165
Equity Minimum Variance + VADER,2023-11-29,-0.0021541884631032142,-0.0021541884631032238
Equity Minimum Variance + VADER,2023-11-30,0.008787637399212105,0.008787637399212178
Equity Minimum Variance + VADER,2023-12-01,0.005699539022412075,0.005590137592764277
Equity Minimum Variance + VADER,2023-12-04,0.004282765914310328,0.004282765914310316
Equity Minimum Variance + VADER,2023-12-05,0.004286771920366107,0.004286771920366084
Equity Minimum Variance + VADER,2023-12-06,-0.0015303503345459595,-0.0015303503345459601
Equity Minimum Variance + VADER,2023-12-07,-0.004649735813058266,-0.0046497358130582755
Equity Minimum Variance + VADER,2023-12-08,-0.0002961818217512341,-0.0002961818217512846
Equity Minimum Variance + VADER,2023-12-11,0.0032974178211204637,0.003297417821120474
Equity Minimum Variance + VADER,2023-12-12,0.003638137832493455,0.003638137832493449
Equity Minimum Variance + VADER,2023-12-13,0.020952557854189643,0.02095255785418959
Equity Minimum Variance + VADER,2023-12-14,0.00039810035848349004,0.00039810035848342196
Equity Minimum Variance + VADER,2023-12-15,-0.006639539820778276,-0.006639539820778251
Equity Minimum Variance + VADER,2023-12-18,0.0019160891377018987,0.0019160891377019151
Equity Minimum Variance + VADER,2023-12-19,0.004220656042586188,0.004220656042586146
Equity Minimum Variance + VADER,2023-12-20,-0.013157799932531612,-0.013157799932531633
Equity Minimum Variance + VADER,2023-12-21,0.00831195868840707,0.008311958688407062
Equity Minimum Variance + VADER,2023-12-22,0.009836613765341791,0.00983661376534184
Equity Minimum Variance + VADER,2023-12-26,0.0003210973064409849,0.0003210973064409206
Equity Minimum Variance + VADER,2023-12-27,0.003648324622717647,0.0036483246227176913
Equity Minimum Variance + VADER,2023-12-28,0.0019921854210349964,0.0019921854210349643
Equity Minimum Variance + VADER,2023-12-29,-0.0001362434759212182,-0.0001362434759212272
Equity Minimum Variance + finVADER,2023-01-03,0.005063992053161041,0.005063992053160993
Equity Minimum Variance + finVADER,2023-01-04,0.009390380939139433,0.009390380939139353
Equity Minimum Variance + finVADER,2023-01-05,-0.001438779899239119,-0.0014387798992391287
Equity Minimum Variance + finVADER,2023-01-06,0.017160599102496316,0.017160599102496343
Equity Minimum Variance + finVADER,2023-01-09,-0.017576065156996695,-0.017576065156996723
Equity Minimum Variance + finVADER,2023-01-10,0.0026538457925441164,0.0026538457925440184
Equity Minimum Variance + finVADER,2023-01-11,0.004330625134259984,0.00433062513426008
Equity Minimum Variance + finVADER,2023-01-12,-0.004919566736878433,-0.0049195667368784335
Equity Minimum Variance + finVADER,2023-01-13,0.0029873728918996495,0.0029873728918996534
Equity Minimum Variance + finVADER,2023-01-17,-0.010134176455787871,-0.010134176455787847
Equity Minimum Variance + finVADER,2023-01-18,-0.01962063610350266,-0.01962063610350262
Equity Minimum Variance + finVADER,2023-01-19,-0.0038917682967764674,-0.00389176829677651
Equity Minimum Variance + finVADER,2023-01-20,0.00858583480279787,0.008585834802797843
Equity Minimum Variance + finVADER,2023-01-23,0.0068226108725879435,0.006822610872587953
Equity Minimum Variance + finVADER,2023-01-24,-0.005007522681495395,-0.005007522681495402
Equity Minimum Variance + finVADER,2023-01-25,-0.0002725742593871062,-0.0002725742593870928
Equity Minimum Variance + finVADER,2023-01-26,-0.0024966276554626602,-0.0024966276554626576
Equity Minimum Variance + finVADER,2023-01-27,-0.0006524955104581865,-0.0006524955104582064
Equity Minimum Variance + finVADER,2023-01-30,-0.0036957767176116325,-0.0036957767176116763
Equity Minimum Variance + finVADER,2023-01-31,0.01129732978815724,0.01129732978815734
Equity Minimum Variance + finVADER,2023-02-01,-0.004750312536969103,-0.004815302971217572
Equity Minimum Variance + finVADER,2023-02-02,-0.012975153400510335,-0.012975153400510364
Equity Minimum Variance + finVADER,2023-02-03,-0.00635910389997627,-0.006359103899976293
Equity Minimum Variance + finVADER,2023-02-06,-0.0025400427391864947,-0.00254004273918651
Equity Minimum Variance + finVADER,2023-02-07,0.0070516301086841985,0.007051630108684259
Equity Minimum Variance + finVADER,2023-02-08,-0.004265652799384768,-0.004265652799384734
Equity Minimum Variance + finVADER,2023-02-09,0.002101286128393307,0.0021012861283933315
Equity Minimum Variance + finVADER,2023-02-10,0.0125140678404012,0.01251406784040121
Equity Minimum Variance + finVADER,2023-02-13,0.010935732049680354,0.010935732049680347
Equity Minimum Variance + finVADER,2023-02-14,-0.010089618751892257,-0.010089618751892293
Equity Minimum Variance + finVADER,2023-02-15,-0.001920252009017041,-0.0019202520090170205
Equity Minimum Variance + finVADER,2023-02-16,-0.012786597829298196,-0.012786597829298252
Equity Minimum Variance + finVADER,2023-02-17,0.012534305987961706,0.01253430598796168
Equity Minimum Variance + finVADER,2023-02-21,-0.0023369077872703856,-0.002336907787270359
Equity Minimum Variance + finVADER,2023-02-22,-0.009673618982323016,-0.009673618982322996
Equity Minimum Variance + finVADER,2023-02-23,-0.0008759899951721242,-0.0008759899951721328
Equity Minimum Variance + finVADER,2023-02-24,-0.0063928515743631766,-0.006392851574363201
Equity Minimum Variance + finVADER,2023-02-27,0.0009458027155912669,0.000945802715591304
Equity Minimum Variance + finVADER,2023-02-28,-0.004807447941306251,-0.004807447941306275
Equity Minimum Variance + finVADER,2023-03-01,-0.003055042902892728,-0.0031218484597270724
Equity Minimum Variance + finVADER,2023-03-02,0.006326132840923134,0.006326132840923204
Equity Minimum Variance + finVADER,2023-03-03,0.0062763423430934415,0.006276342343093377
Equity Minimum Variance + finVADER,2023-03-06,0.0060083305241638,0.00600833052416383
Equity Minimum Variance + finVADER,2023-03-07,-0.010266145578289566,-0.010266145578289532
Equity Minimum Variance + finVADER,2023-03-08,-0.008513939369314393,-0.008513939369314438
Equity Minimum Variance + finVADER,2023-03-09,-0.011689882005408877,-0.01168988200540888
Equity Minimum Variance + finVADER,2023-03-10,-0.0027577665291627917,-0.0027577665291628195
Equity Minimum Variance + finVADER,2023-03-13,0.006606259108804931,0.006606259108804968
Equity Minimum Variance + finVADER,2023-03-14,0.00913197149939667,0.009131971499396707
Equity Minimum Variance + finVADER,2023-03-15,0.005445573885100688,0.005445573885100696
Equity Minimum Variance + finVADER,2023-03-16,0.004561854492062863,0.004561854492062922
Equity Minimum Variance + finVADER,2023-03-17,-0.004600390760994898,-0.0046003907609949435
Equity Minimum Variance + finVADER,2023-03-20,0.010435099361837721,0.010435099361837619
Equity Minimum Variance + finVADER,2023-03-21,-0.0014158409891508192,-0.0014158409891508184
Equity Minimum Variance + finVADER,2023-03-22,-0.012979876567357374,-0.012979876567357329
Equity Minimum Variance + finVADER,2023-03-23,0.009022607802230753,0.009022607802230853
Equity Minimum Variance + finVADER,2023-03-24,0.012859251356040395,0.01285925135604038
Equity Minimum Variance + finVADER,2023-03-27,0.00603397560204419,0.006033975602044217
Equity Minimum Variance + finVADER,2023-03-28,-0.002141332045317076,-0.002141332045317079
Equity Minimum Variance + finVADER,2023-03-29,0.004431817639468174,0.004431817639468205
Equity Minimum Variance + finVADER,2023-03-30,0.004942339462389596,0.004942339462389533
Equity Minimum Variance + finVADER,2023-03-31,0.01120508977056315,0.011205089770563115
Equity Minimum Variance + finVADER,2023-04-03,0.008197870022192928,0.008109239988485673
Equity Minimum Variance + finVADER,2023-04-04,-0.002226706505157499,-0.0022267065051575496
Equity Minimum Variance + finVADER,2023-04-05,0.011893050778499729,0.01189305077849978
Equity Minimum Variance + finVADER,2023-04-06,0.0020143539828369945,0.0020143539828370027
Equity Minimum Variance + finVADER,2023-04-10,-8.295780006395034e-05,-8.295780006395415e-05
Equity Minimum Variance + finVADER,2023-04-11,0.0005690125371246069,0.0005690125371247134
Equity Minimum Variance + finVADER,2023-04-12,0.0008100581688729618,0.0008100581688730291
Equity Minimum Variance + finVADER,2023-04-13,0.008208579636389917,0.00820857963638999
Equity Minimum Variance + finVADER,2023-04-14,-0.006199471267930552,-0.006199471267930523
Equity Minimum Variance + finVADER,2023-04-17,0.003730905605286811,0.0037309056052867717
Equity Minimum Variance + finVADER,2023-04-18,-0.0014198674123520028,-0.001419867412352005
Equity Minimum Variance + finVADER,2023-04-19,0.0009134594008127741,0.0009134594008126662
Equity Minimum Variance + finVADER,2023-04-20,0.0005572458187222864,0.0005572458187221851
Equity Minimum Variance + finVADER,2023-04-21,0.006611114209459555,0.00661111420945959
Equity Minimum Variance + finVADER,2023-04-24,0.004559651846376357,0.004559651846376411
Equity Minimum Variance + finVADER,2023-04-25,-0.003029961167847068,-0.0030299611678470395
Equity Minimum Variance + finVADER,2023-04-26,-0.016264015499617996,-0.01626401549961798
Equity Minimum Variance + finVADER,2023-04-27,-0.009042859359733197,-0.009042859359733146
Equity Minimum Variance + finVADER,2023-04-28,0.0033058981993615,0.0033058981993614456
Equity Minimum Variance + finVADER,2023-05-01,0.0022824369576643602,0.002237209486474656
Equity Minimum Variance + finVADER,2023-05-02,-0.006054110477694972,-0.006054110477694996
Equity Minimum Variance + finVADER,2023-05-03,-0.0072932331074852,-0.0072932331074851975
Equity Minimum Variance + finVADER,2023-05-04,-0.0010368352420489378,-0.0010368352420488947
Equity Minimum Variance + finVADER,2023-05-05,0.008102550798000825,0.008102550798000818
Equity Minimum Variance + finVADER,2023-05-08,-0.0008738387201041398,-0.0008738387201041586
Equity Minimum Variance + finVADER,2023-05-09,-0.002978779563301771,-0.0029787795633017256
Equity Minimum Variance + finVADER,2023-05-10,-0.002340258406907433,-0.002340258406907436
Equity Minimum Variance + finVADER,2023-05-11,-0.0016740914981383307,-0.0016740914981383526
Equity Minimum Variance + finVADER,2023-05-12,-0.00011011951238899916,-0.00011011951238903972
Equity Minimum Variance + finVADER,2023-05-15,-0.0017686539978051757,-0.0017686539978051252
Equity Minimum Variance + finVADER,2023-05-16,-0.014137271720625802,-0.014137271720625844
Equity Minimum Variance + finVADER,2023-05-17,2.2018419468623984e-05,2.2018419468583517e-05
Equity Minimum Variance + finVADER,2023-05-18,0.002850840735893339,0.0028508407358933674
Equity Minimum Variance + finVADER,2023-05-19,0.0010078637924981336,0.001007863792498176
Equity Minimum Variance + finVADER,2023-05-22,-0.004214960800257293,-0.004214960800257295
Equity Minimum Variance + finVADER,2023-05-23,-0.00664765266990854,-0.0066476526699085214
Equity Minimum Variance + finVADER,2023-05-24,-0.006612061276709005,-0.0066120612767089915
Equity Minimum Variance + finVADER,2023-05-25,-0.011664524334541956,-0.011664524334541904
Equity Minimum Variance + finVADER,2023-05-26,-0.0001810988246389826,-0.0001810988246390144
Equity Minimum Variance + finVADER,2023-05-30,-0.0060218405276966334,-0.006021840527696609
Equity Minimum Variance + finVADER,2023-05-31,0.004324712126770222,0.004324712126770214
Equity Minimum Variance + finVADER,2023-06-01,0.003861149403332033,0.0037720602765731748
Equity Minimum Variance + finVADER,2023-06-02,0.013210882415481812,0.01321088241548174
Equity Minimum Variance + finVADER,2023-06-05,-0.0010566614931004188,-0.0010566614931004636
Equity Minimum Variance + finVADER,2023-06-06,-0.008671021616393137,-0.008671021616393104
Equity Minimum Variance + finVADER,2023-06-07,0.0001291379608713902,0.00012913796087143936
Equity Minimum Variance + finVADER,2023-06-08,0.011237376864576926,0.01123737686457682
Equity Minimum Variance + finVADER,2023-06-09,-0.0005476092662496561,-0.0005476092662496379
Equity Minimum Variance + finVADER,2023-06-12,0.0017840029821350033,0.0017840029821349912
Equity Minimum Variance + finVADER,2023-06-13,0.006247451603956349,0.006247451603956344
Equity Minimum Variance + finVADER,2023-06-14,9.868391471389029e-05,9.868391471390403e-05
Equity Minimum Variance + finVADER,2023-06-15,0.008352326098435644,0.008352326098435725
Equity Minimum Variance + finVADER,2023-06-16,0.0015202972928095916,0.0015202972928096692
Equity Minimum Variance + finVADER,2023-06-20,-0.00724608374226862,-0.00724608374226865
Equity Minimum Variance + finVADER,2023-06-21,-0.0009735308889023678,-0.0009735308889023964
Equity Minimum Variance + finVADER,2023-06-22,0.006416473161382464,0.006416473161382497
Equity Minimum Variance + finVADER,2023-06-23,-0.0029688740336634234,-0.0029688740336634156
Equity Minimum Variance + finVADER,2023-06-26,0.00029543011443331076,0.0002954301144333371
Equity Minimum Variance + finVADER,2023-06-27,-0.0007768125528426693,-0.0007768125528426761
Equity Minimum Variance + finVADER,2023-06-28,-0.0042554784355129174,-0.004255478435512883
Equity Minimum Variance + finVADER,2023-06-29,0.002171032405389352,0.002171032405389406
Equity Minimum Variance + finVADER,2023-06-30,0.013281980237473292,0.01328198023747329
Equity Minimum Variance + finVADER,2023-07-03,0.004023600343059653,0.003946508837259222
Equity Minimum Variance + finVADER,2023-07-05,-0.0018781285319208454,-0.0018781285319208196
Equity Minimum Variance + finVADER,2023-07-06,-0.008346510059771323,-0.008346510059771273
Equity Minimum Variance + finVADER,2023-07-07,-0.012754382269548538,-0.012754382269548503
Equity Minimum Variance + finVADER,2023-07-10,0.005268432685909971,0.0052684326859100405
Equity Minimum Variance + finVADER,2023-07-11,0.011380747033468018,0.01138074703346792
Equity Minimum Variance + finVADER,2023-07-12,0.0016098504759723038,0.0016098504759722854
Equity Minimum Variance + finVADER,2023-07-13,0.0007087028497083669,0.0007087028497083647
Equity Minimum Variance + finVADER,2023-07-14,0.004532244591763382,0.00453224459176349
Equity Minimum Variance + finVADER,2023-07-17,-0.004496573492148793,-0.004496573492148825
Equity Minimum Variance + finVADER,2023-07-18,0.0034615027178565177,0.0034615027178566127
Equity Minimum Variance + finVADER,2023-07-19,0.004340472243127147,0.004340472243127058
Equity Minimum Variance + finVADER,2023-07-20,0.008891488992170855,0.00889148899217096
Equity Minimum Variance + finVADER,2023-07-21,0.007438924845749889,0.007438924845749817
Equity Minimum Variance + finVADER,2023-07-24,-0.0028456434478138625,-0.002845643447813906
Equity Minimum Variance + finVADER,2023-07-25,-1.5028425560500934e-05,-1.5028425560448255e-05
Equity Minimum Variance + finVADER,2023-07-26,0.002352576362810788,0.002352576362810721
Equity Minimum Variance + finVADER,2023-07-27,-0.0032389272839971213,-0.003238927283997106
Equity Minimum Variance + finVADER,2023-07-28,0.004984048165892771,0.004984048165892707
Equity Minimum Variance + finVADER,2023-07-31,-0.002458882360070633,-0.0024588823600706355
Equity Minimum Variance + finVADER,2023-08-01,-0.007331990086289553,-0.007394876820207563
Equity Minimum Variance + finVADER,2023-08-02,-0.011648946691086317,-0.011648946691086293
Equity Minimum Variance + finVADER,2023-08-03,-0.004258904285441947,-0.004258904285441956
Equity Minimum Variance + finVADER,2023-08-04,-0.004403306778179871,-0.004403306778179905
Equity Minimum Variance + finVADER,2023-08-07,0.011796877543986641,0.011796877543986728
Equity Minimum Variance + finVADER,2023-08-08,-0.004342113303078002,-0.004342113303077988
Equity Minimum Variance + finVADER,2023-08-09,0.0005992196229499399,0.0005992196229498425
Equity Minimum Variance + finVADER,2023-08-10,-0.0006687732194451117,-0.0006687732194451401
Equity Minimum Variance + finVADER,2023-08-11,0.005809628743042909,0.005809628743042916
Equity Minimum Variance + finVADER,2023-08-14,-0.0010746575856711378,-0.001074657585671157
Equity Minimum Variance + finVADER,2023-08-15,-0.007442729478892588,-0.0074427294788925735
Equity Minimum Variance + finVADER,2023-08-16,-0.0038305048129121818,-0.003830504812912139
Equity Minimum Variance + finVADER,2023-08-17,-0.009795779898296487,-0.009795779898296497
Equity Minimum Variance + finVADER,2023-08-18,0.002253642799596104,0.002253642799596056
Equity Minimum Variance + finVADER,2023-08-21,-0.0008192456167733481,-0.0008192456167733786
Equity Minimum Variance + finVADER,2023-08-22,-0.0041219879336210465,-0.004121987933621063
Equity Minimum Variance + finVADER,2023-08-23,0.011895182140160174,0.011895182140160276
Equity Minimum Variance + finVADER,2023-08-24,-0.009032496979465725,-0.009032496979465732
Equity Minimum Variance + finVADER,2023-08-25,0.003232889800352618,0.003232889800352634
Equity Minimum Variance + finVADER,2023-08-28,0.004414970221736774,0.004414970221736869
Equity Minimum Variance + finVADER,2023-08-29,0.007640982094409206,0.007640982094409221
Equity Minimum Variance + finVADER,2023-08-30,0.00139475694934963,0.0013947569493495404
Equity Minimum Variance + finVADER,2023-08-31,-0.004816701871909423,-0.004816701871909412
Equity Minimum Variance + finVADER,2023-09-01,-0.0011083674061446434,-0.0011998361401446278
Equity Minimum Variance + finVADER,2023-09-05,-0.013060899868314307,-0.013060899868314269
Equity Minimum Variance + finVADER,2023-09-06,-0.002211133581623434,-0.0022111335816233924
Equity Minimum Variance + finVADER,2023-09-07,0.006483077084264481,0.0064830770842645435
Equity Minimum Variance + finVADER,2023-09-08,0.0052264005067925124,0.005226400506792572
Equity Minimum Variance + finVADER,2023-09-11,0.004815645712839361,0.004815645712839434
Equity Minimum Variance + finVADER,2023-09-12,-0.00262761548063565,-0.0026276154806356145
Equity Minimum Variance + finVADER,2023-09-13,0.00013452465511175902,0.00013452465511165634
Equity Minimum Variance + finVADER,2023-09-14,0.009731362672443148,0.009731362672443122
Equity Minimum Variance + finVADER,2023-09-15,-0.00589036129039573,-0.005890361290395774
Equity Minimum Variance + finVADER,2023-09-18,2.2205591739230544e-05,2.220559173915504e-05
Equity Minimum Variance + finVADER,2023-09-19,-0.001149852983927307,-0.0011498529839273353
Equity Minimum Variance + finVADER,2023-09-20,0.0022957394991771937,0.002295739499177163
Equity Minimum Variance + finVADER,2023-09-21,-0.011378894192966706,-0.011378894192966671
Equity Minimum Variance + finVADER,2023-09-22,-0.00031755101207256106,-0.00031755101207253666
Equity Minimum Variance + finVADER,2023-09-25,-0.0018554962941556427,-0.0018554962941556008
Equity Minimum Variance + finVADER,2023-09-26,-0.005610801860362866,-0.005610801860362891
Equity Minimum Variance + finVADER,2023-09-27,-0.00990314540229683,-0.009903145402296865
Equity Minimum Variance + finVADER,2023-09-28,0.0011095618387443507,0.001109561838744444
Equity Minimum Variance + finVADER,2023-09-29,-0.008121275982113768,-0.008121275982113763
Equity Minimum Variance + finVADER,2023-10-02,-0.00848567767569712,-0.00859840393150435
Equity Minimum Variance + finVADER,2023-10-03,-0.008040034317976133,-0.008040034317976175
Equity Minimum Variance + finVADER,2023-10-04,0.008292784897982151,0.00829278489798213
Equity Minimum Variance + finVADER,2023-10-05,-0.005460878934910323,-0.005460878934910318
Equity Minimum Variance + finVADER,2023-10-06,0.0023261624400999137,0.002326162440099866
Equity Minimum Variance + finVADER,2023-10-09,0.0031829392819738003,0.0031829392819737734
Equity Minimum Variance + finVADER,2023-10-10,0.011603949327759032,0.0116039493277591
Equity Minimum Variance + finVADER,2023-10-11,0.004344376867681194,0.004344376867681188
Equity Minimum Variance + finVADER,2023-10-12,-0.0022021384603962612,-0.002202138460396297
Equity Minimum Variance + finVADER,2023-10-13,0.0039827434171906245,0.003982743417190626
Equity Minimum Variance + finVADER,2023-10-16,0.008352798919153567,0.008352798919153637
Equity Minimum Variance + finVADER,2023-10-17,0.006382797047868792,0.006382797047868705
Equity Minimum Variance + finVADER,2023-10-18,-0.00758614306163556,-0.00758614306163552
Equity Minimum Variance + finVADER,2023-10-19,-0.0081865976970098,-0.008186597697009801
Equity Minimum Variance + finVADER,2023-10-20,-0.004210208438238419,-0.004210208438238383
Equity Minimum Variance + finVADER,2023-10-23,-0.001351462764980983,-0.001351462764980993
Equity Minimum Variance + finVADER,2023-10-24,0.012458125717715693,0.012458125717715651
Equity Minimum Variance + finVADER,2023-10-25,-0.006560917599619528,-0.00656091759961952
Equity Minimum Variance + finVADER,2023-10-26,-0.0031154438496912274,-0.003115443849691202
Equity Minimum Variance + finVADER,2023-10-27,-0.011583726084520542,-0.011583726084520518
Equity Minimum Variance + finVADER,2023-10-30,0.010292763362892157,0.010292763362892199
Equity Minimum Variance + finVADER,2023-10-31,0.0033258506993486124,0.0033258506993485426
Equity Minimum Variance + finVADER,2023-11-01,0.006432211326341959,0.006352935354343003
Equity Minimum Variance + finVADER,2023-11-02,0.011341321468447487,0.011341321468447463
Equity Minimum Variance + finVADER,2023-11-03,0.002018818737640822,0.0020188187376408706
Equity Minimum Variance + finVADER,2023-11-06,-0.0037977640275325773,-0.003797764027532624
Equity Minimum Variance + finVADER,2023-11-07,0.0009761903348849889,0.000976190334885052
Equity Minimum Variance + finVADER,2023-11-08,-0.005958505821590607,-0.005958505821590632
Equity Minimum Variance + finVADER,2023-11-09,-0.012292547998904842,-0.01229254799890489
Equity Minimum Variance + finVADER,2023-11-10,0.006637499214034941,0.006637499214035003
Equity Minimum Variance + finVADER,2023-11-13,0.0027577369821510204,0.0027577369821509823
Equity Minimum Variance + finVADER,2023-11-14,0.00823711933643588,0.008237119336435894
Equity Minimum Variance + finVADER,2023-11-15,0.005408513152126888,0.00540851315212687
Equity Minimum Variance + finVADER,2023-11-16,-0.0191148412463776,-0.019114841246377634
Equity Minimum Variance + finVADER,2023-11-17,-0.0007565648598385709,-0.0007565648598385488
Equity Minimum Variance + finVADER,2023-11-20,0.003422333238626337,0.003422333238626285
Equity Minimum Variance + finVADER,2023-11-21,0.0010992997736963867,0.0010992997736964938
Equity Minimum Variance + finVADER,2023-11-22,0.00026970389985330346,0.0002697038998533685
Equity Minimum Variance + finVADER,2023-11-24,0.0034098861612515065,0.0034098861612514852
Equity Minimum Variance + finVADER,2023-11-27,0.0026783533525522704,0.0026783533525522873
Equity Minimum Variance + finVADER,2023-11-28,0.004479314000421051,0.00447931400042112
Equity Minimum Variance + finVADER,2023-11-29,-0.0010662176304238593,-0.0010662176304238047
Equity Minimum Variance + finVADER,2023-11-30,0.009558469670463332,0.009558469670463365
Equity Minimum Variance + finVADER,2023-12-01,0.004619035779419529,0.0045672102620719635
Equity Minimum Variance + finVADER,2023-12-04,0.0051088992944124155,0.0051088992944123834
Equity Minimum Variance + finVADER,2023-12-05,0.0029660442023694803,0.0029660442023695666
Equity Minimum Variance + finVADER,2023-12-06,-0.0015373576592490352,-0.0015373576592490057
Equity Minimum Variance + finVADER,2023-12-07,-0.0036316501132342078,-0.003631650113234186
Equity Minimum Variance + finVADER,2023-12-08,-0.0011603338677954062,-0.00116033386779546
Equity Minimum Variance + finVADER,2023-12-11,0.0030954383459195884,0.003095438345919632
Equity Minimum Variance + finVADER,2023-12-12,0.00256386600071871,0.002563866000718784
Equity Minimum Variance + finVADER,2023-12-13,0.02022565178010393,0.020225651780103826
Equity Minimum Variance + finVADER,2023-12-14,0.001028004050509626,0.0010280040505097343
Equity Minimum Variance + finVADER,2023-12-15,-0.005283058003680549,-0.005283058003680563
Equity Minimum Variance + finVADER,2023-12-18,0.0020461142583112256,0.002046114258311249
Equity Minimum Variance + finVADER,2023-12-19,0.0041355562293270845,0.004135556229327042
Equity Minimum Variance + finVADER,2023-12-20,-0.013970790201151296,-0.013970790201151329
Equity Minimum Variance + finVADER,2023-12-21,0.00861936635635708,0.008619366356357183
Equity Minimum Variance + finVADER,2023-12-22,0.009559546139990174,0.009559546139990216
Equity Minimum Variance + finVADER,2023-12-26,0.0012979037301681189,0.0012979037301681373
Equity Minimum Variance + finVADER,2023-12-27,0.004419593474187793,0.004419593474187744
Equity Minimum Variance + finVADER,2023-12-28,0.0017241766427506505,0.0017241766427507077
Equity Minimum Variance + finVADER,2023-12-29,-0.0004361874431123325,-0.0004361874431123569
Combined Minimum Variance + VADER,2023-01-03,0.004277686291137011,0.004277686291137117
Combined Minimum Variance + VADER,2023-01-04,0.009034391055951475,0.009034391055951385
Combined Minimum Variance + VADER,2023-01-05,-0.0012145118312429353,-0.0012145118312428815
Combined Minimum Variance + VADER,2023-01-06,0.016826135423591765,0.01682613542359168
Combined Minimum Variance + VADER,2023-01-09,-0.017889238431933633,-0.017889238431933685
Combined Minimum Variance + VADER,2023-01-10,0.00247324013715819,0.002473240137158106
Combined Minimum Variance + VADER,2023-01-11,0.004491799951142495,0.004491799951142461
Combined Minimum Variance + VADER,2023-01-12,-0.005161387562842208,-0.0051613875628422345
Combined Minimum Variance + VADER,2023-01-13,0.0027946493750559158,0.002794649375055913
Combined Minimum Variance + VADER,2023-01-17,-0.009808911232136001,-0.009808911232136008
Combined Minimum Variance + VADER,2023-01-18,-0.019496773927471393,-0.0194967739274714
Combined Minimum Variance + VADER,2023-01-19,-0.0038623536879377,-0.0038623536879377474
Combined Minimum Variance + VADER,2023-01-20,0.008363917446686237,0.008363917446686298
Combined Minimum Variance + VADER,2023-01-23,0.006644140389898985,0.0066441403898989115
Combined Minimum Variance + VADER,2023-01-24,-0.004815942756827003,-0.004815942756826952
Combined Minimum Variance + VADER,2023-01-25,-0.00043368448294572827,-0.0004336844829456732
Combined Minimum Variance + VADER,2023-01-26,-0.002428781354034344,-0.0024287813540343484
Combined Minimum Variance + VADER,2023-01-27,-0.0006743223566525212,-0.0006743223566525458
Combined Minimum Variance + VADER,2023-01-30,-0.0033928664899832497,-0.0033928664899832706
Combined Minimum Variance + VADER,2023-01-31,0.011373319591503476,0.011373319591503561
Combined Minimum Variance + VADER,2023-02-01,-0.005129627665213205,-0.0051871073686797775
Combined Minimum Variance + VADER,2023-02-02,-0.013587458899188658,-0.013587458899188665
Combined Minimum Variance + VADER,2023-02-03,-0.008245057380329738,-0.008245057380329768
Combined Minimum Variance + VADER,2023-02-06,-0.0026986007635926993,-0.00269860076359274
Combined Minimum Variance + VADER,2023-02-07,0.008435325503412994,0.008435325503413083
Combined Minimum Variance + VADER,2023-02-08,-0.003472391802885394,-0.0034723918028853884
Combined Minimum Variance + VADER,2023-02-09,0.0007490536060846403,0.0007490536060845709
Combined Minimum Variance + VADER,2023-02-10,0.01225260747135605,0.012252607471356036
Combined Minimum Variance + VADER,2023-02-13,0.010678896276316753,0.010678896276316685
Combined Minimum Variance + VADER,2023-02-14,-0.009924619991310241,-0.009924619991310224
Combined Minimum Variance + VADER,2023-02-15,-0.0022785546087957646,-0.0022785546087957798
Combined Minimum Variance + VADER,2023-02-16,-0.01234892277292446,-0.012348922772924431
Combined Minimum Variance + VADER,2023-02-17,0.013155991262701538,0.013155991262701505
Combined Minimum Variance + VADER,2023-02-21,-0.003192220454987274,-0.003192220454987238
Combined Minimum Variance + VADER,2023-02-22,-0.008487076880396892,-0.008487076880396849
Combined Minimum Variance + VADER,2023-02-23,0.0006289345450599598,0.000628934545059856
Combined Minimum Variance + VADER,2023-02-24,-0.006543652132523831,-0.006543652132523836
Combined Minimum Variance + VADER,2023-02-27,0.0005218539328828235,0.0005218539328828431
Combined Minimum Variance + VADER,2023-02-28,-0.006720563143097982,-0.006720563143097991
Combined Minimum Variance + VADER,2023-03-01,-0.0029005676003229473,-0.0029834207762171605
Combined Minimum Variance + VADER,2023-03-02,0.006914871284388085,0.006914871284388058
Combined Minimum Variance + VADER,2023-03-03,0.006278707199496972,0.006278707199496969
Combined Minimum Variance + VADER,2023-03-06,0.006274494274444203,0.006274494274444153
Combined Minimum Variance + VADER,2023-03-07,-0.010112307175031893,-0.010112307175031865
Combined Minimum Variance + VADER,2023-03-08,-0.007899280535387809,-0.007899280535387798
Combined Minimum Variance + VADER,2023-03-09,-0.012045962640952831,-0.012045962640952812
Combined Minimum Variance + VADER,2023-03-10,-0.0029153557454886935,-0.0029153557454887347
Combined Minimum Variance + VADER,2023-03-13,0.006937703439540092,0.006937703439540144
Combined Minimum Variance + VADER,2023-03-14,0.009137835781711111,0.009137835781711123
Combined Minimum Variance + VADER,2023-03-15,0.004891058134932411,0.004891058134932402
Combined Minimum Variance + VADER,2023-03-16,0.0054473759478814434,0.005447375947881472
Combined Minimum Variance + VADER,2023-03-17,-0.0052431706626486045,-0.005243170662648566
Combined Minimum Variance + VADER,2023-03-20,0.010308272144834445,0.01030827214483443
Combined Minimum Variance + VADER,2023-03-21,-0.001128854727658697,-0.001128854727658668
Combined Minimum Variance + VADER,2023-03-22,-0.013036149156745504,-0.013036149156745558
Combined Minimum Variance + VADER,2023-03-23,0.008900045575695346,0.008900045575695348
Combined Minimum Variance + VADER,2023-03-24,0.013395922806489468,0.01339592280648949
Combined Minimum Variance + VADER,2023-03-27,0.005355688298236284,0.005355688298236183
Combined Minimum Variance + VADER,2023-03-28,-0.001968381327354,-0.0019683813273539963
Combined Minimum Variance + VADER,2023-03-29,0.0048383214100709325,0.0048383214100709004
Combined Minimum Variance + VADER,2023-03-30,0.004350651712524684,0.004350651712524689
Combined Minimum Variance + VADER,2023-03-31,0.010884134596835609,0.01088413459683557
Combined Minimum Variance + VADER,2023-04-03,0.009618868594064741,0.009497170965478086
Combined Minimum Variance + VADER,2023-04-04,-0.0013339891775680003,-0.0013339891775679957
Combined Minimum Variance + VADER,2023-04-05,0.01181948493288689,0.011819484932886981
Combined Minimum Variance + VADER,2023-04-06,0.0030782949817413463,0.003078294981741392
Combined Minimum Variance + VADER,2023-04-10,-0.0004452966301881094,-0.00044529663018810783
Combined Minimum Variance + VADER,2023-04-11,0.000303963908657305,0.00030396390865727874
Combined Minimum Variance + VADER,2023-04-12,0.001060930252172111,0.001060930252172021
Combined Minimum Variance + VADER,2023-04-13,0.0059810529881319865,0.005981052988131896
Combined Minimum Variance + VADER,2023-04-14,-0.008397207397986144,-0.008397207397986106
Combined Minimum Variance + VADER,2023-04-17,0.00384322115410236,0.0038432211541024053
Combined Minimum Variance + VADER,2023-04-18,-0.0020307424211103145,-0.002030742421110343
Combined Minimum Variance + VADER,2023-04-19,0.0006406699206509084,0.000640669920650927
Combined Minimum Variance + VADER,2023-04-20,0.00013239982873858408,0.00013239982873858303
Combined Minimum Variance + VADER,2023-04-21,0.0068216517385643015,0.006821651738564194
Combined Minimum Variance + VADER,2023-04-24,0.003902112276627245,0.0039021122766271787
Combined Minimum Variance + VADER,2023-04-25,-0.001959377159694552,-0.0019593771596945198
Combined Minimum Variance + VADER,2023-04-26,-0.015561999723849496,-0.015561999723849529
Combined Minimum Variance + VADER,2023-04-27,-0.009064924258677536,-0.009064924258677554
Combined Minimum Variance + VADER,2023-04-28,0.003646276877819067,0.0036462768778191545
Combined Minimum Variance + VADER,2023-05-01,0.0011217360351486075,0.0010000545011772388
Combined Minimum Variance + VADER,2023-05-02,-0.006719362366905759,-0.0067193623669057345
Combined Minimum Variance + VADER,2023-05-03,-0.007575802730531623,-0.0075758027305316
Combined Minimum Variance + VADER,2023-05-04,0.000665590389865751,0.0006655903898658
Combined Minimum Variance + VADER,2023-05-05,0.00875902622132022,0.008759026221320187
Combined Minimum Variance + VADER,2023-05-08,-0.000705547599986157,-0.0007055475999862004
Combined Minimum Variance + VADER,2023-05-09,-0.0020138796384363217,-0.0020138796384363555
Combined Minimum Variance + VADER,2023-05-10,-0.002943260972524205,-0.0029432609725241754
Combined Minimum Variance + VADER,2023-05-11,-0.001302951231119757,-0.0013029512311197866
Combined Minimum Variance + VADER,2023-05-12,3.367949341484061e-05,3.3679493414817685e-05
Combined Minimum Variance + VADER,2023-05-15,-0.001650899617474864,-0.001650899617474888
Combined Minimum Variance + VADER,2023-05-16,-0.014242718494532975,-0.014242718494532958
Combined Minimum Variance + VADER,2023-05-17,0.0005457109142105291,0.0005457109142106287
Combined Minimum Variance + VADER,2023-05-18,0.004388478580957001,0.004388478580956923
Combined Minimum Variance + VADER,2023-05-19,-0.0012678714650044376,-0.0012678714650043998
Combined Minimum Variance + VADER,2023-05-22,-0.005043532140250647,-0.005043532140250662
Combined Minimum Variance + VADER,2023-05-23,-0.005138366474113963,-0.00513836647411392
Combined Minimum Variance + VADER,2023-05-24,-0.006607696825298315,-0.00660769682529827
Combined Minimum Variance + VADER,2023-05-25,-0.01095629596741133,-0.010956295967411323
Combined Minimum Variance + VADER,2023-05-26,0.001315560233874686,0.0013155602338745798
Combined Minimum Variance + VADER,2023-05-30,-0.004715592087301796,-0.004715592087301768
Combined Minimum Variance + VADER,2023-05-31,0.0037266677354647094,0.003726667735464817
Combined Minimum Variance + VADER,2023-06-01,0.00040246584006863875,0.0002713084826873047
Combined Minimum Variance + VADER,2023-06-02,0.017231597042349056,0.01723159704234911
Combined Minimum Variance + VADER,2023-06-05,-0.00205411815809983,-0.00205411815809986
Combined Minimum Variance + VADER,2023-06-06,-0.011726333302028933,-0.01172633330202888
Combined Minimum Variance + VADER,2023-06-07,-0.0003818555403128559,-0.00038185554031289204
Combined Minimum Variance + VADER,2023-06-08,0.012176432973279479,0.012176432973279416
Combined Minimum Variance + VADER,2023-06-09,-0.00012229852912765593,-0.00012229852912770678
Combined Minimum Variance + VADER,2023-06-12,-0.0003644168261740314,-0.00036441682617405213
Combined Minimum Variance + VADER,2023-06-13,0.005665983363480953,0.005665983363480898
Combined Minimum Variance + VADER,2023-06-14,-0.0007023034556411504,-0.0007023034556411512
Combined Minimum Variance + VADER,2023-06-15,0.008592437276250729,0.008592437276250697
Combined Minimum Variance + VADER,2023-06-16,0.0017570244648530717,0.0017570244648530409
Combined Minimum Variance + VADER,2023-06-20,-0.005989394753038548,-0.005989394753038502
Combined Minimum Variance + VADER,2023-06-21,2.1523086380509544e-05,2.1523086380481615e-05
Combined Minimum Variance + VADER,2023-06-22,0.008128378261864492,0.00812837826186441
Combined Minimum Variance + VADER,2023-06-23,-0.002307923861448211,-0.00230792386144818
Combined Minimum Variance + VADER,2023-06-26,-0.0029465269485040827,-0.002946526948504058
Combined Minimum Variance + VADER,2023-06-27,-0.0012927525710455631,-0.0012927525710455523
Combined Minimum Variance + VADER,2023-06-28,-0.003546087845426525,-0.0035460878454265377
Combined Minimum Variance + VADER,2023-06-29,0.002081781863869472,0.002081781863869425
Combined Minimum Variance + VADER,2023-06-30,0.012487368024801857,0.012487368024801881
Combined Minimum Variance + VADER,2023-07-03,0.0034691694260552365,0.003383536875665394
Combined Minimum Variance + VADER,2023-07-05,-0.001794878499637252,-0.0017948784996372202
Combined Minimum Variance + VADER,2023-07-06,-0.009006447321342445,-0.009006447321342481
Combined Minimum Variance + VADER,2023-07-07,-0.012363310777935621,-0.012363310777935621
Combined Minimum Variance + VADER,2023-07-10,0.0046555407033148115,0.004655540703314864
Combined Minimum Variance + VADER,2023-07-11,0.01249200691526848,0.012492006915268528
Combined Minimum Variance + VADER,2023-07-12,0.0009052102463072494,0.0009052102463071865
Combined Minimum Variance + VADER,2023-07-13,0.00145452329622648,0.0014545232962264176
Combined Minimum Variance + VADER,2023-07-14,0.00543078178599179,0.005430781785991767
Combined Minimum Variance + VADER,2023-07-17,-0.004050900088498583,-0.004050900088498621
Combined Minimum Variance + VADER,2023-07-18,0.0039534821252016185,0.003953482125201635
Combined Minimum Variance + VADER,2023-07-19,0.0037359595067819923,0.0037359595067820717
Combined Minimum Variance + VADER,2023-07-20,0.009795404414416372,0.009795404414416398
Combined Minimum Variance + VADER,2023-07-21,0.007382213463579119,0.007382213463579035
Combined Minimum Variance + VADER,2023-07-24,-0.00357006146738576,-0.00357006146738581
Combined Minimum Variance + VADER,2023-07-25,0.0018162557343896243,0.0018162557343897046
Combined Minimum Variance + VADER,2023-07-26,0.0033423362647284926,0.0033423362647284627
Combined Minimum Variance + VADER,2023-07-27,-0.0028982179648067413,-0.0028982179648067152
Combined Minimum Variance + VADER,2023-07-28,0.005239900819398628,0.005239900819398624
Combined Minimum Variance + VADER,2023-07-31,-0.0028794637472233423,-0.0028794637472233653
Combined Minimum Variance + VADER,2023-08-01,-0.007222819417861422,-0.007310368769539499
Combined Minimum Variance + VADER,2023-08-02,-0.008431814578090308,-0.00843181457809028
Combined Minimum Variance + VADER,2023-08-03,-0.0038888331202426257,-0.003888833120242574
Combined Minimum Variance + VADER,2023-08-04,0.0023768137256684895,0.0023768137256685584
Combined Minimum Variance + VADER,2023-08-07,0.013974037923576795,0.013974037923576876
Combined Minimum Variance + VADER,2023-08-08,-0.004821258905132272,-0.004821258905132297
Combined Minimum Variance + VADER,2023-08-09,0.0015179898453713569,0.0015179898453714369
Combined Minimum Variance + VADER,2023-08-10,-0.0005850257243650383,-0.0005850257243650292
Combined Minimum Variance + VADER,2023-08-11,0.004679330457295969,0.0046793304572960714
Combined Minimum Variance + VADER,2023-08-14,-0.0019959567631290752,-0.0019959567631290254
Combined Minimum Variance + VADER,2023-08-15,-0.006647040175750233,-0.006647040175750241
Combined Minimum Variance + VADER,2023-08-16,-0.0064811572493283405,-0.006481157249328295
Combined Minimum Variance + VADER,2023-08-17,-0.011532818702313515,-0.011532818702313485
Combined Minimum Variance + VADER,2023-08-18,0.0005493580905509708,0.0005493580905508999
Combined Minimum Variance + VADER,2023-08-21,-0.0006044973116336788,-0.0006044973116337005
Combined Minimum Variance + VADER,2023-08-22,-0.0022608220535575195,-0.0022608220535574874
Combined Minimum Variance + VADER,2023-08-23,0.008801586923613094,0.008801586923613103
Combined Minimum Variance + VADER,2023-08-24,-0.008205297917596712,-0.008205297917596721
Combined Minimum Variance + VADER,2023-08-25,0.003331597786346042,0.0033315977863459523
Combined Minimum Variance + VADER,2023-08-28,0.00497325310062827,0.00497325310062835
Combined Minimum Variance + VADER,2023-08-29,0.008868030739298765,0.00886803073929876
Combined Minimum Variance + VADER,2023-08-30,0.00034219636912514805,0.0003421963691252472
Combined Minimum Variance + VADER,2023-08-31,-0.006243244459664848,-0.006243244459664843
Combined Minimum Variance + VADER,2023-09-01,-0.002177586896422397,-0.0023185750268954752
Combined Minimum Variance + VADER,2023-09-05,-0.01049997975370571,-0.010499979753705757
Combined Minimum Variance + VADER,2023-09-06,0.00016170481887988424,0.00016170481887978205
Combined Minimum Variance + VADER,2023-09-07,0.006521085204158703,0.0065210852041586165
Combined Minimum Variance + VADER,2023-09-08,0.0037719061757735158,0.0037719061757734984
Combined Minimum Variance + VADER,2023-09-11,0.005107849112245819,0.005107849112245821
Combined Minimum Variance + VADER,2023-09-12,-0.00274895402478011,-0.002748954024780148
Combined Minimum Variance + VADER,2023-09-13,0.0032939159692125424,0.0032939159692124687
Combined Minimum Variance + VADER,2023-09-14,0.009605157666262062,0.009605157666262132
Combined Minimum Variance + VADER,2023-09-15,-0.004745101668740343,-0.004745101668740315
Combined Minimum Variance + VADER,2023-09-18,-0.00032698053196729497,-0.0003269805319673358
Combined Minimum Variance + VADER,2023-09-19,-0.0006209316535209844,-0.0006209316535209508
Combined Minimum Variance + VADER,2023-09-20,0.0037105384217052347,0.0037105384217053228
Combined Minimum Variance + VADER,2023-09-21,-0.01143050053418489,-0.011430500534184929
Combined Minimum Variance + VADER,2023-09-22,0.0002384776157883961,0.00023847761578843496
Combined Minimum Variance + VADER,2023-09-25,0.0003082963720543258,0.0003082963720544285
Combined Minimum Variance + VADER,2023-09-26,-0.006726957006933808,-0.00672695700693382
Combined Minimum Variance + VADER,2023-09-27,-0.01064467133304229,-0.010644671333042255
Combined Minimum Variance + VADER,2023-09-28,0.0013126786078295652,0.001312678607829465
Combined Minimum Variance + VADER,2023-09-29,-0.008088709733403006,-0.008088709733403032
Combined Minimum Variance + VADER,2023-10-02,-0.007113782211208694,-0.007228720899121632
Combined Minimum Variance + VADER,2023-10-03,-0.007592513059870659,-0.007592513059870631
Combined Minimum Variance + VADER,2023-10-04,0.009076744690358674,0.009076744690358574
Combined Minimum Variance + VADER,2023-10-05,-0.005044053007694854,-0.0050440530076948376
Combined Minimum Variance + VADER,2023-10-06,0.0011554110403390434,0.001155411040339116
Combined Minimum Variance + VADER,2023-10-09,0.003356303073729783,0.003356303073729805
Combined Minimum Variance + VADER,2023-10-10,0.013133179938023244,0.01313317993802321
Combined Minimum Variance + VADER,2023-10-11,0.005109483630826921,0.005109483630826972
Combined Minimum Variance + VADER,2023-10-12,-0.00019320136995662566,-0.0001932013699565971
Combined Minimum Variance + VADER,2023-10-13,0.003884094473678345,0.0038840944736784344
Combined Minimum Variance + VADER,2023-10-16,0.00810971040127432,0.008109710401274395
Combined Minimum Variance + VADER,2023-10-17,0.005099647160438541,0.005099647160438536
Combined Minimum Variance + VADER,2023-10-18,-0.007032902179334947,-0.007032902179334943
Combined Minimum Variance + VADER,2023-10-19,-0.007753869442355756,-0.0077538694423557875
Combined Minimum Variance + VADER,2023-10-20,-0.005620882822347301,-0.005620882822347295
Combined Minimum Variance + VADER,2023-10-23,-0.0001516920776606361,-0.00015169207766063675
Combined Minimum Variance + VADER,2023-10-24,0.012356679992080241,0.012356679992080233
Combined Minimum Variance + VADER,2023-10-25,-0.007078935100979138,-0.007078935100979122
Combined Minimum Variance + VADER,2023-10-26,-0.004792733742242013,-0.0047927337422419836
Combined Minimum Variance + VADER,2023-10-27,-0.009788180216516732,-0.009788180216516729
Combined Minimum Variance + VADER,2023-10-30,0.008605836799209754,0.008605836799209676
Combined Minimum Variance + VADER,2023-10-31,0.004970381364706981,0.004970381364707066
Combined Minimum Variance + VADER,2023-11-01,0.005323561814455119,0.0051866055584488535
Combined Minimum Variance + VADER,2023-11-02,0.010908691339508617,0.01090869133950867
Combined Minimum Variance + VADER,2023-11-03,0.0013548437829773194,0.001354843782977344
Combined Minimum Variance + VADER,2023-11-06,-0.0038720911734680162,-0.003872091173467984
Combined Minimum Variance + VADER,2023-11-07,0.001973485693042911,0.001973485693042898
Combined Minimum Variance + VADER,2023-11-08,-0.0031708617857085374,-0.0031708617857085786
Combined Minimum Variance + VADER,2023-11-09,-0.009645549166667657,-0.00964554916666771
Combined Minimum Variance + VADER,2023-11-10,0.006406995995241423,0.006406995995241527
Combined Minimum Variance + VADER,2023-11-13,0.00441842109395415,0.0044184210939541835
Combined Minimum Variance + VADER,2023-11-14,0.008437308498902663,0.008437308498902674
Combined Minimum Variance + VADER,2023-11-15,0.0053777589040891445,0.005377758904089092
Combined Minimum Variance + VADER,2023-11-16,-0.021880511170723715,-0.02188051117072376
Combined Minimum Variance + VADER,2023-11-17,-0.0020386662544141496,-0.0020386662544141787
Combined Minimum Variance + VADER,2023-11-20,0.003323952145020501,0.00332395214502057
Combined Minimum Variance + VADER,2023-11-21,0.003146389727826895,0.0031463897278269926
Combined Minimum Variance + VADER,2023-11-22,-0.0015758845842027537,-0.0015758845842027691
Combined Minimum Variance + VADER,2023-11-24,0.004208029149585919,0.004208029149585846
Combined Minimum Variance + VADER,2023-11-27,0.0034694491883316483,0.003469449188331586
Combined Minimum Variance + VADER,2023-11-28,0.005443003973986824,0.005443003973986782
Combined Minimum Variance + VADER,2023-11-29,-0.0021541909995930254,-0.0021541909995930197
Combined Minimum Variance + VADER,2023-11-30,0.008787635969383001,0.008787635969383034
Combined Minimum Variance + VADER,2023-12-01,0.00569953683815717,0.005590135224220694
Combined Minimum Variance + VADER,2023-12-04,0.004282764408805827,0.004282764408805928
Combined Minimum Variance + VADER,2023-12-05,0.004286768849601093,0.004286768849601108
Combined Minimum Variance + VADER,2023-12-06,-0.001530350148543172,-0.0015303501485431914
Combined Minimum Variance + VADER,2023-12-07,-0.0046497392408688856,-0.0046497392408688665
Combined Minimum Variance + VADER,2023-12-08,-0.00029618110953192977,-0.00029618110953189003
Combined Minimum Variance + VADER,2023-12-11,0.003297421812577269,0.003297421812577195
Combined Minimum Variance + VADER,2023-12-12,0.0036381407792355743,0.0036381407792356324
Combined Minimum Variance + VADER,2023-12-13,0.02095255911478581,0.020952559114785885
Combined Minimum Variance + VADER,2023-12-14,0.0003980914008126843,0.00039809140081259464
Combined Minimum Variance + VADER,2023-12-15,-0.006639541238062875,-0.006639541238062874
Combined Minimum Variance + VADER,2023-12-18,0.0019160921039319966,0.0019160921039320655
Combined Minimum Variance + VADER,2023-12-19,0.004220653422714851,0.004220653422714937
Combined Minimum Variance + VADER,2023-12-20,-0.013157801095811873,-0.013157801095811883
Combined Minimum Variance + VADER,2023-12-21,0.008311958322373423,0.008311958322373414
Combined Minimum Variance + VADER,2023-12-22,0.009836613244738484,0.009836613244738501
Combined Minimum Variance + VADER,2023-12-26,0.0003210973566614578,0.00032109735666141503
Combined Minimum Variance + VADER,2023-12-27,0.0036483249147540434,0.0036483249147540864
Combined Minimum Variance + VADER,2023-12-28,0.001992184046866103,0.0019921840468661856
Combined Minimum Variance + VADER,2023-12-29,-0.00013624285203150838,-0.00013624285203150954
Combined Minimum Variance + finVADER,2023-01-03,0.005063992486247769,0.00506399248624767
Combined Minimum Variance + finVADER,2023-01-04,0.009390385524748796,0.009390385524748801
Combined Minimum Variance + finVADER,2023-01-05,-0.0014387742058291264,-0.001438774205829163
Combined Minimum Variance + finVADER,2023-01-06,0.017160595624486612,0.017160595624486685
Combined Minimum Variance + finVADER,2023-01-09,-0.01757607536737144,-0.01757607536737149
Combined Minimum Variance + finVADER,2023-01-10,0.0026538537071143526,0.002653853707114351
Combined Minimum Variance + finVADER,2023-01-11,0.004330624168320654,0.004330624168320751
Combined Minimum Variance + finVADER,2023-01-12,-0.00491956412325653,-0.004919564123256559
Combined Minimum Variance + finVADER,2023-01-13,0.00298738080937719,0.002987380809377216
Combined Minimum Variance + finVADER,2023-01-17,-0.010134180225388506,-0.010134180225388478
Combined Minimum Variance + finVADER,2023-01-18,-0.01962063388301851,-0.01962063388301849
Combined Minimum Variance + finVADER,2023-01-19,-0.0038917657293144683,-0.003891765729314489
Combined Minimum Variance + finVADER,2023-01-20,0.008585837019442618,0.00858583701944271
Combined Minimum Variance + finVADER,2023-01-23,0.006822612324682564,0.00682261232468262
Combined Minimum Variance + finVADER,2023-01-24,-0.0050075217625412125,-0.005007521762541267
Combined Minimum Variance + finVADER,2023-01-25,-0.00027256749813803677,-0.00027256749813808767
Combined Minimum Variance + finVADER,2023-01-26,-0.0024966324783183814,-0.002496632478318328
Combined Minimum Variance + finVADER,2023-01-27,-0.0006524932011097819,-0.0006524932011098272
Combined Minimum Variance + finVADER,2023-01-30,-0.003695778520701718,-0.003695778520701687
Combined Minimum Variance + finVADER,2023-01-31,0.011297332044668706,0.011297332044668762
Combined Minimum Variance + finVADER,2023-02-01,-0.004750311847119253,-0.0048153024060785254
Combined Minimum Variance + finVADER,2023-02-02,-0.012975140504022644,-0.012975140504022598
Combined Minimum Variance + finVADER,2023-02-03,-0.006359111703457424,-0.006359111703457376
Combined Minimum Variance + finVADER,2023-02-06,-0.002540048079268194,-0.00254004807926822
Combined Minimum Variance + finVADER,2023-02-07,0.007051627415351914,0.007051627415351813
Combined Minimum Variance + finVADER,2023-02-08,-0.004265655280498939,-0.004265655280498937
Combined Minimum Variance + finVADER,2023-02-09,0.0021012848215339634,0.002101284821534044
Combined Minimum Variance + finVADER,2023-02-10,0.012514072578304282,0.012514072578304392
Combined Minimum Variance + finVADER,2023-02-13,0.010935729952165043,0.010935729952165074
Combined Minimum Variance + finVADER,2023-02-14,-0.010089614296350918,-0.010089614296350913
Combined Minimum Variance + finVADER,2023-02-15,-0.0019202504781395222,-0.0019202504781394847
Combined Minimum Variance + finVADER,2023-02-16,-0.012786595989805237,-0.01278659598980525
Combined Minimum Variance + finVADER,2023-02-17,0.012534303932810522,0.01253430393281052
Combined Minimum Variance + finVADER,2023-02-21,-0.002336911603650748,-0.002336911603650793
Combined Minimum Variance + finVADER,2023-02-22,-0.009673620123658721,-0.009673620123658688
Combined Minimum Variance + finVADER,2023-02-23,-0.0008759890355856207,-0.0008759890355856115
Combined Minimum Variance + finVADER,2023-02-24,-0.006392849294266189,-0.006392849294266201
Combined Minimum Variance + finVADER,2023-02-27,0.0009458027254625192,0.000945802725462519
Combined Minimum Variance + finVADER,2023-02-28,-0.004807448558818276,-0.004807448558818317
Combined Minimum Variance + finVADER,2023-03-01,-0.003055042620047648,-0.003121848283877182
Combined Minimum Variance + finVADER,2023-03-02,0.006326132384591954,0.006326132384592009
Combined Minimum Variance + finVADER,2023-03-03,0.006276342710456343,0.006276342710456406
Combined Minimum Variance + finVADER,2023-03-06,0.006008329960533016,0.00600832996053291
Combined Minimum Variance + finVADER,2023-03-07,-0.01026614623440374,-0.010266146234403695
Combined Minimum Variance + finVADER,2023-03-08,-0.008513938995586848,-0.008513938995586834
Combined Minimum Variance + finVADER,2023-03-09,-0.011689882073127978,-0.011689882073127933
Combined Minimum Variance + finVADER,2023-03-10,-0.002757767362639916,-0.0027577673626398846
Combined Minimum Variance + finVADER,2023-03-13,0.006606259679645213,0.006606259679645232
Combined Minimum Variance + finVADER,2023-03-14,0.009131971295189618,0.009131971295189611
Combined Minimum Variance + finVADER,2023-03-15,0.005445573739686396,0.005445573739686349
Combined Minimum Variance + finVADER,2023-03-16,0.004561855212856958,0.004561855212857013
Combined Minimum Variance + finVADER,2023-03-17,-0.004600390480150153,-0.004600390480150152
Combined Minimum Variance + finVADER,2023-03-20,0.010435099008341586,0.010435099008341497
Combined Minimum Variance + finVADER,2023-03-21,-0.0014158409706874174,-0.0014158409706873654
Combined Minimum Variance + finVADER,2023-03-22,-0.012979876700195812,-0.012979876700195847
Combined Minimum Variance + finVADER,2023-03-23,0.009022607903773077,0.009022607903773183
Combined Minimum Variance + finVADER,2023-03-24,0.012859251888630973,0.012859251888631018
Combined Minimum Variance + finVADER,2023-03-27,0.00603397519193486,0.006033975191934937
Combined Minimum Variance + finVADER,2023-03-28,-0.002141332120234274,-0.0021413321202342628
Combined Minimum Variance + finVADER,2023-03-29,0.004431818221498343,0.004431818221498407
Combined Minimum Variance + finVADER,2023-03-30,0.004942339492904693,0.004942339492904679
Combined Minimum Variance + finVADER,2023-03-31,0.011205090105257212,0.011205090105257165
Combined Minimum Variance + finVADER,2023-04-03,0.008197870120918185,0.008109240094785086
Combined Minimum Variance + finVADER,2023-04-04,-0.002226705422114177,-0.002226705422114228
Combined Minimum Variance + finVADER,2023-04-05,0.011893049166013978,0.01189304916601408
Combined Minimum Variance + finVADER,2023-04-06,0.002014352896297686,0.0020143528962976998
Combined Minimum Variance + finVADER,2023-04-10,-8.295665811960201e-05,-8.295665811963726e-05
Combined Minimum Variance + finVADER,2023-04-11,0.0005690135750979651,0.0005690135750979763
Combined Minimum Variance + finVADER,2023-04-12,0.0008100573110322044,0.0008100573110321196
Combined Minimum Variance + finVADER,2023-04-13,0.008208578618738941,0.008208578618738915
Combined Minimum Variance + finVADER,2023-04-14,-0.006199474495589185,-0.006199474495589219
Combined Minimum Variance + finVADER,2023-04-17,0.0037309068966021462,0.0037309068966020487
Combined Minimum Variance + finVADER,2023-04-18,-0.0014198687290807742,-0.001419868729080731
Combined Minimum Variance + finVADER,2023-04-19,0.000913458614809012,0.0009134586148089596
Combined Minimum Variance + finVADER,2023-04-20,0.000557249704102391,0.0005572497041024249
Combined Minimum Variance + finVADER,2023-04-21,0.0066111145203111505,0.0066111145203111565
Combined Minimum Variance + finVADER,2023-04-24,0.004559654360428023,0.004559654360428045
Combined Minimum Variance + finVADER,2023-04-25,-0.003029961470209402,-0.003029961470209397
Combined Minimum Variance + finVADER,2023-04-26,-0.016264019248644856,-0.016264019248644845
Combined Minimum Variance + finVADER,2023-04-27,-0.00904285807791737,-0.009042858077917382
Combined Minimum Variance + finVADER,2023-04-28,0.00330589685914447,0.003305896859144397
Combined Minimum Variance + finVADER,2023-05-01,0.002282438040334333,0.0022372106723862473
Combined Minimum Variance + finVADER,2023-05-02,-0.006054112063967402,-0.006054112063967443
Combined Minimum Variance + finVADER,2023-05-03,-0.00729323237266202,-0.007293232372661995
Combined Minimum Variance + finVADER,2023-05-04,-0.0010368379698353991,-0.0010368379698354468
Combined Minimum Variance + finVADER,2023-05-05,0.008102551783701308,0.008102551783701228
Combined Minimum Variance + finVADER,2023-05-08,-0.0008738389283108238,-0.0008738389283108328
Combined Minimum Variance + finVADER,2023-05-09,-0.002978780284260322,-0.0029787802842603517
Combined Minimum Variance + finVADER,2023-05-10,-0.002340259307650374,-0.002340259307650361
Combined Minimum Variance + finVADER,2023-05-11,-0.0016740855480144243,-0.0016740855480144035
Combined Minimum Variance + finVADER,2023-05-12,-0.00011011889846725549,-0.00011011889846723744
Combined Minimum Variance + finVADER,2023-05-15,-0.0017686540960928816,-0.0017686540960928365
Combined Minimum Variance + finVADER,2023-05-16,-0.014137271103569165,-0.014137271103569216
Combined Minimum Variance + finVADER,2023-05-17,2.2021570463156762e-05,2.202157046315989e-05
Combined Minimum Variance + finVADER,2023-05-18,0.0028508510158470777,0.0028508510158471445
Combined Minimum Variance + finVADER,2023-05-19,0.0010078589697609954,0.0010078589697610774
Combined Minimum Variance + finVADER,2023-05-22,-0.004214965578028204,-0.004214965578028251
Combined Minimum Variance + finVADER,2023-05-23,-0.006647651624249272,-0.0066476516242492956
Combined Minimum Variance + finVADER,2023-05-24,-0.006612060858538866,-0.006612060858538826
Combined Minimum Variance + finVADER,2023-05-25,-0.011664521202332962,-0.011664521202332967
Combined Minimum Variance + finVADER,2023-05-26,-0.0001810986236782427,-0.00018109862367821083
Combined Minimum Variance + finVADER,2023-05-30,-0.00602184070365616,-0.006021840703656189
Combined Minimum Variance + finVADER,2023-05-31,0.004324711549155926,0.004324711549156035
Combined Minimum Variance + finVADER,2023-06-01,0.003861150641763137,0.003772061553742878
Combined Minimum Variance + finVADER,2023-06-02,0.013210881948296983,0.013210881948297004
Combined Minimum Variance + finVADER,2023-06-05,-0.0010566630365840906,-0.0010566630365841378
Combined Minimum Variance + finVADER,2023-06-06,-0.008671016611922076,-0.008671016611922044
Combined Minimum Variance + finVADER,2023-06-07,0.00012914155704514738,0.00012914155704524255
Combined Minimum Variance + finVADER,2023-06-08,0.011237375063902157,0.0112373750639021
Combined Minimum Variance + finVADER,2023-06-09,-0.0005476109295619871,-0.0005476109295620146
Combined Minimum Variance + finVADER,2023-06-12,0.0017840038275631865,0.0017840038275631631
Combined Minimum Variance + finVADER,2023-06-13,0.006247452968745703,0.006247452968745737
Combined Minimum Variance + finVADER,2023-06-14,9.86861315187354e-05,9.86861315186438e-05
Combined Minimum Variance + finVADER,2023-06-15,0.008352327432447224,0.008352327432447293
Combined Minimum Variance + finVADER,2023-06-16,0.001520297341467877,0.0015202973414678578
Combined Minimum Variance + finVADER,2023-06-20,-0.0072460881842131295,-0.007246088184213129
Combined Minimum Variance + finVADER,2023-06-21,-0.0009735341829444147,-0.0009735341829444355
Combined Minimum Variance + finVADER,2023-06-22,0.00641646971286701,0.006416469712867023
Combined Minimum Variance + finVADER,2023-06-23,-0.002968877333910807,-0.0029688773339108243
Combined Minimum Variance + finVADER,2023-06-26,0.00029543335153401853,0.0002954333515339247
Combined Minimum Variance + finVADER,2023-06-27,-0.0007768122460725934,-0.0007768122460726223
Combined Minimum Variance + finVADER,2023-06-28,-0.004255478540634701,-0.004255478540634683
Combined Minimum Variance + finVADER,2023-06-29,0.0021710303362063466,0.0021710303362063588
Combined Minimum Variance + finVADER,2023-06-30,0.013281978022352255,0.013281978022352314
Combined Minimum Variance + finVADER,2023-07-03,0.0040235996887238125,0.003946508243440228
Combined Minimum Variance + finVADER,2023-07-05,-0.0018781300969713153,-0.0018781300969713532
Combined Minimum Variance + finVADER,2023-07-06,-0.008346510207966859,-0.00834651020796684
Combined Minimum Variance + finVADER,2023-07-07,-0.012754384859256706,-0.012754384859256729
Combined Minimum Variance + finVADER,2023-07-10,0.005268438754289014,0.005268438754288951
Combined Minimum Variance + finVADER,2023-07-11,0.01138074712924138,0.011380747129241309
Combined Minimum Variance + finVADER,2023-07-12,0.001609851312677079,0.0016098513126769909
Combined Minimum Variance + finVADER,2023-07-13,0.0007087025800849635,0.00070870258008493
Combined Minimum Variance + finVADER,2023-07-14,0.004532250546723893,0.004532250546723793
Combined Minimum Variance + finVADER,2023-07-17,-0.0044965672701654195,-0.0044965672701654524
Combined Minimum Variance + finVADER,2023-07-18,0.0034615027815773354,0.003461502781577419
Combined Minimum Variance + finVADER,2023-07-19,0.004340461521153448,0.004340461521153527
Combined Minimum Variance + finVADER,2023-07-20,0.008891489989935102,0.008891489989935053
Combined Minimum Variance + finVADER,2023-07-21,0.007438925983146095,0.007438925983145994
Combined Minimum Variance + finVADER,2023-07-24,-0.0028456466825048663,-0.0028456466825048654
Combined Minimum Variance + finVADER,2023-07-25,-1.502874638290431e-05,-1.5028746382927949e-05
Combined Minimum Variance + finVADER,2023-07-26,0.0023525764069639655,0.0023525764069640687
Combined Minimum Variance + finVADER,2023-07-27,-0.0032389263885284924,-0.003238926388528518
Combined Minimum Variance + finVADER,2023-07-28,0.004984046790760124,0.004984046790760033
Combined Minimum Variance + finVADER,2023-07-31,-0.002458883362161909,-0.0024588833621619344
Combined Minimum Variance + finVADER,2023-08-01,-0.0073319948513396,-0.00739488143064293
Combined Minimum Variance + finVADER,2023-08-02,-0.01164893230920192,-0.011648932309201943
Combined Minimum Variance + finVADER,2023-08-03,-0.004258894425815308,-0.004258894425815285
Combined Minimum Variance + finVADER,2023-08-04,-0.004403310476660027,-0.004403310476659983
Combined Minimum Variance + finVADER,2023-08-07,0.011796879167262887,0.011796879167262908
Combined Minimum Variance + finVADER,2023-08-08,-0.004342109946831902,-0.004342109946831929
Combined Minimum Variance + finVADER,2023-08-09,0.0005992220719009025,0.0005992220719008845
Combined Minimum Variance + finVADER,2023-08-10,-0.0006687755639404125,-0.0006687755639404047
Combined Minimum Variance + finVADER,2023-08-11,0.005809636895965429,0.005809636895965475
Combined Minimum Variance + finVADER,2023-08-14,-0.0010746536674737437,-0.001074653667473724
Combined Minimum Variance + finVADER,2023-08-15,-0.0074427294617760015,-0.007442729461776043
Combined Minimum Variance + finVADER,2023-08-16,-0.0038305023536353514,-0.0038305023536353566
Combined Minimum Variance + finVADER,2023-08-17,-0.009795782112269917,-0.009795782112269946
Combined Minimum Variance + finVADER,2023-08-18,0.00225364232869884,0.002253642328698735
Combined Minimum Variance + finVADER,2023-08-21,-0.0008192395163757252,-0.0008192395163757471
Combined Minimum Variance + finVADER,2023-08-22,-0.004121994364892715,-0.004121994364892689
Combined Minimum Variance + finVADER,2023-08-23,0.011895190986083385,0.011895190986083382
Combined Minimum Variance + finVADER,2023-08-24,-0.009032502354361883,-0.009032502354361926
Combined Minimum Variance + finVADER,2023-08-25,0.003232892393758749,0.0032328923937587906
Combined Minimum Variance + finVADER,2023-08-28,0.004414969980193938,0.004414969980193861
Combined Minimum Variance + finVADER,2023-08-29,0.007640984548759124,0.0076409845487590555
Combined Minimum Variance + finVADER,2023-08-30,0.0013947596758751087,0.0013947596758752123
Combined Minimum Variance + finVADER,2023-08-31,-0.004816698765927205,-0.004816698765927163
Combined Minimum Variance + finVADER,2023-09-01,-0.0011083693518822416,-0.001199837996089137
Combined Minimum Variance + finVADER,2023-09-05,-0.013060899259857258,-0.013060899259857206
Combined Minimum Variance + finVADER,2023-09-06,-0.0022111336885103907,-0.002211133688510336
Combined Minimum Variance + finVADER,2023-09-07,0.0064830732525470855,0.006483073252547156
Combined Minimum Variance + finVADER,2023-09-08,0.005226400438012716,0.005226400438012702
Combined Minimum Variance + finVADER,2023-09-11,0.004815647935037767,0.004815647935037859
Combined Minimum Variance + finVADER,2023-09-12,-0.002627617706836834,-0.002627617706836838
Combined Minimum Variance + finVADER,2023-09-13,0.00013452879018682778,0.0001345287901868275
Combined Minimum Variance + finVADER,2023-09-14,0.009731363044739677,0.00973136304473976
Combined Minimum Variance + finVADER,2023-09-15,-0.005890362606362804,-0.005890362606362776
Combined Minimum Variance + finVADER,2023-09-18,2.2206672754318634e-05,2.2206672754210288e-05
Combined Minimum Variance + finVADER,2023-09-19,-0.0011498524614017454,-0.001149852461401757
Combined Minimum Variance + finVADER,2023-09-20,0.0022957407448908566,0.0022957407448909173
Combined Minimum Variance + finVADER,2023-09-21,-0.011378895179144548,-0.011378895179144588
Combined Minimum Variance + finVADER,2023-09-22,-0.00031755089739814076,-0.00031755089739815556
Combined Minimum Variance + finVADER,2023-09-25,-0.0018554970229863615,-0.0018554970229863743
Combined Minimum Variance + finVADER,2023-09-26,-0.0056108014368227216,-0.005610801436822688
Combined Minimum Variance + finVADER,2023-09-27,-0.009903144574046799,-0.00990314457404684
Combined Minimum Variance + finVADER,2023-09-28,0.0011095604281047635,0.0011095604281048388
Combined Minimum Variance + finVADER,2023-09-29,-0.008121273231185668,-0.008121273231185722
Combined Minimum Variance + finVADER,2023-10-02,-0.008485676291388264,-0.008598402359191515
Combined Minimum Variance + finVADER,2023-10-03,-0.008040039055684355,-0.0080400390556844
Combined Minimum Variance + finVADER,2023-10-04,0.008292786089567008,0.008292786089566961
Combined Minimum Variance + finVADER,2023-10-05,-0.005460886274365457,-0.005460886274365473
Combined Minimum Variance + finVADER,2023-10-06,0.002326167691158907,0.002326167691159009
Combined Minimum Variance + finVADER,2023-10-09,0.0031829367596073383,0.0031829367596072355
Combined Minimum Variance + finVADER,2023-10-10,0.011603944434197646,0.011603944434197544
Combined Minimum Variance + finVADER,2023-10-11,0.004344373964865566,0.004344373964865644
Combined Minimum Variance + finVADER,2023-10-12,-0.0022021451966038217,-0.0022021451966037775
Combined Minimum Variance + finVADER,2023-10-13,0.003982745534065148,0.00398274553406508
Combined Minimum Variance + finVADER,2023-10-16,0.008352802443214812,0.008352802443214902
Combined Minimum Variance + finVADER,2023-10-17,0.006382797427585654,0.006382797427585629
Combined Minimum Variance + finVADER,2023-10-18,-0.007586148436354546,-0.007586148436354523
Combined Minimum Variance + finVADER,2023-10-19,-0.008186606967081535,-0.008186606967081511
Combined Minimum Variance + finVADER,2023-10-20,-0.004210203766634743,-0.004210203766634724
Combined Minimum Variance + finVADER,2023-10-23,-0.001351463079330419,-0.0013514630793304283
Combined Minimum Variance + finVADER,2023-10-24,0.012458116874316404,0.012458116874316305
Combined Minimum Variance + finVADER,2023-10-25,-0.006560915582425169,-0.00656091558242522
Combined Minimum Variance + finVADER,2023-10-26,-0.0031154519468700806,-0.003115451946870129
Combined Minimum Variance + finVADER,2023-10-27,-0.011583725598627335,-0.011583725598627304
Combined Minimum Variance + finVADER,2023-10-30,0.01029276407500149,0.01029276407500146
Combined Minimum Variance + finVADER,2023-10-31,0.0033258494141038294,0.003325849414103743
Combined Minimum Variance + finVADER,2023-11-01,0.006432213666478917,0.006352937631260325
Combined Minimum Variance + finVADER,2023-11-02,0.011341320366715157,0.011341320366715202
Combined Minimum Variance + finVADER,2023-11-03,0.0020188176264571327,0.002018817626457059
Combined Minimum Variance + finVADER,2023-11-06,-0.003797766042431471,-0.0037977660424314275
Combined Minimum Variance + finVADER,2023-11-07,0.0009761928375902846,0.0009761928375902063
Combined Minimum Variance + finVADER,2023-11-08,-0.00595850147157219,-0.005958501471572175
Combined Minimum Variance + finVADER,2023-11-09,-0.012292544905179463,-0.012292544905179503
Combined Minimum Variance + finVADER,2023-11-10,0.0066374986510101324,0.006637498651010043
Combined Minimum Variance + finVADER,2023-11-13,0.0027577390177433206,0.0027577390177433436
Combined Minimum Variance + finVADER,2023-11-14,0.008237119646008983,0.008237119646008928
Combined Minimum Variance + finVADER,2023-11-15,0.005408513194904616,0.005408513194904652
Combined Minimum Variance + finVADER,2023-11-16,-0.01911484920911289,-0.019114849209112883
Combined Minimum Variance + finVADER,2023-11-17,-0.0007565655645505588,-0.0007565655645505043
Combined Minimum Variance + finVADER,2023-11-20,0.003422333236634398,0.003422333236634323
Combined Minimum Variance + finVADER,2023-11-21,0.0010993005860252176,0.0010993005860251426
Combined Minimum Variance + finVADER,2023-11-22,0.00026970120111214794,0.000269701201112138
Combined Minimum Variance + finVADER,2023-11-24,0.003409886553369093,0.003409886553369157
Combined Minimum Variance + finVADER,2023-11-27,0.002678352558224335,0.0026783525582243506
Combined Minimum Variance + finVADER,2023-11-28,0.004479313164535492,0.004479313164535537
Combined Minimum Variance + finVADER,2023-11-29,-0.001066219913361671,-0.0010662199133616435
Combined Minimum Variance + finVADER,2023-11-30,0.009558468346482503,0.00955846834648244
Combined Minimum Variance + finVADER,2023-12-01,0.0046190335117448226,0.004567208003762424
Combined Minimum Variance + finVADER,2023-12-04,0.005108894992673945,0.0051088949926738625
Combined Minimum Variance + finVADER,2023-12-05,0.0029660432587085323,0.0029660432587086394
Combined Minimum Variance + finVADER,2023-12-06,-0.001537358466555991,-0.0015373584665560047
Combined Minimum Variance + finVADER,2023-12-07,-0.0036316536033106214,-0.003631653603310636
Combined Minimum Variance + finVADER,2023-12-08,-0.0011603333080579814,-0.0011603333080579814
Combined Minimum Variance + finVADER,2023-12-11,0.003095442483179724,0.0030954424831797223
Combined Minimum Variance + finVADER,2023-12-12,0.002563869574048772,0.0025638695740488604
Combined Minimum Variance + finVADER,2023-12-13,0.0202256526894769,0.020225652689476847
Combined Minimum Variance + finVADER,2023-12-14,0.0010279932005968278,0.0010279932005967662
Combined Minimum Variance + finVADER,2023-12-15,-0.005283059894333479,-0.0052830598943335305
Combined Minimum Variance + finVADER,2023-12-18,0.0020461179579960896,0.00204611795799603
Combined Minimum Variance + finVADER,2023-12-19,0.004135553636027666,0.004135553636027689
Combined Minimum Variance + finVADER,2023-12-20,-0.013970790574609393,-0.01397079057460937
Combined Minimum Variance + finVADER,2023-12-21,0.00861936509301764,0.00861936509301775
Combined Minimum Variance + finVADER,2023-12-22,0.009559545722119917,0.009559545722119811
Combined Minimum Variance + finVADER,2023-12-26,0.0012979025270161715,0.0012979025270161149
Combined Minimum Variance + finVADER,2023-12-27,0.004419593493613879,0.0044195934936139825
Combined Minimum Variance + finVADER,2023-12-28,0.0017241748032304298,0.0017241748032303938
Combined Minimum Variance + finVADER,2023-12-29,-0.00043618648636994803,-0.0004361864863698939
